Top pages,Clicks,Impressions,CTR,Position
https://www.entirefm.com/,126,4387,2.87%,24.71
http://www.entirefm.com/,34,1369,2.48%,9.17
https://www.entirefm.com/facilities-management-manchester,29,14599,0.2%,49.86
https://www.entirefm.com/fm-london,27,34339,0.08%,50.42
https://www.entirefm.com/fm-leeds,22,8593,0.26%,34.43
https://www.entirefm.com/fm-sheffield,19,19164,0.1%,58.24
https://www.entirefm.com/fm-birmingham,19,4985,0.38%,28.6
https://www.entirefm.com/academy,18,268,6.72%,18.84
https://www.entirefm.com/resources/compliance-calendar,15,1127,1.33%,16.78
https://entirefm.com/services/plant-room-risk-assessments,15,298,5.03%,13.64
https://www.entirefm.com/contact,13,1125,1.16%,7.18
https://entirefm.com/fm-leeds,12,7428,0.16%,35.84
https://www.entirefm.com/fm-market-report,11,878,1.25%,20.82
http://www.entirefm.com/fm-lincoln,10,645,1.55%,4.64
https://www.entirefm.com/fm-derby,9,6254,0.14%,71.84
https://www.entirefm.com/services/critical/ups-maintenance/london,8,1276,0.63%,21.6
https://www.entirefm.com/fm-lincoln,8,1200,0.67%,45.28
https://www.entirefm.com/fm-chesterfield,8,596,1.34%,50.54
https://www.entirefm.com/tools/ppm-schedule-builder,7,526,1.33%,19.44
https://www.entirefm.com/services/critical/arc-flash-assessment,6,676,0.89%,23.69
https://entirefm.com/facilities-management-manchester,5,6999,0.07%,55.38
https://entirefm.com/fm-market-report,5,358,1.4%,16.2
https://www.entirefm.com/services/critical/generator-maintenance/birmingham,5,358,1.4%,23.05
https://www.entirefm.com/locations,5,225,2.22%,31.6
https://www.entirefm.com/retail-facilities-management,4,4519,0.09%,18.91
https://www.entirefm.com/airport-facilities-management,4,2779,0.14%,15
https://www.entirefm.com/services/me-services,4,1709,0.23%,37.66
https://entirefm.com/services/critical/ups-maintenance,4,895,0.45%,42.07
https://www.entirefm.com/arena-facilities-management,4,788,0.51%,48.59
https://entirefm.com/resources/emergency-lighting-checklist,4,419,0.95%,24.42
https://www.entirefm.com/resources/emergency-lighting-checklist,4,292,1.37%,33.37
https://www.entirefm.com/facilities-management-bradford,3,1535,0.2%,34.63
https://www.entirefm.com/fm-nottingham,3,1527,0.2%,38.53
https://entirefm.com/services/critical/ups-maintenance/london,3,814,0.37%,23.18
https://www.entirefm.com/about,3,458,0.66%,20.76
https://www.entirefm.com/services/plant-room-risk-assessments,3,405,0.74%,11.87
https://www.entirefm.com/services/dry-riser-testing,3,168,1.79%,14.75
https://www.entirefm.com/careers,3,23,13.04%,6.04
https://entirefm.com/hard-services,2,5364,0.04%,48.71
https://entirefm.com/fm-sheffield,2,3814,0.05%,64.65
https://entirefm.com/services/me-services,2,1352,0.15%,30.71
https://www.entirefm.com/commercial-facilities-management,2,526,0.38%,24.4
https://entirefm.com/services/critical/ups-maintenance/leeds,2,510,0.39%,39.03
https://www.entirefm.com/resources/document-vault,2,163,1.23%,12.24
https://entirefm.com/services/critical/ups-maintenance/manchester,2,147,1.36%,57.52
https://entirefm.com/services/critical/ups-maintenance/birmingham,2,87,2.3%,17.15
https://www.entirefm.com/services/critical/thermal-imaging/leeds,2,34,5.88%,26.59
https://www.entirefm.com/services/critical/arc-flash-assessment/london,2,8,25%,25.25
https://www.entirefm.com/services/mansafe-testing,1,7372,0.01%,32
https://entirefm.com/services/mansafe-testing,1,4732,0.02%,31.86
https://www.entirefm.com/services/ppm,1,2806,0.04%,53.45
https://www.entirefm.com/industrial-facilities-management,1,2558,0.04%,29.73
https://www.entirefm.com/warehouse-facilities-management,1,1657,0.06%,57.91
https://entirefm.com/fm-birmingham,1,1474,0.07%,50.56
https://www.entirefm.com/mechanical-electrical,1,1044,0.1%,35.43
https://entirefm.com/services/water-hygiene,1,1040,0.1%,56.65
https://www.entirefm.com/services/hard-services,1,1019,0.1%,74.19
https://entirefm.com/services/hard-services,1,836,0.12%,64.25
https://entirefm.com/services/critical/generator-maintenance/lincoln,1,805,0.12%,8.77
https://www.entirefm.com/hotel-facilities-management,1,782,0.13%,40.31
https://www.entirefm.com/services/fire/nottingham,1,454,0.22%,61.32
https://www.entirefm.com/services/fire/birmingham,1,427,0.23%,48.23
https://entirefm.com/services/critical/arc-flash-assessment,1,267,0.37%,16.72
https://www.entirefm.com/services/water/chesterfield,1,245,0.41%,6.44
https://www.entirefm.com/fm-intelligence,1,235,0.43%,6.87
https://entirefm.com/warehouse-facilities-management,1,200,0.5%,56.83
https://entirefm.com/services/critical/generator-maintenance/sheffield,1,196,0.51%,26.77
https://entirefm.com/services/critical/thermal-imaging,1,176,0.57%,34.23
https://entirefm.com/fm-intelligence,1,155,0.65%,7.53
https://www.entirefm.com/services/emergency-systems,1,146,0.68%,57.23
https://www.entirefm.com/services/water/lincoln,1,69,1.45%,9.12
https://entirefm.com/resources/document-vault,1,67,1.49%,10.88
https://www.entirefm.com/services/critical/ups-maintenance/manchester,1,64,1.56%,25.7
https://www.entirefm.com/services/critical/ups-maintenance/birmingham,1,58,1.72%,39.57
https://www.entirefm.com/partners,1,54,1.85%,6.17
https://entirefm.com/resources/fgas-tracker,1,47,2.13%,7.47
https://www.entirefm.com/tools/tender-brief,1,35,2.86%,34.8
https://www.entirefm.com/tools/fm-health-check,1,16,6.25%,20.38
https://entirefm.com/services/data-centre-cooling-compliance,1,9,11.11%,5.67
https://www.entirefm.com/services/critical/arc-flash-assessment/leeds,1,9,11.11%,37.78
https://entirefm.com/tools/ppm-calculator,1,7,14.29%,8.71
https://www.entirefm.com/services/critical/thermal-imaging/derby,1,4,25%,7
https://www.entirefm.com/services/hvac/sheffield,1,3,33.33%,10.33
https://www.entirefm.com/services/soft-fm,0,2219,0%,69.49
https://www.entirefm.com/services/water-hygiene,0,1496,0%,64.28
https://entirefm.com/mechanical-electrical,0,1378,0%,39.53
https://www.entirefm.com/case-studies,0,1245,0%,8.78
https://www.entirefm.com/hard-services,0,951,0%,57.15
https://entirefm.com/services/fire/birmingham,0,915,0%,48.19
https://www.entirefm.com/services/fire-safety,0,629,0%,67.64
https://www.entirefm.com/ppm,0,544,0%,42.27
https://www.entirefm.com/services/fire/manchester,0,511,0%,53.32
https://entirefm.com/retail-facilities-management,0,497,0%,24.79
https://entirefm.com/airport-facilities-management,0,493,0%,24.24
https://entirefm.com/services/evacuation-chair-servicing,0,431,0%,42.45
https://www.entirefm.com/services/critical/ups-maintenance,0,407,0%,49.1
https://www.entirefm.com/services/fire/london,0,370,0%,57.25
https://entirefm.com/services/dry-riser-testing,0,361,0%,39.15
https://www.entirefm.com/services/rising-mains,0,350,0%,16.39
https://www.entirefm.com/facilities-management-birmingham,0,339,0%,30.79
https://www.entirefm.com/services/fire/sheffield,0,309,0%,59.61
https://www.entirefm.com/safety-critical-emergency-systems,0,301,0%,43.97
https://www.entirefm.com/services/critical/generator-maintenance/sheffield,0,252,0%,16.5
https://entirefm.com/services/critical/generator-maintenance/nottingham,0,247,0%,8.73
https://www.entirefm.com/services/critical/thermal-imaging,0,242,0%,37.91
https://entirefm.com/services/building-fabric,0,238,0%,43.07
https://www.entirefm.com/services/smart-building-io-t,0,235,0%,43.09
https://www.entirefm.com/academy/understanding-ppm,0,219,0%,9.45
https://entirefm.com/services/fire-safety,0,209,0%,57.19
https://www.entirefm.com/resources/legionella-guide,0,181,0%,44.97
https://www.entirefm.com/services/fire/lincoln,0,167,0%,42.14
https://www.entirefm.com/services/abseil-rail-certification,0,165,0%,18.22
https://entirefm.com/services/fire/london,0,163,0%,43.29
https://www.entirefm.com/services/critical/generator-maintenance/leeds,0,159,0%,11.21
https://entirefm.com/services/fire/nottingham,0,153,0%,55.4
https://www.entirefm.com/industrial-cleaning,0,153,0%,66.84
https://entirefm.com/sectors/offices,0,139,0%,38.85
https://www.entirefm.com/sectors/offices,0,138,0%,47.41
https://www.entirefm.com/services/hvac/chesterfield,0,135,0%,55.96
https://www.entirefm.com/fm-insights/what-is-statutory-maintenance,0,127,0%,17.09
https://entirefm.com/services/interceptor-maintenance,0,115,0%,45.89
https://www.entirefm.com/services/critical/thermal-imaging/manchester,0,112,0%,20.66
https://entirefm.com/locations,0,112,0%,40.21
https://entirefm.com/fm-chesterfield,0,108,0%,37.85
https://entirefm.com/services/roller-shutter-maintenance,0,96,0%,17.34
https://entirefm.com/hotel-facilities-management,0,96,0%,47.43
https://www.entirefm.com/services/critical/lightning-protection/sheffield,0,88,0%,58.1
https://entirefm.com/services/air-filtration-hepa,0,84,0%,24.93
https://www.entirefm.com/services/car-park-co-monitoring,0,84,0%,32.99
https://www.entirefm.com/sectors/retail-hospitality,0,76,0%,30.71
https://entirefm.com/sectors/industrial-logistics,0,75,0%,42.99
https://www.entirefm.com/fm-operations/ppm-delivery,0,74,0%,10.3
https://www.entirefm.com/services/critical/thermal-imaging/nottingham,0,73,0%,18.48
https://www.entirefm.com/services/critical/thermal-imaging/birmingham,0,69,0%,35.97
https://www.entirefm.com/services/emergency-lighting,0,68,0%,49.99
https://www.entirefm.com/services/fire/chesterfield,0,68,0%,51.47
https://www.entirefm.com/sectors/airports,0,66,0%,13.09
https://entirefm.com/services/staircase-pressurisation,0,63,0%,6.51
https://www.entirefm.com/services/fire/derby,0,62,0%,44.56
https://entirefm.com/services/critical/generator-maintenance/chesterfield,0,58,0%,11.12
https://entirefm.com/services/critical/generator-maintenance/manchester,0,56,0%,16.38
https://entirefm.com/locations/london,0,56,0%,38.04
https://www.entirefm.com/services/dilapidation-compliance,0,54,0%,31.31
https://entirefm.com/services/emergency-systems,0,53,0%,29.47
https://www.entirefm.com/sectors/residential-pbsa,0,52,0%,16.31
https://www.entirefm.com/services/critical/ups-maintenance/leeds,0,50,0%,31.58
https://entirefm.com/services/pump-station-servicing,0,49,0%,44.43
https://www.entirefm.com/compare,0,48,0%,7.88
https://entirefm.com/services/critical/generator-maintenance/london,0,48,0%,31.73
https://entirefm.com/services/critical/lightning-protection/sheffield,0,48,0%,58.17
https://www.entirefm.com/services/water/manchester,0,47,0%,13.77
https://entirefm.com/services/fire/manchester,0,47,0%,53.49
https://www.entirefm.com/services/critical/power-redundancy,0,42,0%,11.69
https://www.entirefm.com/sectors/hotels-leisure,0,42,0%,38.71
https://entirefm.com/services/fire/derby,0,42,0%,41.12
https://www.entirefm.com/suppliers,0,42,0%,55.38
https://www.entirefm.com/plumbing-gas,0,39,0%,47.87
https://entirefm.com/careers,0,37,0%,4.84
https://www.entirefm.com/services/gas/lincoln,0,37,0%,30.38
https://www.entirefm.com/academy/fire-safety-compliance,0,37,0%,33.11
https://www.entirefm.com/services/critical/ups-maintenance/derby,0,37,0%,37.73
https://entirefm.com/services/rising-mains,0,36,0%,6.36
https://www.entirefm.com/services/critical/power-redundancy/nottingham,0,36,0%,75
https://www.entirefm.com/building-walk,0,35,0%,17.29
https://www.entirefm.com/services/evacuation-chair-servicing,0,35,0%,26.17
https://www.entirefm.com/services/critical/ups-maintenance/sheffield,0,35,0%,29.51
https://www.entirefm.com/soft-services/waste-recycling,0,35,0%,71.43
https://entirefm.com/sectors/airports,0,33,0%,7.24
https://www.entirefm.com/services/critical/power-quality,0,32,0%,25.84
https://www.entirefm.com/services/grease-trap-maintenance,0,32,0%,40.03
https://www.entirefm.com/services/critical/thermal-imaging/london,0,31,0%,25.81
https://entirefm.com/services/critical/thermal-imaging/london,0,31,0%,40.32
https://www.entirefm.com/services/critical/lightning-protection,0,30,0%,24.9
https://entirefm.com/services/critical/thermal-imaging/lincoln,0,30,0%,29.17
https://www.entirefm.com/services/bms-integration-testing,0,28,0%,10.57
https://www.entirefm.com/services/water-optimisation,0,28,0%,31.86
https://entirefm.com/services/industrial-refrigeration,0,28,0%,63.11
https://www.entirefm.com/fm-operations,0,26,0%,5.5
https://www.entirefm.com/sectors/industrial-logistics,0,26,0%,11.54
https://entirefm.com/services/ppm/chesterfield,0,26,0%,22
https://entirefm.com/compare/entirefm-vs-cbre,0,26,0%,30.08
https://entirefm.com/services/dilapidation-compliance,0,26,0%,33.73
https://www.entirefm.com/services/disaster-recovery,0,26,0%,34.31
https://www.entirefm.com/services,0,25,0%,2.92
https://entirefm.com/academy,0,24,0%,8.12
https://entirefm.com/sectors/residential-pbsa,0,24,0%,10.54
https://entirefm.com/compare/entirefm-vs-mitie,0,24,0%,14.58
https://www.entirefm.com/compare/entirefm-vs-cbre,0,24,0%,17.67
https://entirefm.com/sectors/healthcare-public,0,24,0%,17.71
https://entirefm.com/services/critical/thermal-imaging/birmingham,0,24,0%,25.88
https://entirefm.com/tools/fm-health-check,0,24,0%,36.12
https://www.entirefm.com/services/data-centre-cooling-compliance,0,23,0%,23.65
https://entirefm.com/services/waste-compliance,0,22,0%,12.73
https://www.entirefm.com/fm-operations/reactive-maintenance,0,21,0%,6.43
https://entirefm.com/services/emergency-lighting,0,20,0%,29.75
https://www.entirefm.com/academy/drone-inspection-guide,0,18,0%,4.78
https://www.entirefm.com/request-proposal,0,18,0%,5.17
https://www.entirefm.com/services/critical/ups-maintenance/lincoln,0,18,0%,16.5
https://entirefm.com/locations/leicester,0,17,0%,24.35
https://www.entirefm.com/services/critical/generator-maintenance,0,17,0%,40.06
https://www.entirefm.com/fm-operations/fm-strategy,0,16,0%,22.88
https://entirefm.com/services/drainage-cctv-surveys,0,16,0%,38.31
https://www.entirefm.com/services/hvac,0,16,0%,55.5
https://www.entirefm.com/awards,0,15,0%,5.87
https://www.entirefm.com/services/anpr-systems,0,15,0%,19.53
https://entirefm.com/resources/fire-alarm-testing-frequency,0,14,0%,12.14
https://www.entirefm.com/services/plumbing,0,14,0%,14.5
https://www.entirefm.com/services/critical/thermal-imaging/sheffield,0,14,0%,20
https://entirefm.com/compare/entirefm-vs-jll,0,14,0%,22.29
https://www.entirefm.com/services/critical/ups-maintenance/chesterfield,0,14,0%,40.5
https://entirefm.com/services/critical/arc-flash-assessment/nottingham,0,14,0%,47.64
https://www.entirefm.com/building-walk/retail-unit-compliance-walkthrough,0,13,0%,5.92
https://www.entirefm.com/sectors,0,13,0%,8.62
https://entirefm.com/resources/legionella-guide,0,13,0%,15.54
https://entirefm.com/services/critical/thermal-imaging/leeds,0,13,0%,16
https://entirefm.com/suppliers,0,13,0%,17.23
https://www.entirefm.com/services/space-planning,0,13,0%,26.46
https://entirefm.com/sectors/aviation-travel-hub,0,12,0%,38.5
https://entirefm.com/services/critical/power-redundancy/nottingham,0,12,0%,69.33
https://entirefm.com/sectors/hotels-leisure,0,11,0%,16.36
https://entirefm.com/sectors,0,11,0%,31.82
https://entirefm.com/services/critical/hv-switching/leeds,0,11,0%,63
https://www.entirefm.com/services/hvac/birmingham,0,10,0%,4.1
https://www.entirefm.com/services/critical/data-room-audits,0,10,0%,10.8
https://entirefm.com/services/mewp-safety-checks,0,10,0%,14.1
https://www.entirefm.com/services/critical/ups-maintenance/nottingham,0,10,0%,20
https://entirefm.com/locations/derby,0,10,0%,60.5
https://www.entirefm.com/resources/top-fm-providers-uk,0,9,0%,5.78
https://www.entirefm.com/why-switch,0,9,0%,6.11
https://www.entirefm.com/compare/entirefm-vs-jll,0,9,0%,7.67
https://www.entirefm.com/fm-liverpool,0,9,0%,8.22
https://entirefm.com/services/hard-fm,0,9,0%,10.11
https://www.entirefm.com/academy/multi-site-fm-management,0,9,0%,16.78
https://www.entirefm.com/sectors/healthcare-public,0,9,0%,17.44
https://www.entirefm.com/academy/legionella-water-safety,0,9,0%,27.44
https://www.entirefm.com/services/fume-extraction-lev,0,9,0%,41.33
https://entirefm.com/services/critical/arc-flash-assessment/chesterfield,0,9,0%,70
https://entirefm.com/services/indoor-air-quality-testing,0,8,0%,40.25
https://www.entirefm.com/services/smart-building-iot,0,7,0%,1.86
https://entirefm.com/services/environmental-noise-surveys,0,7,0%,12.57
https://entirefm.com/ppm/chesterfield,0,7,0%,16
https://entirefm.com/resources/top-fm-providers-uk,0,7,0%,16.71
https://www.entirefm.com/case-studies/motorway-services-fm-contract,0,7,0%,39.71
https://entirefm.com/services/critical/thermal-imaging/sheffield,0,6,0%,4.83
https://www.entirefm.com/fm-supply-chain?lang=en,0,6,0%,5
https://www.entirefm.com/services/gas-safety,0,6,0%,17
https://entirefm.com/services/pump-room-maintenance,0,6,0%,18.17
https://www.entirefm.com/services/electrical/nottingham,0,6,0%,27.17
https://www.entirefm.com/case-studies/hotel-fm-transformation,0,6,0%,40.83
https://www.entirefm.com/leadership,0,5,0%,1.8
https://entirefm.com/services/critical/power-quality/london,0,5,0%,2.8
https://www.entirefm.com/resources,0,5,0%,5.8
https://www.entirefm.com/services/front-of-house,0,5,0%,10
https://www.entirefm.com/resources/legionella-governance-guide,0,5,0%,14.2
https://entirefm.com/locations/sheffield,0,5,0%,15
https://www.entirefm.com/services/critical/arc-flash-assessment/derby,0,5,0%,17.4
https://www.entirefm.com/sectors/aviation-travel-hub,0,5,0%,31.4
https://entirefm.com/ppm,0,4,0%,1.25
https://entirefm.com/integrations/verisae,0,4,0%,3.25
https://www.entirefm.com/services/critical/power-quality/lincoln,0,4,0%,3.5
https://www.entirefm.com/services/commercial-plumbing,0,4,0%,5.25
https://entirefm.com/services/critical/power-redundancy/lincoln,0,4,0%,6.25
https://www.entirefm.com/fm-operations/report-issue,0,4,0%,6.5
https://entirefm.com/services/critical/arc-flash-assessment/lincoln,0,4,0%,6.75
https://www.entirefm.com/services/air-filtration-hepa,0,4,0%,8.5
https://www.entirefm.com/building-walk/industrial-cleaning-before-after,0,4,0%,14.5
https://entirefm.com/services/hvac-compliance,0,4,0%,15.75
https://entirefm.com/services/front-of-house,0,4,0%,36.5
https://entirefm.com/services/critical/thermal-imaging/manchester,0,3,0%,3
https://entirefm.com/,0,3,0%,4.67
https://entirefm.com/compare/entirefm-vs-freelance,0,3,0%,4.67
https://www.entirefm.com/services/electrical/chesterfield,0,3,0%,5.33
https://www.entirefm.com/services/emergency-lighting/london,0,3,0%,5.33
https://www.entirefm.com/compare/entirefm-vs-mitie,0,3,0%,6.33
https://www.entirefm.com/services/electrical/lincoln,0,3,0%,6.33
https://www.entirefm.com/services/waste-compliance,0,3,0%,7.33
https://www.entirefm.com/fm-insights,0,3,0%,8.33
https://entirefm.com/services/water-optimisation,0,3,0%,9
https://www.entirefm.com/services/hvac/leeds,0,3,0%,9.33
https://www.entirefm.com/innovation,0,3,0%,10.33
https://www.entirefm.com/compare/entirefm-vs-call-out-only,0,3,0%,11
https://www.entirefm.com/services/gas/chesterfield,0,3,0%,17.67
https://entirefm.com/compare,0,3,0%,18.67
https://entirefm.com/services/security-systems-healthcheck,0,3,0%,23
https://www.entirefm.com/external-cleaning-manchester?lang=en,0,2,0%,5.5
https://www.entirefm.com/services/critical/power-quality/leeds,0,2,0%,6.5
https://www.entirefm.com/sectors/hospitality-leisure,0,2,0%,7
https://entirefm.com/services/emergency-response,0,2,0%,9
https://www.entirefm.com/fm-insights/future-of-fm,0,2,0%,9
https://www.entirefm.com/services/ppm/chesterfield,0,2,0%,10
https://entirefm.com/services/critical/data-room-audits/chesterfield,0,2,0%,14
https://entirefm.com/services/drone-inspections,0,2,0%,25.5
https://entirefm.com/services/electrical/nottingham,0,2,0%,29.5
https://www.entirefm.com/services/compressor-maintenance,0,2,0%,49.5
https://entirefm.com/locations/liverpool,0,2,0%,65.5
https://entirefm.com/leadership,0,1,0%,1
https://entirefm.com/resources/compliance-calendar,0,1,0%,1
https://entirefm.com/services/critical/arc-flash-assessment/manchester,0,1,0%,1
https://www.entirefm.com/services/critical/thermal-imaging/chesterfield,0,1,0%,1
https://entirefm.com/services/critical/power-quality/derby,0,1,0%,3
https://www.entirefm.com/services/fire-compartmentation-surveys,0,1,0%,3
https://entirefm.com/health-safety,0,1,0%,4
https://www.entirefm.com/services/critical/power-redundancy/london,0,1,0%,4
https://www.entirefm.com/services/environmental-noise-surveys,0,1,0%,4
https://www.entirefm.com/compare/entirefm-vs-in-house,0,1,0%,5
https://www.entirefm.com/services/emergency,0,1,0%,5
https://entirefm.com/services/critical/power-quality/nottingham,0,1,0%,6
https://entirefm.com/social-value,0,1,0%,6
https://www.entirefm.com/services/building-inspections,0,1,0%,6
https://www.entirefm.com/case-studies/residential-estate-management,0,1,0%,7
https://entirefm.com/case-studies/pbsa-estate-manchester,0,1,0%,9
https://www.entirefm.com/services/roof-safety-inspections,0,1,0%,10
https://entirefm.com/services/sprinklers-risers,0,1,0%,12
https://www.entirefm.com/social-value,0,1,0%,20
https://entirefm.com/sectors/venues,0,1,0%,30
https://entirefm.com/soft-services/grounds-maintenance,0,1,0%,36
https://entirefm.com/services/smart-building-iot,0,1,0%,46
https://www.entirefm.com/lincoln-facilities-management-areas,0,1,0%,74