Top queries,Clicks,Impressions,CTR,Position
entire fm,49,107,45.79%,5.81
entirefm,36,62,58.06%,1
facilities management,8,4947,0.16%,50.71
facilities management companies,4,2851,0.14%,39.89
facilities management leeds,3,991,0.3%,3.4
facilities management manchester,2,1117,0.18%,11.73
facilities management nottingham,2,822,0.24%,34.23
facilities management company manchester,2,436,0.46%,10.38
aviation facilities management,2,342,0.58%,6.94
airport facilities management,2,280,0.71%,12.84
facilities management companies leeds,2,259,0.77%,3.12
entire facility management services ltd,2,148,1.35%,1.95
facilities management lincoln,2,146,1.37%,2.49
facilities management companies in leeds,2,143,1.4%,2.98
fm contractors,2,22,9.09%,5.09
facilities management companies north west,2,17,11.76%,20.18
retail facilities management,1,1517,0.07%,9.13
facilities management london,1,1249,0.08%,36.91
fm companies,1,1123,0.09%,42.18
facilities companies,1,843,0.12%,57.99
facilities maintenance companies,1,776,0.13%,52.37
fm company,1,749,0.13%,43.91
facility management companies manchester,1,649,0.15%,10.22
retail facilities management companies,1,531,0.19%,12.36
entire facilities management,1,511,0.2%,35.78
facilities management companies manchester,1,492,0.2%,9.02
industrial facilities management,1,474,0.21%,31.69
facilities management companies near me,1,451,0.22%,25.76
facilities management companies london,1,440,0.23%,34.34
facilities management companies in manchester,1,421,0.24%,12.03
mansafe system,1,355,0.28%,38.39
m&e services,1,330,0.3%,24.09
facilities management companies uk,1,327,0.31%,52.32
london facilities management companies,1,271,0.37%,34.11
facility maintenance companies,1,260,0.38%,62.82
facilities management midlands,1,259,0.39%,10.9
warehouse facilities management,1,232,0.43%,16.34
fm intelligence,1,223,0.45%,5.27
facilities management yorkshire,1,203,0.49%,17.39
fm companies uk,1,178,0.56%,58.37
ups servicing,1,156,0.64%,26.63
facility management service,1,154,0.65%,50.94
facility management companies leeds,1,131,0.76%,2.95
fm compliance,1,98,1.02%,16.58
fm cleaning company,1,79,1.27%,59.73
fm companies near me,1,78,1.28%,29.96
facilities management bradford,1,76,1.32%,8.55
facilities management companies west midlands,1,69,1.45%,7.64
nationwide facilities management,1,49,2.04%,27.37
national facilities management companies,1,41,2.44%,23.51
facility management manchester,1,31,3.23%,8.74
entire spaces,1,16,6.25%,9.44
property management chesterfield,1,7,14.29%,21.71
facilities company near me,1,6,16.67%,8
serna fm,1,5,20%,15.4
uk facilities management market,1,4,25%,20.75
high voltage risk assessment,1,4,25%,23
how to start the course,1,1,100%,1
facilities maintenance companies near me,1,1,100%,3
ups repair service near me,1,1,100%,3
building management companies,1,1,100%,5
maintenance standard,1,1,100%,10
facilities management services,0,2418,0%,48.4
commercial facilities management,0,2208,0%,40.57
facilities management company,0,1937,0%,41.28
mansafe testing,0,1321,0%,21.11
fm services,0,1317,0%,23.36
facilities maintenance,0,1306,0%,57.08
facility management services,0,1179,0%,48.92
facility management,0,1087,0%,55.02
soft fm services,0,1062,0%,56.2
hard fm services,0,1057,0%,46.1
give me customer stories for fm.com,0,996,0%,8.57
facility management companies,0,960,0%,42.58
facilities management birmingham,0,945,0%,19.54
mansafe inspection,0,770,0%,21.18
mansafe certification,0,720,0%,21.79
soft fm,0,714,0%,61.45
facility management companies near me,0,694,0%,35.93
m&e maintenance,0,660,0%,24.5
water hygiene monitoring,0,612,0%,67.36
fm hard services,0,596,0%,35.28
planned preventative maintenance,0,576,0%,61.53
hard fm,0,560,0%,43.22
corporate facilities management,0,545,0%,49.8
facilities maintenance london,0,538,0%,36.98
leeds facilities management,0,533,0%,3.16
facilities maintenance services,0,528,0%,53.66
fm maintenance,0,524,0%,40.32
retail facility management,0,507,0%,13.06
facilities management contractors,0,490,0%,41.49
manchester facilities management,0,457,0%,7.52
stadium ingress management,0,454,0%,68.89
airport facility management,0,445,0%,11.43
fm service provider,0,441,0%,31.07
hard fm and soft fm,0,439,0%,38.72
fire safety maintenance birmingham,0,435,0%,41.62
facilities management providers,0,430,0%,42.33
london facilities management,0,427,0%,35.62
mechanical and electrical maintenance,0,419,0%,41.01
facility management company,0,419,0%,46.47
airport facilities management companies,0,384,0%,10.77
facilities management companies in london,0,378,0%,39.29
hard and soft facilities management,0,377,0%,73.55
soft fm and hard fm,0,373,0%,40.17
hard facilities management services,0,371,0%,65.53
facilities management company london,0,364,0%,36.97
facility management london,0,357,0%,30.76
industrial facility management,0,344,0%,32.68
m&e maintenance companies,0,341,0%,25.9
facility management companies london,0,329,0%,32.01
facilities maintenance company,0,327,0%,55.32
facilities management services london,0,326,0%,36.28
industrial facilities maintenance,0,323,0%,30.6
airport facility management companies,0,314,0%,8.92
leeds fm services,0,309,0%,2.68
water hygiene management,0,308,0%,64.23
facilities management near me,0,297,0%,32.1
soft fm companies,0,296,0%,16.68
warehouse maintenance,0,296,0%,47.66
fm hard and soft services,0,295,0%,52.51
complete fm solutions,0,290,0%,15.58
fm providers,0,290,0%,40.26
facilities support,0,286,0%,48.97
mansafe system testing,0,285,0%,23.88
industrial facility maintenance,0,285,0%,35.6
commercial facility management,0,285,0%,54.09
facilities management service,0,284,0%,56.21
hard facilities management,0,281,0%,69.9
industrial property in chesterfield,0,272,0%,9.96
water hygiene compliance,0,270,0%,60.47
commercial facilities management services,0,269,0%,42.93
retail facilities management services,0,266,0%,16.66
commercial maintenance birmingham,0,261,0%,54.94
facilities company,0,259,0%,51.05
facility management provider,0,259,0%,52.94
complete facilities management,0,256,0%,20.18
commercial property facilities management,0,254,0%,61.39
generator servicing lincolnshire,0,250,0%,8.69
facilities management retail,0,249,0%,1.57
commercial facilities management companies,0,249,0%,47.49
fm companies london,0,248,0%,25.38
fm facilities management,0,248,0%,42.03
man safe system inspection,0,247,0%,24.4
man safe testing,0,246,0%,22.97
office facilities management,0,245,0%,37.47
man safe system testing,0,244,0%,24.97
facility management services london,0,240,0%,38.59
fm support services,0,239,0%,37.41
soft facilities management,0,239,0%,83.27
care facilities management,0,236,0%,28.1
mansafe system testing regulations,0,236,0%,33.81
facility management companies in london,0,235,0%,37.4
facilities management for luxury brands london,0,234,0%,8.49
"planned preventative maintenance (ppm);facilities management 
contractors;https://www.enginst.co.uk/facilities-management-contractors/;facilities 
management,secondary,pillar",0,234,0%,59.54
facilities management derby,0,233,0%,5.04
generator repairs lincolnshire,0,233,0%,10.82
ups maintenance companies,0,232,0%,16.91
facilities management companies birmingham,0,230,0%,10.91
london facility management,0,230,0%,38.84
facilities management service providers,0,230,0%,56.52
hospitality facility management,0,227,0%,26.99
facilities management sheffield,0,222,0%,3.22
industrial facility services,0,219,0%,34.05
hard services,0,218,0%,41.83
facilities management company leeds,0,214,0%,3.29
facilities management arundel,0,214,0%,71.3
soft and hard facilities management,0,213,0%,65.09
facility management service provider,0,208,0%,52.78
top facilities management companies,0,208,0%,59.47
retail maintenance management,0,206,0%,29.07
facilities maintenance companies london,0,205,0%,39.13
corporate facility management,0,205,0%,63.27
m&e infrastructure,0,201,0%,37.22
uk facilities management companies,0,201,0%,62.94
facilities services,0,199,0%,42.44
hard facility management,0,198,0%,65.48
residential facilities management,0,197,0%,26.62
retail facility maintenance companies,0,196,0%,19.99
fm companies in london,0,195,0%,27.87
ppm planner,0,195,0%,30.03
retail fm,0,194,0%,13.24
facilities management support,0,193,0%,41.79
manufacturing facilities management,0,192,0%,31.71
man safe system,0,189,0%,37.39
facility management bolton,0,187,0%,62.45
l8 compliance,0,186,0%,52.63
ups maintenance services,0,185,0%,27.67
facilities management worthing,0,184,0%,76.33
property facility management,0,182,0%,49.32
facilities management for luxury brands,0,179,0%,11.31
mansafe roof system,0,179,0%,59.77
uninterruptible power supply service,0,179,0%,63.08
hard facility services,0,176,0%,48.64
united kingdom facility management market,0,174,0%,20.11
fm suppliers,0,172,0%,22.16
full facilities management,0,171,0%,34.98
facilities management west midlands,0,170,0%,12.04
shopping centre facilities management,0,169,0%,80.73
height safety testing,0,165,0%,58.5
soft facility management services,0,165,0%,82.81
fm provider,0,163,0%,37.54
facility service,0,163,0%,53.95
facilities management north west,0,162,0%,21.21
facilities management suppliers,0,161,0%,58.9
facility management contractors,0,160,0%,39.22
top facility management companies,0,160,0%,44.35
building facility management,0,160,0%,55.75
roof mansafe system,0,159,0%,58.97
list of facilities management companies,0,158,0%,43.66
facility management consultants,0,158,0%,66.22
facilities service companies,0,157,0%,43.61
generator maintenance lincoln,0,156,0%,4.24
nottinghamshire generator maintenance,0,156,0%,8.46
office maintenance birmingham,0,156,0%,39.26
facility management for industrial plants,0,155,0%,12.59
facility management companies uk,0,153,0%,60.97
fm service providers,0,152,0%,33.76
facility management property,0,152,0%,47.32
integrated facility management companies,0,150,0%,51.75
facilities management companies nottingham,0,149,0%,21.57
facilities companies london,0,149,0%,40.42
top fm companies,0,146,0%,44.45
m & e refrigeration services,0,143,0%,32.67
hospitality facilities management,0,143,0%,39.42
home facility management,0,143,0%,49.52
fm facilities,0,141,0%,41.05
best facilities management companies,0,139,0%,55.47
facility support,0,139,0%,67.1
construction facilities management,0,139,0%,75.29
facilities management services for luxury retail premises,0,138,0%,13.02
l8 water hygiene,0,138,0%,28.33
entire facility management,0,137,0%,8.85
fm companies in uk,0,136,0%,58.49
corporate facility management services,0,136,0%,60.96
safety line testing,0,135,0%,27.53
hotel facility management,0,135,0%,33.98
leisure facility management,0,135,0%,81.56
facilities companies in london,0,134,0%,34.71
mansafe fall arrest system,0,134,0%,38.87
management facilities,0,134,0%,39.44
arc flash risk assessment,0,133,0%,31.05
facilities service,0,132,0%,34.55
mansafe systems,0,131,0%,41.4
facility services,0,130,0%,35.88
aviation facility management,0,129,0%,12.23
safety line compliance testing,0,129,0%,17.3
facilities management in london,0,129,0%,40.47
"hard fm teesside;facilities management teesside 
;https://www.enginst.co.uk/facilities-management-teesside/;facilities 
management,secondary,regional",0,129,0%,72.78
ups repair,0,128,0%,29.62
mansafe,0,128,0%,42.92
ppm contractor,0,128,0%,54.87
facilities management agency,0,128,0%,70.3
ppm fm,0,127,0%,12.71
electrical thermal imaging,0,127,0%,34.81
hard fm services london,0,126,0%,28.94
uk facility management market,0,126,0%,39
fm management,0,126,0%,47.12
retail facilities management london,0,125,0%,20.54
largest facilities management companies,0,125,0%,54.58
m&e services industrial mechanical and electrical,0,124,0%,2.35
fall protection inspection uk,0,124,0%,76
mansafe test,0,123,0%,22.59
fm facility management,0,123,0%,37.45
fall arrest testing,0,123,0%,37.98
fm providers uk,0,123,0%,74.05
chesterfield facilities management,0,122,0%,5.55
facility management in manchester,0,121,0%,15.34
nottingham facilities management,0,121,0%,22.98
legionella remedial works,0,121,0%,91.25
maintenance fm,0,120,0%,45.48
corporate fm,0,119,0%,47.61
hard maintenance,0,118,0%,37.27
dry riser testing,0,118,0%,43.71
soft facility management,0,118,0%,86.87
emergency lighting checklist,0,117,0%,28.44
service fm,0,117,0%,35.85
property facilities management,0,117,0%,58.48
water hygiene management system,0,117,0%,73.79
airport building maintenance,0,116,0%,10.95
fm companies in the uk,0,116,0%,54.97
fire and life safety systems,0,116,0%,72.46
planned preventative maintenance london,0,115,0%,76.64
fire stopping nottingham,0,113,0%,64.35
ppm facilities contractor london,0,112,0%,45.73
national retail maintenance companies,0,111,0%,32.65
real estate facility management services,0,111,0%,72.78
industrial fm,0,110,0%,7.31
emergency interceptor servicing,0,110,0%,46.29
fire alarm inspection london,0,110,0%,61.19
m&e industrial mechanical and electrical,0,109,0%,16.13
industrial facilities management companies,0,109,0%,17.33
national mechanical and electrical maintenance,0,109,0%,30.82
mechanical and electrical services,0,108,0%,26.06
site facilities management,0,108,0%,64.54
retail facilities maintenance,0,107,0%,9.41
facility companies,0,107,0%,32.22
retail facility business,0,107,0%,54.71
facility management consultancy,0,106,0%,79.92
sheffield generator maintenance,0,105,0%,6.5
ups battery service,0,105,0%,32.2
m & e contractor,0,105,0%,48.67
commercial facilities management companies uk,0,105,0%,54.92
derby facilities management,0,104,0%,5.58
fm facility maintenance,0,104,0%,44.24
national facilities management,0,103,0%,24.93
complete facility management,0,103,0%,25.84
load bank testing near me,0,103,0%,32.87
facilities management solutions in london,0,103,0%,38.35
what are the best facilities management companies in yorkshire?,0,102,0%,8.63
m&e maintenance bolton,0,102,0%,38.06
facilities maintenance service,0,102,0%,40.56
facilities management contractor,0,102,0%,62.32
m&e provider,0,101,0%,41.47
planned preventative maintenance (ppm),0,101,0%,50.16
mansafe systems maintenance,0,101,0%,50.49
restaurant facility management,0,101,0%,61.88
facility management firms,0,101,0%,64.54
total fm,0,100,0%,44.08
facility property management,0,100,0%,56.8
facilities management companies in uk,0,100,0%,60.84
commercial sprinkler ppm,0,100,0%,72.48
fm washroom contract provider midlands,0,99,0%,28.96
facility management service providers,0,99,0%,54.44
airport maintenance contractors,0,98,0%,41.69
facility service provider,0,98,0%,56.18
nationwide facilities management services,0,97,0%,17.59
fm helpdesk,0,97,0%,45.26
fm cleaning,0,97,0%,49.56
planned preventative maintenance birmingham,0,97,0%,55.37
facilities management company uk,0,97,0%,65.65
airport fleet management,0,97,0%,73.92
ppm planned preventative maintenance,0,96,0%,49.03
facility service companies,0,96,0%,50.38
facilities management companies in the uk,0,96,0%,56.68
generator servicing leeds,0,95,0%,11.74
facilities management support services,0,95,0%,34.11
fire alarm testing sheffield,0,95,0%,47.51
facility management company in uk,0,95,0%,66
retail maintenance,0,95,0%,69.25
insight fm,0,94,0%,43.94
facilities management consultants,0,94,0%,78.94
statutory compliance in facilities management,0,93,0%,34.6
leading facilities management company,0,93,0%,51.01
management facilities companies,0,93,0%,51.57
lincolnshire generator repair,0,92,0%,12.02
birmingham facilities management,0,92,0%,22.24
facilities management companies list,0,92,0%,45.99
fire sprinkler inspection birmingham,0,92,0%,52.52
service facility management,0,92,0%,61.04
facilities management consultancy,0,92,0%,82.26
facilities management provider,0,91,0%,66.01
facility management office,0,90,0%,40.77
facility company,0,90,0%,62.13
statutory compliance checklist uk,0,89,0%,34.04
man safe systems,0,89,0%,49.64
facilities maintenance companies east london,0,89,0%,62.2
company facilities,0,89,0%,71.16
sheffield facilities management,0,88,0%,3.62
legionella testing chesterfield,0,88,0%,5.03
facilities management companies yorkshire,0,88,0%,9.52
facilities management retail sector,0,87,0%,2.18
hotel facilities management,0,87,0%,28.02
commercial property refurbishment sheffield,0,87,0%,56.61
mansafe system roof,0,87,0%,62.07
hard soft facilities management,0,87,0%,67.8
county facilities management,0,87,0%,73.31
ups installation near me,0,86,0%,4.58
facility management company uk,0,86,0%,69.23
warehouse facility management,0,85,0%,21.36
list facilities management companies uk,0,85,0%,59.44
retail mantenance,0,85,0%,69.01
gleeds fm,0,84,0%,40.94
airport facilities maintenance,0,83,0%,21.07
evacuation chair maintenance,0,83,0%,49.25
facilities and management,0,83,0%,56.9
facilities management organisations,0,83,0%,62.52
facility management companies in uk,0,83,0%,63.06
facility management providers,0,83,0%,65.52
company facility,0,83,0%,65.87
facilities management canary wharf,0,82,0%,23.43
site:https://entirefm.com,0,82,0%,36.12
abseil rail systems,0,81,0%,21.49
plant room faults,0,81,0%,38.42
bs 5839-1 testing intervals,0,81,0%,81.27
commercial facilities maintenance,0,80,0%,23.73
fm office,0,80,0%,28.56
inspection and testing of fire alarm systems,0,80,0%,76.9
facility service providers,0,79,0%,56.16
facilities managment companies,0,79,0%,57.96
mansafe system design,0,79,0%,68.89
facility mgmt,0,79,0%,70.35
commercial facilities management london,0,78,0%,37.45
facilities maintanance,0,78,0%,58.09
office facilities management services london,0,77,0%,25.45
man safe system installation,0,77,0%,41.4
uninterrupted power supply service,0,77,0%,44.1
hard fm teesside,0,77,0%,71.08
industrial unit maintenance,0,77,0%,88.97
ups in leeds,0,76,0%,8.93
hard facilities management companies,0,76,0%,48.5
mansafe roof,0,76,0%,58.62
uk facility management companies,0,76,0%,59.63
bs 5839 part 6,0,76,0%,88.64
l8 testing services,0,75,0%,47.47
"hard facilities management;facilities management 
contractors;https://www.enginst.co.uk/facilities-management-contractors/;facilities 
management,primary cluster,pillar",0,75,0%,80.27
fm services london,0,74,0%,12.8
facilities manager in lincolnshire,0,74,0%,15.04
f m management,0,74,0%,48.19
facilities management doncaster,0,74,0%,55.65
commercial iron maintenance in birmingham,0,74,0%,59.76
facility provider,0,74,0%,59.97
catering facilities management,0,74,0%,70.58
fire extinguisher testing nottingham,0,74,0%,77.22
wet rising main,0,73,0%,29.85
professional facility management services,0,73,0%,41.59
aerospace facilities management services,0,72,0%,2.79
bs 5266 emergency lighting testing,0,72,0%,53.79
man safe roof system,0,72,0%,60.08
commercial fire safety system installation birmingham,0,72,0%,63.65
what is rising main in water supply,0,71,0%,11.38
commercial building fabric repairs,0,71,0%,29.7
commercial hvac chesterfield,0,71,0%,54.96
facility maintenance,0,71,0%,58.75
arena facility management,0,70,0%,8.19
mechanical end electrical services industrial mechanical and electrical,0,70,0%,61.29
ups installation services,0,69,0%,46.14
fm supplies,0,69,0%,51.72
hard services facilities management uk,0,69,0%,52.22
hard and soft fm,0,69,0%,53.28
commercial fire safety services manchester,0,69,0%,66.35
facility maintenance company,0,68,0%,37.85
facilities management south london,0,68,0%,38.53
commericial facilities management companies,0,68,0%,39.62
ups systems in london,0,67,0%,10.48
ups installers,0,67,0%,29.37
l8 compliance services,0,67,0%,33.45
building management facilities services,0,67,0%,54.87
facilities management somerset,0,67,0%,60.27
legionella testing for facilities management companies,0,67,0%,73.93
facilities management near leeds,0,66,0%,3
property and facilities management,0,66,0%,44.39
facilities management maintenance,0,66,0%,63.7
m&e maintenance manchester,0,65,0%,23.17
generator installation birmingham,0,65,0%,26.6
retail sector facility services,0,65,0%,32.91
l8 compliance uk,0,65,0%,44.65
ppm maintenance,0,65,0%,61.49
facilities management services manchester,0,64,0%,10.81
critical infrastructure fire alarm systems,0,64,0%,31.77
ups maintenance and service provider,0,64,0%,38.33
facility management companies in the uk,0,64,0%,58.44
airport facilities management company,0,63,0%,8.94
logistics facilities management,0,63,0%,13.57
care facilities management services,0,63,0%,34.62
airport maintenance,0,63,0%,54.08
list of facility managers,0,63,0%,61.03
planned preventative maintenance in london,0,63,0%,77.13
what are statutory maintenance checks,0,62,0%,10.79
which facilities management companies operate in birmingham?,0,61,0%,10.23
fm company london,0,61,0%,36.79
top facilities management companies uk,0,61,0%,58.39
facility m,0,61,0%,67.9
airport facilities management service,0,60,0%,12.6
generator installation edgbaston,0,60,0%,25.3
evacuation chair annual service,0,60,0%,25.85
building fabric maintenance services,0,60,0%,47.58
m & e contractor farnham,0,60,0%,52.08
l8 testing,0,60,0%,53.88
local ups system maintenance milton keynes,0,59,0%,31.51
evacuation chair servicing,0,59,0%,34.19
precision fm,0,59,0%,35.12
management facilities services,0,59,0%,41.98
commercial building fabric services,0,59,0%,55.92
facilities management north london,0,59,0%,57.51
critical alert systems,0,59,0%,58.15
bs 5839 pt 6,0,59,0%,84.34
fire safety compliance west midlands,0,58,0%,7.93
ups maintenance,0,58,0%,22.48
commercial facilities management company yorkshire,0,57,0%,23.88
facilities management in hospitality industry,0,57,0%,37.18
facilities management business,0,57,0%,50.16
largest facilities management companies uk,0,57,0%,54.37
legionella regulations,0,57,0%,78.89
nottingham generator maintenance,0,56,0%,7.23
hard services uk,0,56,0%,20.54
commercial facilities management yorkshire,0,56,0%,22.7
ppm schedule,0,56,0%,26.41
ups battery replacement service,0,56,0%,31.54
fire alarm ppm,0,56,0%,39.64
dry riser inspection,0,56,0%,39.86
facilities management costs,0,56,0%,46.16
fire alarm maintenance legal requirements,0,56,0%,79.79
facilities management consultant,0,56,0%,80.45
emergency light testing sheffield,0,56,0%,88.04
generator repair lincoln,0,55,0%,8.75
industrial mechanical and electrical,0,55,0%,26.51
ppm schedules,0,55,0%,34.35
contract management service manchester,0,55,0%,62.6
facilities management east london,0,55,0%,72.42
facility manage,0,55,0%,75.02
facilities management consultants uk,0,55,0%,75.73
electrical thermal imaging survey east midlands,0,54,0%,37.85
management facility companies,0,54,0%,45.7
testing dry risers,0,54,0%,45.7
fire safety birmingham,0,54,0%,54.07
corporate facilities management provider,0,54,0%,59.63
facilities management tooting,0,54,0%,71.94
leeds facility management,0,53,0%,5.53
facilities manager in lincoln,0,53,0%,11.79
fire alarm ppm greater london,0,53,0%,19.7
facilities management in uk,0,53,0%,73.77
facilities maintenance for shopping centres,0,53,0%,77
aviation facilities,0,52,0%,10.38
building management service for hotels,0,52,0%,15.35
stadium facilities management,0,52,0%,16.42
m&e upgrade,0,52,0%,24.44
evac chair servicing,0,52,0%,35.06
facilities management south west,0,52,0%,64.73
facilities management uk,0,52,0%,72.67
dry riser test,0,51,0%,37.53
fire alarm testing nottingham,0,51,0%,48.78
company facilities management services,0,51,0%,55.45
electrical mechanical services,0,51,0%,64.31
facilities management putney,0,51,0%,75.67
facilities management hackney,0,51,0%,78.22
give me customer stories for fm.com *,0,50,0%,7.22
water risk assessment chesterfield,0,50,0%,7.7
ppm facilities management,0,50,0%,43.58
facility maintenance providers,0,50,0%,57.7
facility maintenance provider,0,50,0%,65.12
abseil track systems,0,49,0%,17.63
bespoke facilities management,0,49,0%,20.47
commercial facilities maintenance services,0,49,0%,40.92
facilities management tottenham,0,49,0%,62.49
facilities management south west london,0,49,0%,74.39
fm waste management,0,49,0%,84
mansafe systems bourne end,0,48,0%,18.77
fm property management,0,48,0%,32.6
ups repairs,0,48,0%,44.33
facilities management belgravia,0,48,0%,47.65
facilities management south east london,0,48,0%,67.58
hvac compliance west midlands,0,48,0%,69.12
facilities management haringey,0,48,0%,70.15
technical services for facilities,0,47,0%,50.96
l8 risk assessment services,0,47,0%,68.38
facilities management marylebone,0,47,0%,77.09
derbyshire generator maintenance,0,46,0%,5.85
fm market,0,46,0%,6.2
hard fm london,0,46,0%,18.46
specialised retail facilities management,0,46,0%,22.96
what is m&e in facilities management,0,46,0%,51.41
managed facility services uk,0,46,0%,72.5
nationwide fm services,0,45,0%,16.73
ups servicing near me,0,45,0%,24.49
real time building monitoring platform,0,45,0%,49.18
smart building monitoring,0,45,0%,58.09
commercial fire alarms birmingham,0,45,0%,58.62
fire alarm inspection,0,45,0%,77.29
thermal imaging nottinghamshire,0,44,0%,2.98
facilities management west bromwich,0,44,0%,12.39
mansafe systems sharnbrook,0,44,0%,33.11
ups battery inspection service,0,44,0%,41.02
emergency lighting inspection checklist,0,44,0%,51.95
facilities management islington,0,44,0%,53.2
water hygiene management in london,0,44,0%,57.91
facility services company,0,43,0%,58.09
facilities management mayfair,0,43,0%,69.56
services facility management,0,43,0%,70.23
bradford facilities management,0,42,0%,1.67
how often should mansafe systems be tested,0,42,0%,17.6
fire alarm testing lincoln,0,42,0%,41.64
largest fm companies uk,0,42,0%,51.29
building facilities management,0,42,0%,63.55
facilities management westminster,0,42,0%,65.38
facilities management leyton,0,42,0%,65.86
best facility management,0,42,0%,70.29
facilities management exeter,0,42,0%,72.12
calorifier inspection,0,42,0%,87.52
commercial mechanical & electrical support,0,41,0%,16.46
fire compliance services,0,41,0%,19.49
emergency ups repair,0,41,0%,19.63
fire alarm ppm london,0,41,0%,22.02
hard services fm,0,41,0%,37.05
service facilities management,0,41,0%,48.61
ppm contractor hertfordshire,0,41,0%,55.54
largest facility management companies,0,41,0%,59.34
facility service company,0,41,0%,62.85
fire extinguisher testing sheffield,0,41,0%,64.29
facility and property management,0,41,0%,65.59
reception facilities management,0,41,0%,69.12
facilities management in acton,0,41,0%,74.39
soft facilities management services,0,41,0%,86.34
facilities management company sheffield,0,40,0%,3.42
industrial m&e services,0,40,0%,14.8
mansafe systems upper dean,0,40,0%,18.27
mansafe systems eggington,0,40,0%,19.57
mansafe systems biddenham,0,40,0%,27.23
fire protection equipment testing,0,40,0%,42.17
hard and soft fm services,0,40,0%,50.27
facilities management fire testing,0,40,0%,56.1
facilities management shoreditch,0,40,0%,56.1
building facilities management companies,0,40,0%,60.38
reception refurbishment lincolnshire,0,40,0%,66.38
facilities management deptford,0,40,0%,66.6
facility management maintenance,0,40,0%,70.7
facility management england,0,40,0%,70.72
cleanroom refurbishment lincolnshire,0,40,0%,76.75
fire stopping surveys nottingham,0,40,0%,78.67
facilities management services in leeds,0,39,0%,4.26
legionella water testing chesterfield,0,39,0%,8.44
generator maintenance leeds,0,39,0%,10.97
business facilities management companies,0,39,0%,40.15
uninterruptible power supply servicing,0,39,0%,52.95
fm service desk,0,39,0%,55.31
facilities management and services,0,39,0%,62.69
leeds facilities management services,0,38,0%,5.74
generator repair sheffield,0,38,0%,11.68
mansafe systems wharley end,0,38,0%,12.79
facilities management company yorkshire,0,38,0%,13.66
facilities management services in london,0,38,0%,29
facility maintenance services,0,38,0%,30.26
mansafe systems gravenhurst,0,38,0%,39.05
property facility management companies,0,38,0%,41.13
ups maintenance provider near me,0,38,0%,41.74
ppm in facility management,0,38,0%,47.5
it facility management,0,38,0%,73.39
wireless radio testing nottingham,0,38,0%,76.55
facilities management in leeds,0,37,0%,3.68
facility management near me,0,37,0%,22.43
large facilities management companies,0,37,0%,24
fire safety compliance guide,0,37,0%,33.11
fall protection testing,0,37,0%,38.62
planned preventative maintenance ppm,0,37,0%,52.32
facility management uk,0,37,0%,72.49
facilities management shepherds bush,0,37,0%,80.84
altrincham facilities management,0,36,0%,19.53
full service facilities management,0,36,0%,42.33
fm and cleaning services,0,36,0%,48.31
iot building monitoring,0,36,0%,56
commercial facilities management company,0,36,0%,64.03
commercial sprinkler ppm reading,0,36,0%,67.28
factories electrical maintenance,0,36,0%,75.06
preventive maintenance birmingham,0,36,0%,78.86
commercial planned preventative maintenance,0,36,0%,87.19
lincoln facilities management,0,35,0%,3.17
facilities maintenance for retail,0,35,0%,4.91
facilities company west midlands,0,35,0%,8.54
mansafe systems wrestlingworth,0,35,0%,16.37
m&e refurbishment services,0,35,0%,27.71
birmingham fm consultancy,0,35,0%,32.06
mansafe systems colmworth,0,35,0%,37.34
commercial facilities managers,0,35,0%,43.89
facility management business,0,35,0%,64.2
facility maintenance lincoln,0,34,0%,5.29
retail fm environment,0,34,0%,5.71
fmcourses.in,0,34,0%,10.06
"which facilities management companies operate in birmingham?. my location 
is birmingham, west midlands, england, united kingdom, united kingdom.",0,34,0%,10.18
generator repairs birmingham,0,34,0%,13.26
ups emergency service,0,34,0%,18.26
m&e services for commercial buildings,0,34,0%,20.82
castleford facilities management,0,34,0%,23.47
office facilities management provider,0,34,0%,27.03
thermal imaging electrical,0,34,0%,41.35
facility management and services,0,34,0%,58.5
facilities management uk companies,0,34,0%,64.41
soft facilities management contractor,0,34,0%,65.15
facility management services uk,0,34,0%,68.62
"which fm companies offer integrated services?. my location is birmingham, 
west midlands, england, united kingdom, united kingdom.",0,33,0%,5.85
facilities managment company west midlands,0,33,0%,7.67
west midlands facilities management,0,33,0%,8.91
sheffield generators,0,33,0%,14.91
iot sensors for fm,0,33,0%,18.67
bs 5266 compliance,0,33,0%,34.33
hard fm soft fm,0,33,0%,35.79
facilites management,0,33,0%,63.18
facilities management fulham,0,33,0%,66.88
fire risk assessments sheffield,0,33,0%,77.64
facilities management security,0,33,0%,85.64
facilities maintenance west midlands,0,32,0%,10
ups battery services,0,32,0%,14.66
mansafe systems yielden,0,32,0%,31.59
residential facility management,0,32,0%,34
critical infrastructure fire alarm monitoring,0,32,0%,40.66
fire safety inspection lincoln,0,32,0%,44.97
mansafe systems wyboston,0,32,0%,45.47
ups emergency repair,0,32,0%,49.25
commercial wastewater pump maintenance,0,32,0%,50.25
acop l8 compliance,0,32,0%,52.12
biggest facilities management companies uk,0,32,0%,60.06
construction and facilities management,0,32,0%,77.66
facility maintenance & cleaning,0,31,0%,5.35
entire facility,0,31,0%,6.9
give me customer stories for fm.com * * *,0,31,0%,8.03
mansafe systems salph end,0,31,0%,13.48
planned and reactive m&e maintenance,0,31,0%,21.19
emergency lighting compliance checklist,0,31,0%,25.84
mansafe systems stanbridge,0,31,0%,32.65
evac+chair servicing,0,31,0%,38.87
largest uk facilities management companies,0,31,0%,60.03
planned preventative facilities maintenance london,0,31,0%,65.94
facilities management kilburn,0,31,0%,67.77
restaurant facilities management,0,31,0%,83.16
fire stopping birmingham,0,31,0%,85.16
entire facility management services limited,0,30,0%,2
entire facility management services limited contact,0,30,0%,2
critical ppm maintenance,0,30,0%,11.03
premises management leeds,0,30,0%,15.7
mansafe system testing and certification,0,30,0%,20.3
diesel generators edgbaston,0,30,0%,21
emergency lights checklist,0,30,0%,26.4
mansafe systems eaton bray,0,30,0%,28.7
facilities management peckham,0,30,0%,58.3
leisure facilities management,0,30,0%,78.37
"which companies offer ppm contracts in birmingham?. my location is 
birmingham, west midlands, england, united kingdom, united kingdom.",0,29,0%,5.9
facilities managment west midlands,0,29,0%,7.93
integrated facilities management providers for airports,0,29,0%,10.07
mansafe systems podington,0,29,0%,16.55
commercial property maintenance bradford,0,29,0%,16.93
water hygiene ppm,0,29,0%,17.07
safety line testing and maintenance,0,29,0%,17.76
critical alarms,0,29,0%,29.34
evacuation chair service,0,29,0%,34.93
mansafe systems felmersham,0,29,0%,37.24
fire compliance london,0,29,0%,38.59
ups systems services,0,29,0%,43.31
ups power supply service,0,29,0%,45.34
mansafe systems leagrave,0,29,0%,45.52
soft and hard fm,0,29,0%,48.86
top fm companies uk,0,29,0%,56.38
evac chair maintenance,0,29,0%,57.41
commercial iron maintenance in manchester,0,29,0%,65.14
facility refurb services,0,29,0%,77.31
legionella testing lincoln,0,28,0%,10.43
commercial m&e services,0,28,0%,15.29
technical facilities management london,0,28,0%,16.61
facilities management market research,0,28,0%,23.36
mansafe systems great barford,0,28,0%,23.93
mansafe systems houghton conquest,0,28,0%,26.29
facilities management service in london,0,28,0%,29.46
ups repair service,0,28,0%,34.86
mansafe systems cardington,0,28,0%,37.68
mansafe systems moggerhanger,0,28,0%,39.96
evacuation chair inspection,0,28,0%,44.11
facilities managment,0,28,0%,54.96
cold room energy inspection,0,28,0%,63.11
maintenance facility,0,28,0%,68.75
logistics facilities management uk,0,27,0%,8.04
fm contractor,0,27,0%,14.19
mobile man anchor testing and maintenance,0,27,0%,17.74
ups maintenance & services,0,27,0%,22.04
mansafe systems flitwick,0,27,0%,25.7
mansafe systems queens park,0,27,0%,35.63
facilities management company near me,0,27,0%,36.96
mansafe systems castle,0,27,0%,38.67
mansafe systems thorncote green,0,27,0%,49.26
mansafe systems kempston hardwick,0,27,0%,49.48
integrated fm services,0,27,0%,49.81
facilities management firms,0,27,0%,55.89
factory cleaning uk,0,27,0%,59.59
facilities and maintenance,0,27,0%,65.19
facilities management clapham,0,27,0%,77.81
facilities management barking,0,27,0%,80.56
stadium facility management,0,26,0%,17.46
emergency costs in plant rooms,0,26,0%,18.58
mansafe systems bromham,0,26,0%,30.46
mansafe systems blunham,0,26,0%,32.19
mansafe systems wootton green,0,26,0%,38.92
mansafe systems kempston rural,0,26,0%,40.19
facilities management for offices,0,26,0%,40.77
mansafe systems begwary,0,26,0%,45.85
facility maintenance service,0,26,0%,47.08
manufacturing facility management,0,26,0%,53.38
facility companies uk,0,26,0%,67.77
hard facilities management contractor,0,26,0%,69.88
ppm contractor berkshire,0,26,0%,85.46
legionella control chesterfield,0,25,0%,6.56
give me customer stories for fm.com * *,0,25,0%,8.32
building management bradford,0,25,0%,11.16
mansafe systems harrold,0,25,0%,20.56
critical systems fire protection,0,25,0%,21.8
prestwich facilities management,0,25,0%,23.04
mansafe systems ravensden,0,25,0%,29.08
mansafe systems meppershall,0,25,0%,32.08
facilities management angel,0,25,0%,37.88
mansafe systems denton,0,25,0%,38.6
mansafe systems knotting green,0,25,0%,44.24
mansafe systems kempston west,0,25,0%,48.16
evac+chair maintenance,0,25,0%,56.16
commercial office facilities management,0,25,0%,64.04
fm maintenance company,0,25,0%,64.2
fm services uk,0,25,0%,66.96
facilities management agencies,0,25,0%,69.24
facilities management brixton,0,25,0%,71.04
school facilities management companies,0,25,0%,72.44
mansafe systems apsley end,0,24,0%,11.88
airport facilities maintenance ltd,0,24,0%,16.33
building maintenance statutory compliance,0,24,0%,23.71
infrastructure company derby,0,24,0%,24.46
low voltage arc flash,0,24,0%,24.75
mansafe systems upper stondon,0,24,0%,25.12
mansafe systems kingsbrook,0,24,0%,25.25
mansafe systems dunton,0,24,0%,27.92
sheffield generator installation,0,24,0%,28.54
mansafe systems henlow camp,0,24,0%,34.58
facilities management huddersfield,0,24,0%,42.92
statutory compliance (ppm),0,24,0%,43.71
maintenance management companies,0,24,0%,60.46
facilities management whitechapel,0,24,0%,61.79
uninterruptible power supply maintenance companies,0,24,0%,62.75
dsear assessment sheffield,0,24,0%,64.58
uninterruptible power supply service providers,0,24,0%,69.04
plumbing for commercial facilities,0,24,0%,70.96
facility managemente,0,24,0%,78.08
facilities management consultancy services,0,24,0%,83.38
"planned electrical maintenance;commercial electrical 
contractors;https://www.enginst.co.uk/commercial-electrical-contractors/;electrical 
contractors,secondary,pillar",0,24,0%,84.46
industrial door puwer inspections,0,23,0%,11.91
facilities management company birmingham,0,23,0%,14.78
mansafe systems chaul end,0,23,0%,15.35
water hygiene manchester,0,23,0%,15.48
fm cleaning services,0,23,0%,18.57
fire alarm ppm central london,0,23,0%,18.83
airport facility maintenance services,0,23,0%,19.74
commercial facilities management services london,0,23,0%,22.7
mansafe systems little barford,0,23,0%,24.43
retail facilities management consultancy,0,23,0%,25.13
what are hard fm services,0,23,0%,34.04
ups installation service,0,23,0%,34.96
top 100 facilities management companies uk,0,23,0%,53.52
dsear assessment nottingham,0,23,0%,59.39
fm contractor for commercial buildings,0,23,0%,66.52
ppm contractor london,0,23,0%,66.96
facilties managment,0,23,0%,75.13
ppm facilities contractor,0,23,0%,79.57
expert refurbishments birmingham,0,23,0%,80.91
fire stopping manchester,0,23,0%,85.57
which fm companies offer integrated services?,0,22,0%,6.91
thermal imaging survey greater manchester,0,22,0%,9.27
ups repair services,0,22,0%,10.77
ppm bradford,0,22,0%,11.45
mansafe systems northill,0,22,0%,14.23
facilities management in birmingham,0,22,0%,15.5
hotel and leisure facility management,0,22,0%,15.86
statutory maintenance tasks,0,22,0%,17.09
mansafe systems west end,0,22,0%,17.5
mansafe systems pavenham,0,22,0%,17.91
mansafe systems milton bryan,0,22,0%,21.41
mansafe systems tingrith,0,22,0%,28.32
mansafe systems seddington,0,22,0%,29.09
mansafe systems chellington,0,22,0%,31.77
mansafe systems tempsford,0,22,0%,35.18
air filtration management,0,22,0%,35.95
facilities-management,0,22,0%,36.64
material compliance birmingham,0,22,0%,36.64
large fm companies uk,0,22,0%,37.95
mansafe systems honeydon,0,22,0%,38.41
facilities services london,0,22,0%,40.27
m&e services meaning,0,22,0%,44.64
mansafe systems tebworth,0,22,0%,45.27
mansafe systems chiltern green,0,22,0%,45.32
mansafe systems bedford,0,22,0%,46.73
mansafe systems brickhill,0,22,0%,47.36
facility services companies,0,22,0%,50.14
factory facility management,0,22,0%,52.36
mansafe systems kempston,0,22,0%,54.5
evacuation chair servicing uk,0,22,0%,64.73
facilities and property management,0,22,0%,66.23
facility management services list,0,22,0%,67.45
consultant facilities management,0,22,0%,85.5
best facilities management companies manchester,0,21,0%,6.14
give me customer stories for fm.com * * * *,0,21,0%,8.05
mansafe systems cotton end,0,21,0%,9.14
distribution centre facilities management,0,21,0%,15.52
retail fm consultants,0,21,0%,16.14
mansafe systems lower dean,0,21,0%,18
mansafe systems hall end,0,21,0%,18.14
mansafe systems studham,0,21,0%,18.81
mansafe systems limbury,0,21,0%,25.1
mansafe systems higham gobion,0,21,0%,25.14
mansafe systems eyeworth,0,21,0%,29.24
top 10 fm companies,0,21,0%,40.52
mansafe systems chalton,0,21,0%,41.76
mansafe systems sharpenhoe,0,21,0%,42.43
mansafe systems tilsworth,0,21,0%,44.1
mansafe systems chawston,0,21,0%,47.05
mansafe systems clipstone,0,21,0%,47.9
mansafe systems greenfield,0,21,0%,49.05
ups system maintenance milton keynes,0,21,0%,50.71
fire alarm testing chesterfield,0,21,0%,53.81
fire extinguisher testing chesterfield,0,21,0%,54.14
evacuation chair engineers,0,21,0%,54.76
commercial dry riser testing businesses,0,21,0%,57.43
facilities management lancashire,0,21,0%,57.81
facilties management,0,21,0%,61.71
fire alarm testing london,0,21,0%,64.62
facilities maintenance group,0,21,0%,67.19
milton keynes ups battery experts,0,21,0%,75.57
commercial facilities management midlands,0,20,0%,4.3
sites similar to fmm-sheffield.net,0,20,0%,5.9
commercial facilities management birmingham,0,20,0%,10.45
thermal imaging survey manchester,0,20,0%,10.8
thermographic surveys manchester,0,20,0%,12.9
overheating fault detection in panels,0,20,0%,14.85
arc flash assessment,0,20,0%,19.75
"site:www.entirefm.com -filetype:pdf -filetype:zip -filetype:doc 
-filetype:xls",0,20,0%,21
planned preventive maintenance sheffield,0,20,0%,22.55
mansafe systems wilden,0,20,0%,25.4
mansafe systems potsgrove,0,20,0%,30.95
mechanical and electrical services moving structures,0,20,0%,31.1
maintenance ppm,0,20,0%,36.35
facilities agencies,0,20,0%,37
mansafe systems salford,0,20,0%,38.15
sheffield facilities management procurement,0,20,0%,38.6
what is statutory compliance in facilities management,0,20,0%,38.85
mansafe systems upper shelton,0,20,0%,39.3
mansafe systems stewartby,0,20,0%,40.95
ppm contract,0,20,0%,46.1
mansafe systems streatley,0,20,0%,49.35
facility service management,0,20,0%,50.85
infrastructure facilities management contractor,0,20,0%,53.15
real estate facility management companies,0,20,0%,56.55
facilities management andover,0,20,0%,57.35
facilities management carmarthen,0,20,0%,60.9
facilities management hard services,0,20,0%,62.9
fire damper testing sheffield,0,20,0%,64
m&e contractor,0,20,0%,64.4
m&e services moving structures,0,20,0%,65.4
commericial property facilities management,0,20,0%,68.75
facility management services company,0,20,0%,69.35
facilities management services kilburn,0,20,0%,89.7
facilities management quote sheffield,0,19,0%,1.47
uninterruptible power supply leeds,0,19,0%,12.53
mansafe systems pertenhall,0,19,0%,18
mansafe systems milton ernest,0,19,0%,28.58
integrated facilities management companies,0,19,0%,28.63
mansafe systems potton,0,19,0%,29.32
mansafe systems newnham,0,19,0%,30.89
mansafe systems wootton,0,19,0%,31.16
fire alarm testing manchester,0,19,0%,32.32
office facility management,0,19,0%,32.95
mansafe systems eastcotts,0,19,0%,35.68
material compliance nottingham,0,19,0%,35.68
real-time building monitoring,0,19,0%,37.11
ups capacitor services,0,19,0%,37.84
indsutrial facilities management,0,19,0%,38.21
mansafe systems harlington,0,19,0%,38.42
fire alarm testing wythenshawe,0,19,0%,39.89
mansafe systems pegsdon,0,19,0%,42.47
leeds fm procurement,0,19,0%,45.05
bs 5266-1 emergency lighting free download,0,19,0%,46.58
mansafe systems luton,0,19,0%,47.89
total facility management,0,19,0%,48.05
top 50 facilities management companies uk,0,19,0%,48.58
facilities fm,0,19,0%,53.32
facility management services birmingham,0,19,0%,54.11
top fm companies in uk,0,19,0%,55.05
ups maintenance uk,0,19,0%,64.37
commercial m&e contractor,0,19,0%,64.47
cleanroom installation lincolnshire,0,19,0%,68.89
"what facilities management covers;facilities management & ppm for 
commercial 
buildings;https://www.enginst.co.uk/facilities-management-and-planned-preventative-maintenance-for-commercial-buildings/;facilities 
management,primary,blog",0,19,0%,86.21
facility management consultant,0,19,0%,88.79
facilities management consulting,0,19,0%,88.89
bradford fm consultancy,0,18,0%,2.56
facility management in leeds,0,18,0%,3.22
hospitality facilities management birmingham,0,18,0%,4.78
thermal imaging surveyor manchester,0,18,0%,14.67
puwer roller shutter,0,18,0%,16.44
mansafe systems wood end,0,18,0%,16.78
facility management services manchester,0,18,0%,17.67
high voltage arc flash,0,18,0%,17.94
mansafe systems southill,0,18,0%,18.56
large office facilities management,0,18,0%,20.61
planned maintenance chesterfield,0,18,0%,20.72
m&e repairs,0,18,0%,22.22
mansafe systems how endhulcote,0,18,0%,22.67
mansafe systems swineshead,0,18,0%,24.61
ups power services,0,18,0%,26.22
mansafe systems riseley,0,18,0%,27.28
mansafe systems melchbourne,0,18,0%,28.39
mansafe systems holme,0,18,0%,28.72
what is a mansafe system,0,18,0%,29.78
mansafe systems caddington,0,18,0%,30.94
mansafe systems hockwell ring,0,18,0%,32.33
mansafe systems old warden,0,18,0%,33.94
interserve fm,0,18,0%,36.06
m&e compliance services,0,18,0%,39
mansafe systems marston moretaine,0,18,0%,41
mansafe systems knotting,0,18,0%,41.61
mansafe systems shelton,0,18,0%,42.28
statutory compliance,0,18,0%,43.33
m&e installation services,0,18,0%,45
commercial maintenance companies,0,18,0%,47.44
mansafe systems barton-le-clay,0,18,0%,48.44
event fire safety nottingham,0,18,0%,53.17
fm procurement london,0,18,0%,57.44
uk's largest facilities management companies,0,18,0%,58.06
24/7 ups maintenance,0,18,0%,61.94
leading facilities management companies uk,0,18,0%,63.56
smart building monitoring systems,0,18,0%,64.89
facilities management plumbing,0,18,0%,68.11