Search Intent,Primary Query,Secondary Queries,Commercial Intent,Geographic Intent,Service,Sector,Historic Winning URL,Proposed Final URL,Search Intent Owner,Supporting Pages,Internal Link Sources,Cannibalisation Risk,Priority,Notes
Brand Homepage,entire facilities management,entire fm, entirefm reviews, entirefm contact,High,National,Integrated FM,All,https://entirefm.com/,/,Homepage,"/about, /contact, /services, /sectors, /entirecafm","All site pages via Header/Footer, Case Studies",Low,P0,Core brand equity anchor
National Facilities Management,facilities management company,facilities management services UK, FM contractors UK, national FM company,High,National,Integrated FM,All,https://petercurrey.wixsite.com/efm-new/facilities-management-services,/facilities-management-services,Services Hub,"/mechanical-electrical, /hard-services, /soft-services, /ppm","/, /about, /fm-london, /sectors",Low,P0,Restored high-performing national commercial hub
M&E Engineering Services,mechanical and electrical services,M&E contractor, commercial electrical contractor, commercial mechanical services,High,National,Hard FM,All,https://petercurrey.wixsite.com/efm-new/mechanical-electrical,/mechanical-electrical,/mechanical-electrical,"/hvac-contractor, /plumbing-gas, /services/me-services/access-control","/, /facilities-management-services, /fm-london, /sectors/industrial",Medium,P0,Historic URL restored as canonical. /services/me-services will 301 here
Commercial HVAC Services,hvac contractor,commercial hvac maintenance, commercial air conditioning contractor, commercial ventilation services,High,National,Hard FM,All,https://petercurrey.wixsite.com/efm-new/hvac-contractor,/hvac-contractor,/hvac-contractor,"/mechanical-electrical, /ppm, /services/hard-services","/, /mechanical-electrical, /sectors/commercial",Low,P0,Historic URL restored; do not bury inside generic M&E
Planned Preventative Maintenance,planned preventative maintenance,PPM facilities management, SFG20 maintenance contractor, commercial PPM schedule,High,National,PPM,All,https://petercurrey.wixsite.com/efm-new/ppm,/ppm,/ppm,"/tools/ppm-schedule-builder, /mechanical-electrical, /hard-services","/, /facilities-management-services, /sectors/manufacturing",Low,P0,Restored clean historic URL /ppm
Hard Facilities Management,hard facilities management,hard fm services, commercial hard services maintenance,High,National,Hard FM,All,https://petercurrey.wixsite.com/efm-new/hard-services,/hard-services,/hard-services,"/mechanical-electrical, /ppm, /plumbing-gas, /fire-emergency-systems","/, /facilities-management-services, /fm-london",Low,P0,Restored clean historic URL /hard-services
Soft Facilities Management,soft facilities management,soft fm services UK, commercial soft services,High,National,Soft FM,All,https://petercurrey.wixsite.com/efm-new/soft-services,/soft-services,/soft-services,"/industrial-cleaning, /commercial-cleaning, /security-services, /grounds-maintenance","/, /facilities-management-services",Low,P0,Restored clean historic URL /soft-services
Industrial Cleaning Specialist,industrial cleaning,industrial cleaning services UK, factory cleaning company, warehouse degreasing,High,National,Soft FM,Industrial,https://petercurrey.wixsite.com/efm-new/industrial-cleaning,/industrial-cleaning,/industrial-cleaning,"/industrial-cleaning/sheffield, /industrial-cleaning/nottingham, /industrial-cleaning/manchester","/, /soft-services, /sectors/industrial",Low,P0,Restored historic URL. Core commercial acquisition driver
Commercial Contract Cleaning,commercial cleaning services,contract cleaning company, office cleaning services UK, commercial contract cleaning,High,National,Soft FM,Commercial,https://petercurrey.wixsite.com/efm-new/cleaning-services,/cleaning-services,/cleaning-services,"/commercial-cleaning/london, /office-cleaning, /window-cleaning","/, /soft-services",Low,P0,Restored clean historic URL
Plumbing & Commercial Gas,commercial plumbing services,commercial gas safe contractor, commercial heating engineer, commercial boiler maintenance,High,National,Hard FM,All,https://petercurrey.wixsite.com/efm-new/plumbing-gas,/plumbing-gas,/plumbing-gas,"/mechanical-electrical, /ppm, /hard-services","/, /hard-services, /mechanical-electrical",Low,P1,Restored clean historic URL
Fire & Life Safety Systems,fire alarm testing FM,emergency systems maintenance, safety critical systems FM, commercial fire compliance,High,National,Hard FM,All,https://petercurrey.wixsite.com/efm-new/fire-emergency-systems,/fire-emergency-systems,/fire-emergency-systems,"/safety-critical-emergency-systems, /mechanical-electrical/emergency-light-testing","/, /hard-services",Low,P0,Preserves G1 URL; G2 URL 301 redirects here
Building Fabric & Repairs,building maintenance services,commercial building fabric maintenance, reactive building repairs UK,High,National,Hard FM,All,https://petercurrey.wixsite.com/efm-new/building-maintenance,/building-maintenance,/building-maintenance,"/hard-services, /ppm, /working-at-heights","/, /hard-services",Low,P1,Restored clean historic URL
Drone & Aerial Inspection,aerial drone building inspection,roof drone survey UK, commercial building thermal imaging inspection,High,National,Specialist,All,https://petercurrey.wixsite.com/efm-new/aerial-drone-building-inspection,/aerial-drone-building-inspection,/aerial-drone-building-inspection,"/building-maintenance, /hard-services","/, /hard-services",Low,P1,Unique differentiator preserved exactly
Mobile Crane Hire,mobile crane hire,contract crane lift UK, bocker crane hire, mobile crane hire sheffield,High,Regional,Specialist,Construction,https://petercurrey.wixstudio.com/efmsut17724/mobile-crane-hire,/mobile-crane-hire,/mobile-crane-hire,"/mobile-crane-hire/sheffield, /mobile-crane-hire/chesterfield, /bocker-crane-hire","/, /services",Low,P1,G2 specialist asset preserved
24/7 Reactive Helpdesk,24/7 reactive FM support,emergency FM helpdesk, out of hours property maintenance UK,High,National,Support,All,https://petercurrey.wixsite.com/efm-new/24-7-fm-support,/24-7-fm-support,/24-7-fm-support,"/helpdesk, /client-login, /ppm","/, /contact, /facilities-management-services",Low,P0,Restored high-value conversion & SLA anchor
London Facilities Management (Primary),facilities management London,FM services Greater London, commercial property management London,High,London,Integrated FM,All,https://petercurrey.wixsite.com/efm-new/facilities-management-london,/facilities-management-london,/facilities-management-london,"/london-facilities-management, /fm-london, /commercial-cleaning/london","/, /facilities-management-services, Case Studies",Medium,P0,Tier 1 Primary London Asset (Estate Management & Comprehensive Integrated FM)
London FM Company (Corporate/Procurement),facilities management company London,London FM contractors, managing agent FM London,High,London,Integrated FM,Corporate,https://petercurrey.wixsite.com/efm-new/london-facilities-management,/london-facilities-management,/london-facilities-management,"/facilities-management-london, /fm-london, /sectors/commercial","/, /about, Case Studies",Medium,P0,Tier 1 Secondary London Asset (Corporate Procurement & Tier-One Focus)
London Rapid Response FM,fm london,rapid response FM London, 24/7 maintenance London, M&E engineers central London,High,London,Hard FM,All,https://petercurrey.wixsite.com/efm-new/fm-london,/fm-london,/fm-london,"/facilities-management-london, /london-facilities-management, /24-7-fm-support","/, /contact",Medium,P0,Tier 1 Rapid Response & Operational Asset
Manchester Facilities Management,facilities management Manchester,FM company Manchester, Manchester facilities management services,High,Manchester,Integrated FM,All,https://petercurrey.wixsite.com/efm-new/facilities-management-manchester,/facilities-management-manchester,/facilities-management-manchester,"/fm-manchester, /industrial-cleaning/manchester, /commercial-cleaning/manchester","/, /facilities-management-services",Medium,P0,Tier 1 Primary Manchester Hub
Manchester Rapid Maintenance,fm manchester,Manchester property maintenance, M&E contractors Manchester,High,Manchester,Hard FM,All,https://petercurrey.wixsite.com/efm-new/fm-manchester,/fm-manchester,/fm-manchester,"/facilities-management-manchester, /24-7-fm-support","/, /contact",Medium,P0,Tier 1 Manchester Operational & Rapid Dispatch Hub
Birmingham Facilities Management,facilities management Birmingham,FM company Birmingham, West Midlands facilities management,High,Birmingham,Integrated FM,All,https://petercurrey.wixsite.com/efm-new/facilities-management-birmingham,/facilities-management-birmingham,/facilities-management-birmingham,"/fm-birmingham, /commercial-cleaning/birmingham, /facilities-management-in-the-midlands","/, /facilities-management-services",Medium,P0,Tier 1 Primary Birmingham Hub
Birmingham Rapid Maintenance,fm birmingham,Birmingham building maintenance, reactive maintenance Birmingham,High,Birmingham,Hard FM,All,https://petercurrey.wixsite.com/efm-new/fm-birmingham,/fm-birmingham,/fm-birmingham,"/facilities-management-birmingham, /facilities-management-in-the-midlands","/, /contact",Medium,P0,Tier 1 Birmingham Operational Hub
Chesterfield Facilities Management (HQ Base),facilities management Chesterfield,FM company Chesterfield, building maintenance Chesterfield,High,Chesterfield,Integrated FM,All,https://petercurrey.wixsite.com/efm-new/facilities-management-chesterfield,/facilities-management-chesterfield,/facilities-management-chesterfield,"/fm-chesterfield, /industrial-cleaning/chesterfield, /mobile-crane-hire/chesterfield","/, /about, /contact",Medium,P0,Tier 1 Headquarters & Operational Epicenter
Chesterfield Rapid Response,fm chesterfield,Chesterfield property services, Derbyshire FM contractors,High,Chesterfield,Hard FM,All,https://petercurrey.wixsite.com/efm-new/fm-chesterfield,/fm-chesterfield,/fm-chesterfield,"/facilities-management-chesterfield, /contact","/, /facilities-management-chesterfield",Medium,P0,Tier 1 Chesterfield Operational Hub
Derby Facilities Management,facilities management Derby,FM company Derby, Derbyshire commercial property maintenance,High,Derby,Integrated FM,All,https://petercurrey.wixsite.com/efm-new/facilities-management-derby,/facilities-management-derby,/facilities-management-derby,"/fm-derby, /industrial-cleaning/derby, /facilities-management-in-the-midlands","/, /facilities-management-services",Medium,P1,Tier 1 Derby Primary Hub
Derby Rapid Maintenance,fm derby,Derby maintenance engineers, reactive FM Derby,High,Derby,Hard FM,All,https://petercurrey.wixsite.com/efm-new/fm-derby,/fm-derby,/fm-derby,"/facilities-management-derby, /contact","/, /facilities-management-derby",Medium,P1,Tier 1 Derby Operational Hub
Lincoln Facilities Management (Historic Major),facilities management Lincoln,FM company Lincoln, Lincolnshire commercial property management,High,Lincoln,Integrated FM,All,https://petercurrey.wixsite.com/efm-new/facilities-management-lincoln,/facilities-management-lincoln,/facilities-management-lincoln,"/fm-lincoln, /commercial-fm-lincoln, /industrial-cleaning/lincoln","/, /facilities-management-services",Medium,P0,Tier 1 Major Historic Hub (Comprehensive FM)
Lincoln Operational & Rapid Support,fm lincoln,Lincoln building maintenance, Lincoln FM services,High,Lincoln,Hard FM,All,https://petercurrey.wixsite.com/efm-new/fm-lincoln,/fm-lincoln,/fm-lincoln,"/facilities-management-lincoln, /industrial-fm-lincoln","/, /contact",Medium,P0,Tier 1 Lincoln Operational Hub
Lincoln Commercial Sector FM,commercial fm lincoln,Lincoln office facilities management, commercial property maintenance Lincoln,High,Lincoln,Integrated FM,Commercial,https://petercurrey.wixsite.com/efm-new/commercial-fm-lincoln,/commercial-fm-lincoln,/commercial-fm-lincoln,"/facilities-management-lincoln, /sectors/commercial","/, /facilities-management-lincoln",Low,P1,Restored Historic Niche Winner
Lincoln Industrial Sector FM,industrial fm lincoln,Lincoln factory maintenance, industrial property management Lincoln,High,Lincoln,Hard FM,Industrial,https://petercurrey.wixsite.com/efm-new/industrial-fm-lincoln,/industrial-fm-lincoln,/industrial-fm-lincoln,"/facilities-management-lincoln, /industrial-cleaning/lincoln, /sectors/industrial","/, /facilities-management-lincoln",Low,P1,Restored Historic Niche Winner
Lincoln Residential Sector FM,residential fm lincoln,Lincoln block management FM, residential estate maintenance Lincoln,High,Lincoln,Integrated FM,Residential,https://petercurrey.wixsite.com/efm-new/residential-fm-lincoln,/residential-fm-lincoln,/residential-fm-lincoln,"/facilities-management-lincoln, /sectors/residential","/, /facilities-management-lincoln",Low,P1,Restored Historic Niche Winner
Lincoln Retail Sector FM,retail fm lincoln,Lincoln retail park maintenance, shopping centre FM Lincoln,High,Lincoln,Integrated FM,Retail,https://petercurrey.wixsite.com/efm-new/retail-fm-lincoln,/retail-fm-lincoln,/retail-fm-lincoln,"/facilities-management-lincoln, /sectors/retail","/, /facilities-management-lincoln",Low,P1,Restored Historic Niche Winner
Sheffield Facilities Management,fm sheffield,facilities management Sheffield, Sheffield commercial maintenance,High,Sheffield,Integrated FM,All,https://petercurrey.wixsite.com/efm-new/fm-sheffield,/fm-sheffield,/fm-sheffield,"/industrial-cleaning/sheffield, /mobile-crane-hire/sheffield","/, /facilities-management-services",Low,P0,Tier 1 Major Hub
Leeds Facilities Management,fm leeds,facilities management Leeds, Yorkshire FM contractors,High,Leeds,Integrated FM,All,https://petercurrey.wixsite.com/efm-new/fm-leeds,/fm-leeds,/fm-leeds,"/contract-cleaning/leeds, /commercial-cleaning/leeds","/, /facilities-management-services",Low,P1,Tier 2 Regional Hub
Liverpool Facilities Management,fm liverpool,facilities management Liverpool, Merseyside commercial property services,High,Liverpool,Integrated FM,All,https://petercurrey.wixsite.com/efm-new/fm-liverpool,/fm-liverpool,/fm-liverpool,"/facilities-management-manchester, /contact","/, /facilities-management-services",Low,P1,Tier 2 Regional Hub
Bradford Facilities Management,facilities management bradford,fm bradford, Bradford property maintenance,High,Bradford,Integrated FM,All,https://petercurrey.wixsite.com/efm-new/facilities-management-bradford,/facilities-management-bradford,/facilities-management-bradford,"/fm-bradford, /fm-leeds","/, /facilities-management-services",Medium,P1,Tier 2 Regional Hub
Nottingham Facilities Management,fm nottingham,facilities management Nottingham, East Midlands FM company,High,Nottingham,Integrated FM,All,https://petercurrey.wixsite.com/efm-new/fm-nottingham,/fm-nottingham,/fm-nottingham,"/industrial-cleaning/nottingham, /facilities-management-in-the-midlands","/, /facilities-management-services",Low,P1,Tier 2 Regional Hub
Midlands Regional Hub,facilities management midlands,facilities management in the midlands, Midlands FM contractors,High,Midlands,Integrated FM,All,https://petercurrey.wixsite.com/efm-new/facilities-management-in-the-midlands,/facilities-management-in-the-midlands,/facilities-management-in-the-midlands,"/facilities-management-birmingham, /facilities-management-derby, /facilities-management-lincoln, /fm-nottingham","/, /facilities-management-services",Low,P0,Crucial Regional Umbrella Authority
Commercial Sector FM,commercial facilities management,corporate office FM services, commercial building management UK,High,National,Integrated FM,Commercial,https://petercurrey.wixsite.com/efm-new/commercial-facilities-management,/commercial-facilities-management,/commercial-facilities-management,"/sectors/commercial, /facilities-management-london, /mechanical-electrical","/, /sectors",Low,P0,Restored clean historic URL. Primary commercial sector asset
Industrial & Manufacturing FM,industrial facilities management,manufacturing plant FM, factory facilities management services,High,National,Hard FM,Industrial,https://petercurrey.wixsite.com/efm-new/industrial-facilities-management,/industrial-facilities-management,/industrial-facilities-management,"/sectors/industrial, /industrial-cleaning, /mechanical-electrical","/, /sectors",Low,P0,Restored clean historic URL
Residential Block FM,residential facilities management,block management FM services, property management maintenance UK,High,National,Integrated FM,Residential,https://petercurrey.wixsite.com/efm-new/residential-facilities-management,/residential-facilities-management,/residential-facilities-management,"/sectors/residential, /facilities-management-london, /ppm","/, /sectors",Low,P0,Restored clean historic URL
Retail & Shopping Centre FM,retail facilities management,shopping centre FM contractors, retail park maintenance UK,High,National,Integrated FM,Retail,https://petercurrey.wixsite.com/efm-new/retail-facilities-management,/retail-facilities-management,/retail-facilities-management,"/sectors/retail, /commercial-cleaning, /ppm","/, /sectors",Low,P0,Restored clean historic URL
Hotel & Hospitality FM,hotel facilities management,hospitality FM services UK, hotel maintenance contractor,High,National,Integrated FM,Hospitality,https://petercurrey.wixsite.com/efm-new/hotel-facilities-management,/hotel-facilities-management,/hotel-facilities-management,"/sectors/hotel, /ppm, /mechanical-electrical","/, /sectors",Low,P0,Restored clean historic URL
Education & Schools FM,education facilities management,school FM services UK, academy trust facilities management,High,National,Integrated FM,Education,https://petercurrey.wixsite.com/efm-new/education-facilities-management,/education-facilities-management,/education-facilities-management,"/sectors/education, /education-cleaning, /compliance-checker","/, /sectors",Low,P1,Restored clean historic URL
Healthcare & Clinical FM,healthcare facilities management,clinical FM services UK, medical facility maintenance,High,National,Integrated FM,Healthcare,https://petercurrey.wixsite.com/efm-new/healthcare-facilities-management,/healthcare-facilities-management,/healthcare-facilities-management,"/sectors/healthcare, /medical-cleaning, /compliance-checker","/, /sectors",Low,P1,Restored clean historic URL
Logistics & Distribution FM,logistics facilities management,warehouse facilities management, distribution centre FM UK,High,National,Hard FM,Logistics,https://petercurrey.wixsite.com/efm-new/logistics-facilities-management,/logistics-facilities-management,/logistics-facilities-management,"/sectors/logistics, /industrial-cleaning, /ppm","/, /sectors",Low,P0,Restored clean historic URL
Transport & Aviation FM,transport facilities management,airport facilities management, aviation maintenance FM UK,High,National,Hard FM,Transport,https://petercurrey.wixstudio.com/efmsut17724/transport-facilities-management,/transport-facilities-management,/transport-facilities-management,"/airport-facilities-management, /sectors/transport","/, /sectors",Low,P1,Preserves G2 addition
Stadium & Arena FM,arena facilities management,stadium FM services UK, sports venue facilities management,High,National,Integrated FM,Leisure,https://petercurrey.wixsite.com/efm-new/arena-facilities-management,/arena-facilities-management,/arena-facilities-management,"/sectors/arena-stadium, /security-services, /crowd-control","/, /sectors",Low,P1,Restored clean historic URL
Managing Agent & Property Manager FM,property manager fm services,managing agent facilities management, block managing agent FM contractor,High,National,Integrated FM,Property Management,https://petercurrey.wixsite.com/efm-new/property-manager-fm-services,/property-manager-fm-services,/property-manager-fm-services,"/sectors/managing-agent, /entirecafm, /ppm","/, /sectors",Low,P0,Direct procurement target
What Is Facilities Management (Informational),what is facilities management,facilities management definition, types of facilities management, hard vs soft FM,Informational,National,Integrated FM,All,https://petercurrey.wixsite.com/efm-new/what-is-facilities-management,/what-is-facilities-management,/what-is-facilities-management,"/facilities-management-services, /hard-services, /soft-services","/, /fm-intelligence, /blog",Low,P1,High volume top-of-funnel informational winner restored
FM Industry Glossary,facilities management glossary,FM acronyms, SFG20 definition, CAFM definition,Informational,National,Integrated FM,All,https://petercurrey.wixstudio.com/efmsut17724/fm-support-n-contact/facilities-management-glossary,/facilities-management-glossary,/facilities-management-glossary,"/what-is-facilities-management, /entirecafm","/, /fm-intelligence",Low,P1,Rich reference asset
EntireCAFM Software Platform,entirecafm,CAFM client portal, facilities management software, asset tracking FM,High,National,Technology,All,https://entirefm.com/entirecafm,/entirecafm,/entirecafm,"/client-login, /helpdesk, /ppm","/, Header, Case Studies",Low,P0,Core technology differentiator
