path,routeType,pageType,h1,title,contentStatus,renderedVerified
"/","undefined","undefined","","","COMPLETE","TRUE"
"/24-7-fm-support","undefined","undefined","","","COMPLETE","TRUE"
"/about-entire-facilities-management","undefined","undefined","","","COMPLETE","TRUE"
"/accessibility-statement","undefined","undefined","","","COMPLETE","TRUE"
"/aerial-drone-building-inspection","undefined","undefined","","","COMPLETE","TRUE"
"/airport-facilities-management","undefined","undefined","","","COMPLETE","TRUE"
"/arena-facilities-management","undefined","undefined","","","COMPLETE","TRUE"
"/best-facilities-management-company","undefined","undefined","","","COMPLETE","TRUE"
"/birmingham-facilities-management","undefined","undefined","","","COMPLETE","TRUE"
"/blog","undefined","undefined","","","COMPLETE","TRUE"
"/bocker-crane-hire","undefined","undefined","","","COMPLETE","TRUE"
"/bolton-facilities-management","undefined","undefined","","","COMPLETE","TRUE"
"/bradford-facilities-management","undefined","undefined","","","COMPLETE","TRUE"
"/building-inspecting-testing","undefined","undefined","","","COMPLETE","TRUE"
"/building-maintenance","undefined","undefined","","","COMPLETE","TRUE"
"/bury-facilities-management","undefined","undefined","","","COMPLETE","TRUE"
"/caretaker","undefined","undefined","","","COMPLETE","TRUE"
"/carpark-management","undefined","undefined","","","COMPLETE","TRUE"
"/chesterfield-facilities-management","undefined","undefined","","","COMPLETE","TRUE"
"/cleaning-services","undefined","undefined","","","COMPLETE","TRUE"
"/client-login","undefined","undefined","","","COMPLETE","TRUE"
"/client-login/account-registration","undefined","undefined","","","COMPLETE","TRUE"
"/commercial-cleaning-birmingham","undefined","undefined","","","COMPLETE","TRUE"
"/commercial-cleaning-chesterfield","undefined","undefined","","","COMPLETE","TRUE"
"/commercial-cleaning-leeds","undefined","undefined","","","COMPLETE","TRUE"
"/commercial-cleaning-lincoln","undefined","undefined","","","COMPLETE","TRUE"
"/commercial-cleaning-london","undefined","undefined","","","COMPLETE","TRUE"
"/commercial-cleaning-manchester","undefined","undefined","","","COMPLETE","TRUE"
"/commercial-cleaning-nottingham","undefined","undefined","","","COMPLETE","TRUE"
"/commercial-cleaning-sheffield","undefined","undefined","","","COMPLETE","TRUE"
"/commercial-facilities-management","undefined","undefined","","","COMPLETE","TRUE"
"/commercial-fm-lincoln","undefined","undefined","","","COMPLETE","TRUE"
"/concierge-services","undefined","undefined","","","COMPLETE","TRUE"
"/construction-facilities-management","undefined","undefined","","","COMPLETE","TRUE"
"/contact-us","undefined","undefined","","","COMPLETE","TRUE"
"/contract-cleaning","undefined","undefined","","","COMPLETE","TRUE"
"/contract-cleaning-chesterfield","undefined","undefined","","","COMPLETE","TRUE"
"/contract-cleaning-leeds","undefined","undefined","","","COMPLETE","TRUE"
"/contract-cleaning-lincoln","undefined","undefined","","","COMPLETE","TRUE"
"/contract-cleaning-london","undefined","undefined","","","COMPLETE","TRUE"
"/contract-cleaning-manchester","undefined","undefined","","","COMPLETE","TRUE"
"/contract-cleaning-sheffield","undefined","undefined","","","COMPLETE","TRUE"
"/copy-of-helpdesk-registration","undefined","undefined","","","COMPLETE","TRUE"
"/copy-of-industrial-cleaning","undefined","undefined","","","COMPLETE","TRUE"
"/copy-of-what-is-facilities-manageme","undefined","undefined","","","COMPLETE","TRUE"
"/derby-facilities-management","undefined","undefined","","","COMPLETE","TRUE"
"/doncaster-facilities-management","undefined","undefined","","","COMPLETE","TRUE"
"/education-cleaning","undefined","undefined","","","COMPLETE","TRUE"
"/education-facilities-management","undefined","undefined","","","COMPLETE","TRUE"
"/employment-portal","undefined","undefined","","","COMPLETE","TRUE"
"/external-cleaning-birmingham","undefined","undefined","","","COMPLETE","TRUE"
"/external-cleaning-lincoln","undefined","undefined","","","COMPLETE","TRUE"
"/external-cleaning-london","undefined","undefined","","","COMPLETE","TRUE"
"/external-cleaning-manchester","undefined","undefined","","","COMPLETE","TRUE"
"/facilities-management-birmingham","undefined","undefined","","","COMPLETE","TRUE"
"/facilities-management-blog","undefined","undefined","","","COMPLETE","TRUE"
"/facilities-management-bolton","undefined","undefined","","","COMPLETE","TRUE"
"/facilities-management-bradford","undefined","undefined","","","COMPLETE","TRUE"
"/facilities-management-bury","undefined","undefined","","","COMPLETE","TRUE"
"/facilities-management-chesterfield","undefined","undefined","","","COMPLETE","TRUE"
"/facilities-management-derby","undefined","undefined","","","COMPLETE","TRUE"
"/facilities-management-doncaster","undefined","undefined","","","COMPLETE","TRUE"
"/facilities-management-for/construction-facilities-management","undefined","undefined","","","COMPLETE","TRUE"
"/facilities-management-for/education-%26-schools-facilities-management","undefined","undefined","","","COMPLETE","TRUE"
"/facilities-management-for/healthcare-facilities-management","undefined","undefined","","","COMPLETE","TRUE"
"/facilities-management-for/hotels-%26-resort-facilities-management","undefined","undefined","","","COMPLETE","TRUE"
"/facilities-management-for/industrial-facilities-management","undefined","undefined","","","COMPLETE","TRUE"
"/facilities-management-for/leisure-centre-facilities-management","undefined","undefined","","","COMPLETE","TRUE"
"/facilities-management-for/logistics-%26-distribution-facilities-management","undefined","undefined","","","COMPLETE","TRUE"
"/facilities-management-for/managing-agent-facilities-management","undefined","undefined","","","COMPLETE","TRUE"
"/facilities-management-for/offices%2C-corporate-%26-co-working","undefined","undefined","","","COMPLETE","TRUE"
"/facilities-management-for/residential-facilities-management","undefined","undefined","","","COMPLETE","TRUE"
"/facilities-management-for/restaurant-%26-hospitality-facilities-management","undefined","undefined","","","COMPLETE","TRUE"
"/facilities-management-for/retail-%26-shopping-centre-facilities-management","undefined","undefined","","","COMPLETE","TRUE"
"/facilities-management-for/sports-venue-facilities-management","undefined","undefined","","","COMPLETE","TRUE"
"/facilities-management-for/stadium-%26-arena-facilities-management","undefined","undefined","","","COMPLETE","TRUE"
"/facilities-management-for/warehouse-%26-distribution","undefined","undefined","","","COMPLETE","TRUE"
"/facilities-management-grimsby","undefined","undefined","","","COMPLETE","TRUE"
"/facilities-management-in-telford","undefined","undefined","","","COMPLETE","TRUE"
"/facilities-management-in-the-midlands","undefined","undefined","","","COMPLETE","TRUE"
"/facilities-management-leeds","undefined","undefined","","","COMPLETE","TRUE"
"/facilities-management-lincoln","undefined","undefined","","","COMPLETE","TRUE"
"/facilities-management-liverpool","undefined","undefined","","","COMPLETE","TRUE"
"/facilities-management-london","undefined","undefined","","","COMPLETE","TRUE"
"/facilities-management-manchester","undefined","undefined","","","COMPLETE","TRUE"
"/facilities-management-midlands","undefined","undefined","","","COMPLETE","TRUE"
"/facilities-management-nottingham","undefined","undefined","","","COMPLETE","TRUE"
"/facilities-management-offices","undefined","undefined","","","COMPLETE","TRUE"
"/facilities-management-oxford","undefined","undefined","","","COMPLETE","TRUE"
"/facilities-management-preston","undefined","undefined","","","COMPLETE","TRUE"
"/facilities-management-rotherham","undefined","undefined","","","COMPLETE","TRUE"
"/facilities-management-services","undefined","undefined","","","COMPLETE","TRUE"
"/facilities-management-services-lond","undefined","undefined","","","COMPLETE","TRUE"
"/facilities-management-sheffield","undefined","undefined","","","COMPLETE","TRUE"
"/facilities-management-team","undefined","undefined","","","COMPLETE","TRUE"
"/facilities-management-telford","undefined","undefined","","","COMPLETE","TRUE"
"/facilities-management-wigan","undefined","undefined","","","COMPLETE","TRUE"
"/fire-emergency-systems","undefined","undefined","","","COMPLETE","TRUE"
"/fm-birmingham","undefined","undefined","","","COMPLETE","TRUE"
"/fm-bolton","undefined","undefined","","","COMPLETE","TRUE"
"/fm-bradford","undefined","undefined","","","COMPLETE","TRUE"
"/fm-bury","undefined","undefined","","","COMPLETE","TRUE"
"/fm-chesterfield","undefined","undefined","","","COMPLETE","TRUE"
"/fm-client-info","undefined","undefined","","","COMPLETE","TRUE"
"/fm-derby","undefined","undefined","","","COMPLETE","TRUE"
"/fm-doncaster","undefined","undefined","","","COMPLETE","TRUE"
"/fm-grimsby","undefined","undefined","","","COMPLETE","TRUE"
"/fm-leeds","undefined","undefined","","","COMPLETE","TRUE"
"/fm-lincoln","undefined","undefined","","","COMPLETE","TRUE"
"/fm-liverpool","undefined","undefined","","","COMPLETE","TRUE"
"/fm-london","undefined","undefined","","","COMPLETE","TRUE"
"/fm-manchester","undefined","undefined","","","COMPLETE","TRUE"
"/fm-matlock","undefined","undefined","","","COMPLETE","TRUE"
"/fm-nottingham","undefined","undefined","","","COMPLETE","TRUE"
"/fm-oxford","undefined","undefined","","","COMPLETE","TRUE"
"/fm-preston","undefined","undefined","","","COMPLETE","TRUE"
"/fm-rotherham","undefined","undefined","","","COMPLETE","TRUE"
"/fm-services-sheffield","undefined","undefined","","","COMPLETE","TRUE"
"/fm-sheffield","undefined","undefined","","","COMPLETE","TRUE"
"/fm-supply-chain","undefined","undefined","","","COMPLETE","TRUE"
"/fm-supply-form","undefined","undefined","","","COMPLETE","TRUE"
"/fm-support-n-contact","undefined","undefined","","","COMPLETE","TRUE"
"/fm-support-n-contact/facilities-management-glossary","undefined","undefined","","","COMPLETE","TRUE"
"/fm-technical-services","undefined","undefined","","","COMPLETE","TRUE"
"/fm-telford","undefined","undefined","","","COMPLETE","TRUE"
"/fm-wigan","undefined","undefined","","","COMPLETE","TRUE"
"/gates-barriers","undefined","undefined","","","COMPLETE","TRUE"
"/grimsby-facilities-management","undefined","undefined","","","COMPLETE","TRUE"
"/grounds-maintenance","undefined","undefined","","","COMPLETE","TRUE"
"/hard-services","undefined","undefined","","","COMPLETE","TRUE"
"/healthcare-facilities-management","undefined","undefined","","","COMPLETE","TRUE"
"/helpdesk","undefined","undefined","","","COMPLETE","TRUE"
"/helpdesk-registration","undefined","undefined","","","COMPLETE","TRUE"
"/hot-tub-relocation","undefined","undefined","","","COMPLETE","TRUE"
"/hotel-facilities-management","undefined","undefined","","","COMPLETE","TRUE"
"/hvac-contractor","undefined","undefined","","","COMPLETE","TRUE"
"/industrial-cleaning","undefined","undefined","","","COMPLETE","TRUE"
"/industrial-cleaning-birmingham","undefined","undefined","","","COMPLETE","TRUE"
"/industrial-cleaning-chesterfield","undefined","undefined","","","COMPLETE","TRUE"
"/industrial-cleaning-derby","undefined","undefined","","","COMPLETE","TRUE"
"/industrial-cleaning-leeds","undefined","undefined","","","COMPLETE","TRUE"
"/industrial-cleaning-lincoln","undefined","undefined","","","COMPLETE","TRUE"
"/industrial-cleaning-london","undefined","undefined","","","COMPLETE","TRUE"
"/industrial-cleaning-manchester","undefined","undefined","","","COMPLETE","TRUE"
"/industrial-cleaning-nottingham","undefined","undefined","","","COMPLETE","TRUE"
"/industrial-cleaning-sheffield","undefined","undefined","","","COMPLETE","TRUE"
"/industrial-facilities-management","undefined","undefined","","","COMPLETE","TRUE"
"/industrial-fm-lincoln","undefined","undefined","","","COMPLETE","TRUE"
"/internal-cleaning","undefined","undefined","","","COMPLETE","TRUE"
"/items","undefined","undefined","","","COMPLETE","TRUE"
"/job-board","undefined","undefined","","","COMPLETE","TRUE"
"/landmark-facilities-management","undefined","undefined","","","COMPLETE","TRUE"
"/landscaping","undefined","undefined","","","COMPLETE","TRUE"
"/leeds-facilities-management","undefined","undefined","","","COMPLETE","TRUE"
"/lincoln-facilities-management","undefined","undefined","","","COMPLETE","TRUE"
"/lincoln-facilities-management-areas","undefined","undefined","","","COMPLETE","TRUE"
"/liverpool-facilities-management","undefined","undefined","","","COMPLETE","TRUE"
"/logistics-facilities-management","undefined","undefined","","","COMPLETE","TRUE"
"/london-facilities-management","undefined","undefined","","","COMPLETE","TRUE"
"/london-facilities-management-areas","undefined","undefined","","","COMPLETE","TRUE"
"/manchester-facilities-management","undefined","undefined","","","COMPLETE","TRUE"
"/manchester-facilities-managment","undefined","undefined","","","COMPLETE","TRUE"
"/manchester-office-cleaning","undefined","undefined","","","COMPLETE","TRUE"
"/mechanical-electrical","undefined","undefined","","","COMPLETE","TRUE"
"/mechanical-electrical/access-control","undefined","undefined","","","COMPLETE","TRUE"
"/mechanical-electrical/emergency-light-testing","undefined","undefined","","","COMPLETE","TRUE"
"/media-digital-displays","undefined","undefined","","","COMPLETE","TRUE"
"/medical-cleaning","undefined","undefined","","","COMPLETE","TRUE"
"/mobile-crane-hire","undefined","undefined","","","COMPLETE","TRUE"
"/mobile-crane-hire/chesterfield","undefined","undefined","","","COMPLETE","TRUE"
"/mobile-crane-hire/sheffield","undefined","undefined","","","COMPLETE","TRUE"
"/mobile-crane-hire/truck-mount-crane-hire","undefined","undefined","","","COMPLETE","TRUE"
"/nottingham-facilities-management","undefined","undefined","","","COMPLETE","TRUE"
"/office-cleaning","undefined","undefined","","","COMPLETE","TRUE"
"/office-cleaning-lincoln","undefined","undefined","","","COMPLETE","TRUE"
"/office-cleaning-london","undefined","undefined","","","COMPLETE","TRUE"
"/oxford-facilities-management","undefined","undefined","","","COMPLETE","TRUE"
"/plumbing-gas","undefined","undefined","","","COMPLETE","TRUE"
"/portfolio","undefined","undefined","","","COMPLETE","TRUE"
"/post/facilities-management-in-different-sectors-similarities-differences-and-the-need-for-agility","undefined","undefined","","","COMPLETE","TRUE"
"/post/facilities-management-services-in-lincoln","undefined","undefined","","","COMPLETE","TRUE"
"/post/facilities-management-to-birmingham","undefined","undefined","","","COMPLETE","TRUE"
"/post/the-importance-of-regular-maintenance-and-inspections","undefined","undefined","","","COMPLETE","TRUE"
"/post/the-importance-of-regular-maintenance-and-inspections-1","undefined","undefined","","","COMPLETE","TRUE"
"/post/what-are-hard-services","undefined","undefined","","","COMPLETE","TRUE"
"/post/what-are-hard-services-in-facilities-management","undefined","undefined","","","COMPLETE","TRUE"
"/post/what-are-hard-services-in-facilities-management-1","undefined","undefined","","","COMPLETE","TRUE"
"/post/what-is-facilities-management","undefined","undefined","","","COMPLETE","TRUE"
"/post/what-is-facilities-management-1","undefined","undefined","","","COMPLETE","TRUE"
"/post/what-is-facilities-management-1-1","undefined","undefined","","","COMPLETE","TRUE"
"/ppm","undefined","undefined","","","COMPLETE","TRUE"
"/pressure-washing","undefined","undefined","","","COMPLETE","TRUE"
"/pressure-washing-birmingham","undefined","undefined","","","COMPLETE","TRUE"
"/pressure-washing-lincoln","undefined","undefined","","","COMPLETE","TRUE"
"/pressure-washing-london","undefined","undefined","","","COMPLETE","TRUE"
"/pressure-washing-manchester","undefined","undefined","","","COMPLETE","TRUE"
"/pressure-washing-sheffield","undefined","undefined","","","COMPLETE","TRUE"
"/preston-facilities-management","undefined","undefined","","","COMPLETE","TRUE"
"/privacy-policy","undefined","undefined","","","COMPLETE","TRUE"
"/property-manager-fm-services","undefined","undefined","","","COMPLETE","TRUE"
"/public-sector-facilities-management","undefined","undefined","","","COMPLETE","TRUE"
"/reactive-cleaning-services","undefined","undefined","","","COMPLETE","TRUE"
"/residential-cleaning","undefined","undefined","","","COMPLETE","TRUE"
"/residential-facilities-management","undefined","undefined","","","COMPLETE","TRUE"
"/residential-fm-lincoln","undefined","undefined","","","COMPLETE","TRUE"
"/restaurant-facilities-management","undefined","undefined","","","COMPLETE","TRUE"
"/retail-cleaning","undefined","undefined","","","COMPLETE","TRUE"
"/retail-facilities-management","undefined","undefined","","","COMPLETE","TRUE"
"/retail-fm-lincoln","undefined","undefined","","","COMPLETE","TRUE"
"/rotherham-facilities-management","undefined","undefined","","","COMPLETE","TRUE"
"/safety-critical-emergency-systems","undefined","undefined","","","COMPLETE","TRUE"
"/security-services","undefined","undefined","","","COMPLETE","TRUE"
"/service-station-fm","undefined","undefined","","","COMPLETE","TRUE"
"/services","undefined","undefined","","","COMPLETE","TRUE"
"/sheffield-facilities-management","undefined","undefined","","","COMPLETE","TRUE"
"/soft-services","undefined","undefined","","","COMPLETE","TRUE"
"/sport-centre-facilities-management","undefined","undefined","","","COMPLETE","TRUE"
"/telford-facilities-management","undefined","undefined","","","COMPLETE","TRUE"
"/terms-and-conditions","undefined","undefined","","","COMPLETE","TRUE"
"/tier-one-facilities-management","undefined","undefined","","","COMPLETE","TRUE"
"/tierone-facilities-managment","undefined","undefined","","","COMPLETE","TRUE"
"/transport-facilities-management","undefined","undefined","","","COMPLETE","TRUE"
"/vending-supplier","undefined","undefined","","","COMPLETE","TRUE"
"/warehouse-facilities-management","undefined","undefined","","","COMPLETE","TRUE"
"/washroom-management","undefined","undefined","","","COMPLETE","TRUE"
"/what-is-facilities-management","undefined","undefined","","","COMPLETE","TRUE"
"/wigan-facilities-management","undefined","undefined","","","COMPLETE","TRUE"
"/window-cleaning","undefined","undefined","","","COMPLETE","TRUE"
"/working-at-heights","undefined","undefined","","","COMPLETE","TRUE"