URL,Status Code,Content Type,Content Length,Title,H1,Canonical,Meta Robots
https://entirefmagv002.vercel.app/aerial-drone-building-inspection,200,"text/html; charset=utf-8",106188,"Aerial Drone Building Inspections | High-Level Surveys | Entire FM | Entire FM","Aerial Drone Building Inspections &amp; Roof Surveys",https://www.entirefm.com/aerial-drone-building-inspection,noindex, nofollow
https://entirefmagv002.vercel.app/accessibility-statement,200,"text/html; charset=utf-8",65713,"Accessibility Statement | Entire FM | Entire FM","Accessibility Statement",https://www.entirefm.com/accessibility-statement,noindex, nofollow
https://entirefmagv002.vercel.app/about-entire-facilities-management,200,"text/html; charset=utf-8",82254,"About Entire Facilities Management | Facilities Management &amp; Engineering | Entire FM | Entire FM","About Entire Facilities Management — Facilities Management &amp; Engineering",https://www.entirefm.com/about-entire-facilities-management,noindex, nofollow
https://entirefmagv002.vercel.app/24-7-fm-support,200,"text/html; charset=utf-8",105740,"24 7 Fm Support | Facilities Management &amp; Engineering | Entire FM | Entire FM","24 7 Fm Support — Facilities Management &amp; Engineering",https://www.entirefm.com/24-7-fm-support,noindex, nofollow
https://entirefmagv002.vercel.app/,200,"text/html; charset=utf-8",175126,"Entire FM | Total Facilities Management Services UK","Total Facilities Management &amp; Engineering Precision",https://www.entirefm.com,noindex, nofollow
https://entirefmagv002.vercel.app/blog,200,"text/html; charset=utf-8",87886,"Blog | Facilities Management &amp; Engineering | Entire FM | Entire FM","Blog — Facilities Management &amp; Engineering",https://www.entirefm.com/blog,noindex, nofollow
https://entirefmagv002.vercel.app/airport-facilities-management,200,"text/html; charset=utf-8",106315,"Airport Facilities Management | Terminal &amp; Airside Engineering | Entire FM | Entire FM","Airport &amp; Aviation Terminal Facilities Management",https://www.entirefm.com/airport-facilities-management,noindex, nofollow
https://entirefmagv002.vercel.app/best-facilities-management-company,200,"text/html; charset=utf-8",82254,"Best Facilities Management Company | Facilities Management &amp; Engineering | Entire FM | Entire FM","Best Facilities Management Company — Facilities Management &amp; Engineering",https://www.entirefm.com/best-facilities-management-company,noindex, nofollow
https://entirefmagv002.vercel.app/arena-facilities-management,200,"text/html; charset=utf-8",106402,"Arena Facilities Management | Entertainment Complex FM | Entire FM | Entire FM","Arena &amp; Large Entertainment Complex Facilities Management",https://www.entirefm.com/arena-facilities-management,noindex, nofollow
https://entirefmagv002.vercel.app/birmingham-facilities-management,200,"text/html; charset=utf-8",107139,"Birmingham Facilities Management | Facilities Management &amp; Engineering | Entire FM | Entire FM","Birmingham Facilities Management — Facilities Management &amp; Engineering",https://www.entirefm.com/birmingham-facilities-management,noindex, nofollow
https://entirefmagv002.vercel.app/building-maintenance,200,"text/html; charset=utf-8",106028,"Commercial Building Fabric Maintenance | Property Repairs | Entire FM | Entire FM","Commercial Building Fabric Maintenance &amp; Repairs",https://www.entirefm.com/building-maintenance,noindex, nofollow
https://entirefmagv002.vercel.app/bolton-facilities-management,200,"text/html; charset=utf-8",106879,"Bolton Facilities Management | Facilities Management &amp; Engineering | Entire FM | Entire FM","Bolton Facilities Management — Facilities Management &amp; Engineering",https://www.entirefm.com/bolton-facilities-management,noindex, nofollow
https://entirefmagv002.vercel.app/building-inspecting-testing,200,"text/html; charset=utf-8",106172,"Building Inspecting Testing | Facilities Management &amp; Engineering | Entire FM | Entire FM","Building Inspecting Testing — Facilities Management &amp; Engineering",https://www.entirefm.com/building-inspecting-testing,noindex, nofollow
https://entirefmagv002.vercel.app/bradford-facilities-management,200,"text/html; charset=utf-8",107006,"Bradford Facilities Management | Facilities Management &amp; Engineering | Entire FM | Entire FM","Bradford Facilities Management — Facilities Management &amp; Engineering",https://www.entirefm.com/bradford-facilities-management,noindex, nofollow
https://entirefmagv002.vercel.app/bocker-crane-hire,200,"text/html; charset=utf-8",105646,"Bocker Crane Hire | Facilities Management &amp; Engineering | Entire FM | Entire FM","Bocker Crane Hire — Facilities Management &amp; Engineering",https://www.entirefm.com/bocker-crane-hire,noindex, nofollow
https://entirefmagv002.vercel.app/cleaning-services,200,"text/html; charset=utf-8",105646,"Cleaning Services | Facilities Management &amp; Engineering | Entire FM | Entire FM","Cleaning Services — Facilities Management &amp; Engineering",https://www.entirefm.com/cleaning-services,noindex, nofollow
https://entirefmagv002.vercel.app/caretaker,200,"text/html; charset=utf-8",105888,"On-Site Caretaker &amp; Building Warden Services | Entire FM | Entire FM","On-Site Caretaking &amp; Building Warden Services",https://www.entirefm.com/caretaker,noindex, nofollow
https://entirefmagv002.vercel.app/carpark-management,200,"text/html; charset=utf-8",105848,"Carpark Management | Facilities Management &amp; Engineering | Entire FM | Entire FM","Carpark Management — Facilities Management &amp; Engineering",https://www.entirefm.com/carpark-management,noindex, nofollow
https://entirefmagv002.vercel.app/chesterfield-facilities-management,200,"text/html; charset=utf-8",107234,"Chesterfield Facilities Management | Facilities Management &amp; Engineering | Entire FM | Entire FM","Chesterfield Facilities Management — Facilities Management &amp; Engineering",https://www.entirefm.com/chesterfield-facilities-management,noindex, nofollow
https://entirefmagv002.vercel.app/bury-facilities-management,200,"text/html; charset=utf-8",106765,"Bury Facilities Management | Facilities Management &amp; Engineering | Entire FM | Entire FM","Bury Facilities Management — Facilities Management &amp; Engineering",https://www.entirefm.com/bury-facilities-management,noindex, nofollow
https://entirefmagv002.vercel.app/commercial-cleaning-leeds,200,"text/html; charset=utf-8",107090,"Commercial Cleaning Leeds | Commercial Specialist Services | Entire FM | Entire FM","Commercial Cleaning in Leeds &amp; Surrounding Districts",https://www.entirefm.com/commercial-cleaning-leeds,noindex, nofollow
https://entirefmagv002.vercel.app/commercial-cleaning-birmingham,200,"text/html; charset=utf-8",107370,"Commercial Cleaning Birmingham | Commercial Specialist Services | Entire FM | Entire FM","Commercial Cleaning in Birmingham &amp; Surrounding Districts",https://www.entirefm.com/commercial-cleaning-birmingham,noindex, nofollow
https://entirefmagv002.vercel.app/client-login/account-registration,200,"text/html; charset=utf-8",71778,"Client Login/Account Registration | Facilities Management &amp; Engineering | Entire FM | Entire FM","Client Login/Account Registration — Facilities Management &amp; Engineering",https://www.entirefm.com/client-login/account-registration,noindex, nofollow
https://entirefmagv002.vercel.app/commercial-cleaning-chesterfield,200,"text/html; charset=utf-8",107495,"Commercial Cleaning Chesterfield | Commercial Specialist Services | Entire FM | Entire FM","Commercial Cleaning in Chesterfield &amp; Surrounding Districts",https://www.entirefm.com/commercial-cleaning-chesterfield,noindex, nofollow
https://entirefmagv002.vercel.app/client-login,200,"text/html; charset=utf-8",71249,"Client Login | Facilities Management &amp; Engineering | Entire FM | Entire FM","Client Login — Facilities Management &amp; Engineering",https://www.entirefm.com/client-login,noindex, nofollow
https://entirefmagv002.vercel.app/commercial-cleaning-sheffield,200,"text/html; charset=utf-8",107314,"Commercial Cleaning Sheffield | Commercial Specialist Services | Entire FM | Entire FM","Commercial Cleaning in Sheffield &amp; Surrounding Districts",https://www.entirefm.com/commercial-cleaning-sheffield,noindex, nofollow
https://entirefmagv002.vercel.app/commercial-cleaning-lincoln,200,"text/html; charset=utf-8",107202,"Commercial Cleaning Lincoln | Commercial Specialist Services | Entire FM | Entire FM","Commercial Cleaning in Lincoln &amp; Surrounding Districts",https://www.entirefm.com/commercial-cleaning-lincoln,noindex, nofollow
https://entirefmagv002.vercel.app/commercial-cleaning-nottingham,200,"text/html; charset=utf-8",107370,"Commercial Cleaning Nottingham | Commercial Specialist Services | Entire FM | Entire FM","Commercial Cleaning in Nottingham &amp; Surrounding Districts",https://www.entirefm.com/commercial-cleaning-nottingham,noindex, nofollow
https://entirefmagv002.vercel.app/commercial-cleaning-london,200,"text/html; charset=utf-8",107146,"Commercial Cleaning London | Commercial Specialist Services | Entire FM | Entire FM","Commercial Cleaning in London &amp; Surrounding Districts",https://www.entirefm.com/commercial-cleaning-london,noindex, nofollow
https://entirefmagv002.vercel.app/commercial-cleaning-manchester,200,"text/html; charset=utf-8",107370,"Commercial Cleaning Manchester | Commercial Specialist Services | Entire FM | Entire FM","Commercial Cleaning in Manchester &amp; Surrounding Districts",https://www.entirefm.com/commercial-cleaning-manchester,noindex, nofollow
https://entirefmagv002.vercel.app/contact-us,200,"text/html; charset=utf-8",76313,"Contact Us | Facilities Management &amp; Engineering | Entire FM | Entire FM","Contact Entire Facilities Management",https://www.entirefm.com/contact-us,noindex, nofollow
https://entirefmagv002.vercel.app/concierge-services,200,"text/html; charset=utf-8",106105,"Corporate Concierge &amp; Front-of-House Reception Services | Entire FM | Entire FM","Corporate Concierge &amp; Front-of-House Reception Services",https://www.entirefm.com/concierge-services,noindex, nofollow
https://entirefmagv002.vercel.app/commercial-fm-lincoln,200,"text/html; charset=utf-8",106854,"Commercial Fm Lincoln | Facilities Management &amp; Engineering | Entire FM | Entire FM","Commercial Fm Lincoln — Facilities Management &amp; Engineering",https://www.entirefm.com/commercial-fm-lincoln,noindex, nofollow
https://entirefmagv002.vercel.app/commercial-facilities-management,200,"text/html; charset=utf-8",106305,"Commercial Facilities Management | Facilities Management &amp; Engineering | Entire FM | Entire FM","Commercial Facilities Management — Facilities Management &amp; Engineering",https://www.entirefm.com/commercial-facilities-management,noindex, nofollow
https://entirefmagv002.vercel.app/construction-facilities-management,200,"text/html; charset=utf-8",106381,"Construction Facilities Management | Facilities Management &amp; Engineering | Entire FM | Entire FM","Construction Facilities Management — Facilities Management &amp; Engineering",https://www.entirefm.com/construction-facilities-management,noindex, nofollow
https://entirefmagv002.vercel.app/contract-cleaning-london,200,"text/html; charset=utf-8",106947,"Contract Cleaning London | Commercial Office &amp; Estate Cleaning | Entire FM | Entire FM","Contract Commercial Cleaning in London",https://www.entirefm.com/contract-cleaning-london,noindex, nofollow
https://entirefmagv002.vercel.app/contract-cleaning-lincoln,200,"text/html; charset=utf-8",106952,"Contract Cleaning Lincoln | Commercial Cleaning Contractors | Entire FM | Entire FM","Contract Commercial Cleaning in Lincoln",https://www.entirefm.com/contract-cleaning-lincoln,noindex, nofollow
https://entirefmagv002.vercel.app/contract-cleaning-leeds,200,"text/html; charset=utf-8",106992,"Contract Cleaning Leeds | Commercial Specialist Services | Entire FM | Entire FM","Contract Cleaning in Leeds &amp; Surrounding Districts",https://www.entirefm.com/contract-cleaning-leeds,noindex, nofollow
https://entirefmagv002.vercel.app/contract-cleaning-chesterfield,200,"text/html; charset=utf-8",107414,"Contract Cleaning Chesterfield | Commercial Specialist Services | Entire FM | Entire FM","Contract Cleaning in Chesterfield &amp; Surrounding Districts",https://www.entirefm.com/contract-cleaning-chesterfield,noindex, nofollow
https://entirefmagv002.vercel.app/contract-cleaning,200,"text/html; charset=utf-8",105646,"Contract Cleaning | Facilities Management &amp; Engineering | Entire FM | Entire FM","Contract Cleaning — Facilities Management &amp; Engineering",https://www.entirefm.com/contract-cleaning,noindex, nofollow
https://entirefmagv002.vercel.app/copy-of-what-is-facilities-manageme,200,"text/html; charset=utf-8",88735,"Copy Of What Is Facilities Manageme | Facilities Management &amp; Engineering | Entire FM | Entire FM","Copy Of What Is Facilities Manageme — Facilities Management &amp; Engineering",https://www.entirefm.com/copy-of-what-is-facilities-manageme,noindex, nofollow
https://entirefmagv002.vercel.app/copy-of-industrial-cleaning,200,"text/html; charset=utf-8",106404,"Specialist Industrial Cleaning Services | Factory Sanitisation | Entire FM | Entire FM","Specialist Industrial &amp; Heavy Plant Cleaning",https://www.entirefm.com/copy-of-industrial-cleaning,noindex, nofollow
https://entirefmagv002.vercel.app/copy-of-helpdesk-registration,200,"text/html; charset=utf-8",71674,"Copy Of Helpdesk Registration | Facilities Management &amp; Engineering | Entire FM | Entire FM","Copy Of Helpdesk Registration — Facilities Management &amp; Engineering",https://www.entirefm.com/copy-of-helpdesk-registration,noindex, nofollow
https://entirefmagv002.vercel.app/contract-cleaning-manchester,200,"text/html; charset=utf-8",107132,"Contract Cleaning Manchester | Commercial Cleaning Services | Entire FM | Entire FM","Contract Commercial Cleaning in Manchester",https://www.entirefm.com/contract-cleaning-manchester,noindex, nofollow
https://entirefmagv002.vercel.app/contract-cleaning-sheffield,200,"text/html; charset=utf-8",107246,"Contract Cleaning Sheffield | Commercial Specialist Services | Entire FM | Entire FM","Contract Cleaning in Sheffield &amp; Surrounding Districts",https://www.entirefm.com/contract-cleaning-sheffield,noindex, nofollow
https://entirefmagv002.vercel.app/employment-portal,200,"text/html; charset=utf-8",78496,"Employment Portal | Facilities Management &amp; Engineering | Entire FM | Entire FM","Employment Portal — Facilities Management &amp; Engineering",https://www.entirefm.com/employment-portal,noindex, nofollow
https://entirefmagv002.vercel.app/doncaster-facilities-management,200,"text/html; charset=utf-8",107063,"Doncaster Facilities Management | Facilities Management &amp; Engineering | Entire FM | Entire FM","Doncaster Facilities Management — Facilities Management &amp; Engineering",https://www.entirefm.com/doncaster-facilities-management,noindex, nofollow
https://entirefmagv002.vercel.app/education-facilities-management,200,"text/html; charset=utf-8",106383,"Education Facilities Management | School &amp; University FM | Entire FM | Entire FM","Education Facilities Management &amp; Campus Building Services",https://www.entirefm.com/education-facilities-management,noindex, nofollow
https://entirefmagv002.vercel.app/education-cleaning,200,"text/html; charset=utf-8",106211,"Education Cleaning Services | School &amp; College Contract Cleaning | Entire FM | Entire FM","Educational Campus &amp; School Term-Time Contract Cleaning",https://www.entirefm.com/education-cleaning,noindex, nofollow
https://entirefmagv002.vercel.app/derby-facilities-management,200,"text/html; charset=utf-8",106822,"Derby Facilities Management | Facilities Management &amp; Engineering | Entire FM | Entire FM","Derby Facilities Management — Facilities Management &amp; Engineering",https://www.entirefm.com/derby-facilities-management,noindex, nofollow
https://entirefmagv002.vercel.app/facilities-management-birmingham,200,"text/html; charset=utf-8",107105,"Facilities Management Birmingham | Facilities Management &amp; Engineering | Entire FM | Entire FM","Facilities Management Birmingham — Facilities Management &amp; Engineering",https://www.entirefm.com/facilities-management-birmingham,noindex, nofollow
https://entirefmagv002.vercel.app/external-cleaning-london,200,"text/html; charset=utf-8",107126,"External Cleaning London | Facade &amp; Cladding Jet Washing | Entire FM | Entire FM","External Facade  Cladding &amp; Grounds Cleaning in London",https://www.entirefm.com/external-cleaning-london,noindex, nofollow
https://entirefmagv002.vercel.app/external-cleaning-lincoln,200,"text/html; charset=utf-8",107206,"External Cleaning Lincoln | Cladding &amp; Grounds Jet Washing | Entire FM | Entire FM","External Grounds  Cladding &amp; Pressure Cleaning in Lincoln",https://www.entirefm.com/external-cleaning-lincoln,noindex, nofollow
https://entirefmagv002.vercel.app/external-cleaning-birmingham,200,"text/html; charset=utf-8",107302,"Contract Cleaning Birmingham | Commercial Specialist Services | Entire FM | Entire FM","Contract Cleaning in Birmingham &amp; Surrounding Districts",https://www.entirefm.com/external-cleaning-birmingham,noindex, nofollow
https://entirefmagv002.vercel.app/external-cleaning-manchester,200,"text/html; charset=utf-8",107302,"External Cleaning Manchester | Cladding &amp; Grounds Jet Wash | Entire FM | Entire FM","External Grounds  Cladding &amp; Jet Washing in Manchester",https://www.entirefm.com/external-cleaning-manchester,noindex, nofollow
https://entirefmagv002.vercel.app/facilities-management-chesterfield,200,"text/html; charset=utf-8",107207,"Facilities Management Chesterfield | Facilities Management &amp; Engineering | Entire FM | Entire FM","Facilities Management Chesterfield — Facilities Management &amp; Engineering",https://www.entirefm.com/facilities-management-chesterfield,noindex, nofollow
https://entirefmagv002.vercel.app/facilities-management-bury,200,"text/html; charset=utf-8",106765,"Facilities Management Bury | Facilities Management &amp; Engineering | Entire FM | Entire FM","Facilities Management Bury — Facilities Management &amp; Engineering",https://www.entirefm.com/facilities-management-bury,noindex, nofollow
https://entirefmagv002.vercel.app/facilities-management-blog,200,"text/html; charset=utf-8",88480,"Facilities Management Blog | Facilities Management &amp; Engineering | Entire FM | Entire FM","Facilities Management Blog — Facilities Management &amp; Engineering",https://www.entirefm.com/facilities-management-blog,noindex, nofollow
https://entirefmagv002.vercel.app/facilities-management-bradford,200,"text/html; charset=utf-8",107006,"Facilities Management Bradford | Facilities Management &amp; Engineering | Entire FM | Entire FM","Facilities Management Bradford — Facilities Management &amp; Engineering",https://www.entirefm.com/facilities-management-bradford,noindex, nofollow
https://entirefmagv002.vercel.app/facilities-management-bolton,200,"text/html; charset=utf-8",106879,"Facilities Management Bolton | Facilities Management &amp; Engineering | Entire FM | Entire FM","Facilities Management Bolton — Facilities Management &amp; Engineering",https://www.entirefm.com/facilities-management-bolton,noindex, nofollow
https://entirefmagv002.vercel.app/facilities-management-for/healthcare-facilities-management,200,"text/html; charset=utf-8",106472,"Medical Clinic Facilities Management | Healthcare Estate FM | Entire FM | Entire FM","Medical Clinic &amp; Health Centre Facilities Management",https://www.entirefm.com/facilities-management-for/healthcare-facilities-management,noindex, nofollow
https://entirefmagv002.vercel.app/facilities-management-for/construction-facilities-management,200,"text/html; charset=utf-8",107373,"Facilities Management For/Construction Facilities Management | Facilities Management &amp; Engineering | Entire FM | Entire FM","Facilities Management For/Construction Facilities Management — Facilities Management &amp; Engineering",https://www.entirefm.com/facilities-management-for/construction-facilities-management,noindex, nofollow
https://entirefmagv002.vercel.app/facilities-management-doncaster,200,"text/html; charset=utf-8",107063,"Facilities Management Doncaster | Facilities Management &amp; Engineering | Entire FM | Entire FM","Facilities Management Doncaster — Facilities Management &amp; Engineering",https://www.entirefm.com/facilities-management-doncaster,noindex, nofollow
https://entirefmagv002.vercel.app/facilities-management-for/education-%26-schools-facilities-management,200,"text/html; charset=utf-8",106661,"Schools Facilities Management | Academy Trust Building Care | Entire FM | Entire FM","Schools &amp; Multi-Academy Trust Facilities Management",https://www.entirefm.com/facilities-management-for/education-%26-schools-facilities-management,noindex, nofollow
https://entirefmagv002.vercel.app/facilities-management-derby,200,"text/html; charset=utf-8",106822,"Facilities Management Derby | Facilities Management &amp; Engineering | Entire FM | Entire FM","Facilities Management Derby — Facilities Management &amp; Engineering",https://www.entirefm.com/facilities-management-derby,noindex, nofollow
https://entirefmagv002.vercel.app/facilities-management-for/managing-agent-facilities-management,200,"text/html; charset=utf-8",106750,"Managing Agent Facilities Management | Portfolio Compliance | Entire FM | Entire FM","Facilities Management for Commercial Managing Agents",https://www.entirefm.com/facilities-management-for/managing-agent-facilities-management,noindex, nofollow
https://entirefmagv002.vercel.app/facilities-management-for/industrial-facilities-management,200,"text/html; charset=utf-8",106750,"Industrial Estate Facilities Management | Heavy Plant FM | Entire FM | Entire FM","Industrial Estate &amp; Factory Facilities Management",https://www.entirefm.com/facilities-management-for/industrial-facilities-management,noindex, nofollow
https://entirefmagv002.vercel.app/facilities-management-for/leisure-centre-facilities-management,200,"text/html; charset=utf-8",107449,"Facilities Management For/Leisure Centre Facilities Management | Facilities Management &amp; Engineering | Entire FM | Entire FM","Facilities Management For/Leisure Centre Facilities Management — Facilities Management &amp; Engineering",https://www.entirefm.com/facilities-management-for/leisure-centre-facilities-management,noindex, nofollow
https://entirefmagv002.vercel.app/facilities-management-for/logistics-%26-distribution-facilities-management,200,"text/html; charset=utf-8",106789,"Logistics &amp; Distribution Facilities Management | Supply Hub FM | Entire FM | Entire FM","Distribution Hub &amp; Supply Chain Facilities Management",https://www.entirefm.com/facilities-management-for/logistics-%26-distribution-facilities-management,noindex, nofollow
https://entirefmagv002.vercel.app/facilities-management-for/hotels-%26-resort-facilities-management,200,"text/html; charset=utf-8",106457,"Hotels &amp; Resort Facilities Management | Luxury Estate FM | Entire FM | Entire FM","Resort &amp; Luxury Hotel Facilities Management",https://www.entirefm.com/facilities-management-for/hotels-%26-resort-facilities-management,noindex, nofollow
https://entirefmagv002.vercel.app/facilities-management-for/sports-venue-facilities-management,200,"text/html; charset=utf-8",106661,"Sports Venue Facilities Management | Athletics &amp; Stadium FM | Entire FM | Entire FM","Sports Venue &amp; Athletics Facilities Management",https://www.entirefm.com/facilities-management-for/sports-venue-facilities-management,noindex, nofollow
https://entirefmagv002.vercel.app/facilities-management-for/retail-%26-shopping-centre-facilities-management,200,"text/html; charset=utf-8",106829,"Shopping Centre Facilities Management | Retail Park FM | Entire FM | Entire FM","Shopping Centre &amp; Retail Park Facilities Management",https://www.entirefm.com/facilities-management-for/retail-%26-shopping-centre-facilities-management,noindex, nofollow
https://entirefmagv002.vercel.app/facilities-management-for/residential-facilities-management,200,"text/html; charset=utf-8",106769,"Residential Estate Facilities Management | Gated Community FM | Entire FM | Entire FM","Private Residential Estate &amp; Gated Community Facilities Management",https://www.entirefm.com/facilities-management-for/residential-facilities-management,noindex, nofollow
https://entirefmagv002.vercel.app/facilities-management-for/offices%2C-corporate-%26-co-working,200,"text/html; charset=utf-8",107419,"Facilities Management For/Offices%2C Corporate %26 Co Working | Facilities Management &amp; Engineering | Entire FM | Entire FM","Facilities Management For/Offices%2C Corporate %26 Co Working — Facilities Management &amp; Engineering",https://www.entirefm.com/facilities-management-for/offices%2C-corporate-%26-co-working,noindex, nofollow
https://entirefmagv002.vercel.app/facilities-management-for/restaurant-%26-hospitality-facilities-management,200,"text/html; charset=utf-8",107896,"Facilities Management For/Restaurant %26 Hospitality Facilities Management | Facilities Management &amp; Engineering | Entire FM | Entire FM","Facilities Management For/Restaurant %26 Hospitality Facilities Management — Facilities Management &amp; Engineering",https://www.entirefm.com/facilities-management-for/restaurant-%26-hospitality-facilities-management,noindex, nofollow
https://entirefmagv002.vercel.app/facilities-management-in-the-midlands,200,"text/html; charset=utf-8",107223,"Facilities Management In The Midlands | Facilities Management &amp; Engineering | Entire FM | Entire FM","Facilities Management In The Midlands — Facilities Management &amp; Engineering",https://www.entirefm.com/facilities-management-in-the-midlands,noindex, nofollow
https://entirefmagv002.vercel.app/facilities-management-in-telford,200,"text/html; charset=utf-8",107042,"Facilities Management In Telford | Facilities Management &amp; Engineering | Entire FM | Entire FM","Facilities Management In Telford — Facilities Management &amp; Engineering",https://www.entirefm.com/facilities-management-in-telford,noindex, nofollow
https://entirefmagv002.vercel.app/facilities-management-grimsby,200,"text/html; charset=utf-8",106936,"Facilities Management Grimsby | Facilities Management &amp; Engineering | Entire FM | Entire FM","Facilities Management Grimsby — Facilities Management &amp; Engineering",https://www.entirefm.com/facilities-management-grimsby,noindex, nofollow
https://entirefmagv002.vercel.app/facilities-management-for/stadium-%26-arena-facilities-management,200,"text/html; charset=utf-8",106701,"Stadium &amp; Arena Facilities Management | High-Capacity Venue FM | Entire FM | Entire FM","Stadium &amp; Major Arena Facilities Management",https://www.entirefm.com/facilities-management-for/stadium-%26-arena-facilities-management,noindex, nofollow
https://entirefmagv002.vercel.app/facilities-management-for/warehouse-%26-distribution,200,"text/html; charset=utf-8",106654,"Warehouse &amp; Distribution Facilities Management | Fulfilment FM | Entire FM | Entire FM","High-Bay Warehouse &amp; Fulfilment Centre Facilities Management",https://www.entirefm.com/facilities-management-for/warehouse-%26-distribution,noindex, nofollow
https://entirefmagv002.vercel.app/facilities-management-manchester,200,"text/html; charset=utf-8",107105,"Facilities Management Manchester | Facilities Management &amp; Engineering | Entire FM | Entire FM","Facilities Management Manchester — Facilities Management &amp; Engineering",https://www.entirefm.com/facilities-management-manchester,noindex, nofollow
https://entirefmagv002.vercel.app/facilities-management-liverpool,200,"text/html; charset=utf-8",107063,"Facilities Management Liverpool | Facilities Management &amp; Engineering | Entire FM | Entire FM","Facilities Management Liverpool — Facilities Management &amp; Engineering",https://www.entirefm.com/facilities-management-liverpool,noindex, nofollow
https://entirefmagv002.vercel.app/facilities-management-leeds,200,"text/html; charset=utf-8",106837,"Facilities Management Leeds | Facilities Management &amp; Engineering | Entire FM | Entire FM","Facilities Management Leeds — Facilities Management &amp; Engineering",https://www.entirefm.com/facilities-management-leeds,noindex, nofollow
https://entirefmagv002.vercel.app/facilities-management-london,200,"text/html; charset=utf-8",106888,"Facilities Management London | Facilities Management &amp; Engineering | Entire FM | Entire FM","Facilities Management London — Facilities Management &amp; Engineering",https://www.entirefm.com/facilities-management-london,noindex, nofollow
https://entirefmagv002.vercel.app/facilities-management-lincoln,200,"text/html; charset=utf-8",106939,"Facilities Management Lincoln | Facilities Management &amp; Engineering | Entire FM | Entire FM","Facilities Management Lincoln — Facilities Management &amp; Engineering",https://www.entirefm.com/facilities-management-lincoln,noindex, nofollow
https://entirefmagv002.vercel.app/facilities-management-preston,200,"text/html; charset=utf-8",106936,"Facilities Management Preston | Facilities Management &amp; Engineering | Entire FM | Entire FM","Facilities Management Preston — Facilities Management &amp; Engineering",https://www.entirefm.com/facilities-management-preston,noindex, nofollow
https://entirefmagv002.vercel.app/facilities-management-midlands,200,"text/html; charset=utf-8",107006,"Facilities Management Midlands | Facilities Management &amp; Engineering | Entire FM | Entire FM","Facilities Management Midlands — Facilities Management &amp; Engineering",https://www.entirefm.com/facilities-management-midlands,noindex, nofollow
https://entirefmagv002.vercel.app/facilities-management-nottingham,200,"text/html; charset=utf-8",107120,"Facilities Management Nottingham | Facilities Management &amp; Engineering | Entire FM | Entire FM","Facilities Management Nottingham — Facilities Management &amp; Engineering",https://www.entirefm.com/facilities-management-nottingham,noindex, nofollow
https://entirefmagv002.vercel.app/facilities-management-oxford,200,"text/html; charset=utf-8",106879,"Facilities Management Oxford | Facilities Management &amp; Engineering | Entire FM | Entire FM","Facilities Management Oxford — Facilities Management &amp; Engineering",https://www.entirefm.com/facilities-management-oxford,noindex, nofollow
https://entirefmagv002.vercel.app/facilities-management-offices,200,"text/html; charset=utf-8",106191,"Facilities Management Offices | Facilities Management &amp; Engineering | Entire FM | Entire FM","Facilities Management Offices — Facilities Management &amp; Engineering",https://www.entirefm.com/facilities-management-offices,noindex, nofollow
https://entirefmagv002.vercel.app/facilities-management-team,200,"text/html; charset=utf-8",82038,"Facilities Management Team | Facilities Management &amp; Engineering | Entire FM | Entire FM","Facilities Management Team — Facilities Management &amp; Engineering",https://www.entirefm.com/facilities-management-team,noindex, nofollow
https://entirefmagv002.vercel.app/facilities-management-services-lond,200,"text/html; charset=utf-8",106473,"Facilities Management Services Lond | Facilities Management &amp; Engineering | Entire FM | Entire FM","Facilities Management Services Lond — Facilities Management &amp; Engineering",https://www.entirefm.com/facilities-management-services-lond,noindex, nofollow
https://entirefmagv002.vercel.app/facilities-management-rotherham,200,"text/html; charset=utf-8",107063,"Facilities Management Rotherham | Facilities Management &amp; Engineering | Entire FM | Entire FM","Facilities Management Rotherham — Facilities Management &amp; Engineering",https://www.entirefm.com/facilities-management-rotherham,noindex, nofollow
https://entirefmagv002.vercel.app/facilities-management-sheffield,200,"text/html; charset=utf-8",107054,"Facilities Management Sheffield | Facilities Management &amp; Engineering | Entire FM | Entire FM","Facilities Management Sheffield — Facilities Management &amp; Engineering",https://www.entirefm.com/facilities-management-sheffield,noindex, nofollow
https://entirefmagv002.vercel.app/facilities-management-services,200,"text/html; charset=utf-8",106293,"Facilities Management Services | Facilities Management &amp; Engineering | Entire FM | Entire FM","Facilities Management Services — Facilities Management &amp; Engineering",https://www.entirefm.com/facilities-management-services,noindex, nofollow
https://entirefmagv002.vercel.app/fm-bolton,200,"text/html; charset=utf-8",106260,"Fm Bolton | Facilities Management &amp; Engineering | Entire FM | Entire FM","Fm Bolton — Facilities Management &amp; Engineering",https://www.entirefm.com/fm-bolton,noindex, nofollow
https://entirefmagv002.vercel.app/fm-birmingham,200,"text/html; charset=utf-8",106488,"Fm Birmingham | Facilities Management &amp; Engineering | Entire FM | Entire FM","Fm Birmingham — Facilities Management &amp; Engineering",https://www.entirefm.com/fm-birmingham,noindex, nofollow
https://entirefmagv002.vercel.app/facilities-management-telford,200,"text/html; charset=utf-8",106936,"Facilities Management Telford | Facilities Management &amp; Engineering | Entire FM | Entire FM","Facilities Management Telford — Facilities Management &amp; Engineering",https://www.entirefm.com/facilities-management-telford,noindex, nofollow
https://entirefmagv002.vercel.app/facilities-management-wigan,200,"text/html; charset=utf-8",106822,"Facilities Management Wigan | Facilities Management &amp; Engineering | Entire FM | Entire FM","Facilities Management Wigan — Facilities Management &amp; Engineering",https://www.entirefm.com/facilities-management-wigan,noindex, nofollow
https://entirefmagv002.vercel.app/fire-emergency-systems,200,"text/html; charset=utf-8",106230,"Fire &amp; Life Safety Emergency Systems | Alarm &amp; Detection FM | Entire FM | Entire FM","Fire Alarm &amp; Emergency Life Safety Systems Maintenance",https://www.entirefm.com/fire-emergency-systems,noindex, nofollow
https://entirefmagv002.vercel.app/fm-derby,200,"text/html; charset=utf-8",106195,"Fm Derby | Facilities Management &amp; Engineering | Entire FM | Entire FM","Fm Derby — Facilities Management &amp; Engineering",https://www.entirefm.com/fm-derby,noindex, nofollow
https://entirefmagv002.vercel.app/fm-client-info,200,"text/html; charset=utf-8",71299,"Fm Client Info | Facilities Management &amp; Engineering | Entire FM | Entire FM","Fm Client Info — Facilities Management &amp; Engineering",https://www.entirefm.com/fm-client-info,noindex, nofollow
https://entirefmagv002.vercel.app/fm-bury,200,"text/html; charset=utf-8",106138,"Fm Bury | Facilities Management &amp; Engineering | Entire FM | Entire FM","Fm Bury — Facilities Management &amp; Engineering",https://www.entirefm.com/fm-bury,noindex, nofollow
https://entirefmagv002.vercel.app/fm-chesterfield,200,"text/html; charset=utf-8",106602,"Fm Chesterfield | Facilities Management &amp; Engineering | Entire FM | Entire FM","Fm Chesterfield — Facilities Management &amp; Engineering",https://www.entirefm.com/fm-chesterfield,noindex, nofollow
https://entirefmagv002.vercel.app/fm-bradford,200,"text/html; charset=utf-8",106374,"Fm Bradford | Facilities Management &amp; Engineering | Entire FM | Entire FM","Fm Bradford — Facilities Management &amp; Engineering",https://www.entirefm.com/fm-bradford,noindex, nofollow
https://entirefmagv002.vercel.app/fm-liverpool,200,"text/html; charset=utf-8",106431,"Fm Liverpool | Facilities Management &amp; Engineering | Entire FM | Entire FM","Fm Liverpool — Facilities Management &amp; Engineering",https://www.entirefm.com/fm-liverpool,noindex, nofollow
https://entirefmagv002.vercel.app/fm-lincoln,200,"text/html; charset=utf-8",106317,"Fm Lincoln | Facilities Management &amp; Engineering | Entire FM | Entire FM","Fm Lincoln — Facilities Management &amp; Engineering",https://www.entirefm.com/fm-lincoln,noindex, nofollow
https://entirefmagv002.vercel.app/fm-doncaster,200,"text/html; charset=utf-8",106431,"Fm Doncaster | Facilities Management &amp; Engineering | Entire FM | Entire FM","Fm Doncaster — Facilities Management &amp; Engineering",https://www.entirefm.com/fm-doncaster,noindex, nofollow
https://entirefmagv002.vercel.app/fm-leeds,200,"text/html; charset=utf-8",106195,"Fm Leeds | Facilities Management &amp; Engineering | Entire FM | Entire FM","Fm Leeds — Facilities Management &amp; Engineering",https://www.entirefm.com/fm-leeds,noindex, nofollow
https://entirefmagv002.vercel.app/fm-grimsby,200,"text/html; charset=utf-8",106317,"Fm Grimsby | Facilities Management &amp; Engineering | Entire FM | Entire FM","Fm Grimsby — Facilities Management &amp; Engineering",https://www.entirefm.com/fm-grimsby,noindex, nofollow
https://entirefmagv002.vercel.app/fm-oxford,200,"text/html; charset=utf-8",106260,"Fm Oxford | Facilities Management &amp; Engineering | Entire FM | Entire FM","Fm Oxford — Facilities Management &amp; Engineering",https://www.entirefm.com/fm-oxford,noindex, nofollow
https://entirefmagv002.vercel.app/fm-matlock,200,"text/html; charset=utf-8",106317,"Fm Matlock | Facilities Management &amp; Engineering | Entire FM | Entire FM","Fm Matlock — Facilities Management &amp; Engineering",https://www.entirefm.com/fm-matlock,noindex, nofollow
https://entirefmagv002.vercel.app/fm-nottingham,200,"text/html; charset=utf-8",106488,"Fm Nottingham | Facilities Management &amp; Engineering | Entire FM | Entire FM","Fm Nottingham — Facilities Management &amp; Engineering",https://www.entirefm.com/fm-nottingham,noindex, nofollow
https://entirefmagv002.vercel.app/fm-london,200,"text/html; charset=utf-8",106260,"Fm London | Facilities Management &amp; Engineering | Entire FM | Entire FM","Fm London — Facilities Management &amp; Engineering",https://www.entirefm.com/fm-london,noindex, nofollow
https://entirefmagv002.vercel.app/fm-manchester,200,"text/html; charset=utf-8",106488,"Fm Manchester | Facilities Management &amp; Engineering | Entire FM | Entire FM","Fm Manchester — Facilities Management &amp; Engineering",https://www.entirefm.com/fm-manchester,noindex, nofollow
https://entirefmagv002.vercel.app/fm-supply-chain,200,"text/html; charset=utf-8",69111,"Fm Supply Chain | Facilities Management &amp; Engineering | Entire FM | Entire FM","Fm Supply Chain — Facilities Management &amp; Engineering",https://www.entirefm.com/fm-supply-chain,noindex, nofollow
https://entirefmagv002.vercel.app/fm-rotherham,200,"text/html; charset=utf-8",106431,"Fm Rotherham | Facilities Management &amp; Engineering | Entire FM | Entire FM","Fm Rotherham — Facilities Management &amp; Engineering",https://www.entirefm.com/fm-rotherham,noindex, nofollow
https://entirefmagv002.vercel.app/fm-preston,200,"text/html; charset=utf-8",106317,"Fm Preston | Facilities Management &amp; Engineering | Entire FM | Entire FM","Fm Preston — Facilities Management &amp; Engineering",https://www.entirefm.com/fm-preston,noindex, nofollow
https://entirefmagv002.vercel.app/fm-services-sheffield,200,"text/html; charset=utf-8",106740,"Fm Services Sheffield | Facilities Management &amp; Engineering | Entire FM | Entire FM","Fm Services Sheffield — Facilities Management &amp; Engineering",https://www.entirefm.com/fm-services-sheffield,noindex, nofollow
https://entirefmagv002.vercel.app/fm-sheffield,200,"text/html; charset=utf-8",106431,"Fm Sheffield | Facilities Management &amp; Engineering | Entire FM | Entire FM","Fm Sheffield — Facilities Management &amp; Engineering",https://www.entirefm.com/fm-sheffield,noindex, nofollow
https://entirefmagv002.vercel.app/fm-telford,200,"text/html; charset=utf-8",106317,"Fm Telford | Facilities Management &amp; Engineering | Entire FM | Entire FM","Fm Telford — Facilities Management &amp; Engineering",https://www.entirefm.com/fm-telford,noindex, nofollow
https://entirefmagv002.vercel.app/fm-support-n-contact,200,"text/html; charset=utf-8",76493,"Fm Support N Contact | Facilities Management &amp; Engineering | Entire FM | Entire FM","Contact Entire Facilities Management",https://www.entirefm.com/fm-support-n-contact,noindex, nofollow
https://entirefmagv002.vercel.app/fm-supply-form,200,"text/html; charset=utf-8",69086,"Fm Supply Form | Facilities Management &amp; Engineering | Entire FM | Entire FM","Fm Supply Form — Facilities Management &amp; Engineering",https://www.entirefm.com/fm-supply-form,noindex, nofollow
https://entirefmagv002.vercel.app/fm-support-n-contact/facilities-management-glossary,200,"text/html; charset=utf-8",89212,"Fm Support N Contact/Facilities Management Glossary | Facilities Management &amp; Engineering | Entire FM | Entire FM","Fm Support N Contact/Facilities Management Glossary — Facilities Management &amp; Engineering",https://www.entirefm.com/fm-support-n-contact/facilities-management-glossary,noindex, nofollow
https://entirefmagv002.vercel.app/fm-technical-services,200,"text/html; charset=utf-8",105956,"Fm Technical Services | Facilities Management &amp; Engineering | Entire FM | Entire FM","Fm Technical Services — Facilities Management &amp; Engineering",https://www.entirefm.com/fm-technical-services,noindex, nofollow
https://entirefmagv002.vercel.app/hard-services,200,"text/html; charset=utf-8",105668,"Hard Services | Facilities Management &amp; Engineering | Entire FM | Entire FM","Hard Services — Facilities Management &amp; Engineering",https://www.entirefm.com/hard-services,noindex, nofollow
https://entirefmagv002.vercel.app/grounds-maintenance,200,"text/html; charset=utf-8",105884,"Grounds Maintenance | Facilities Management &amp; Engineering | Entire FM | Entire FM","Grounds Maintenance — Facilities Management &amp; Engineering",https://www.entirefm.com/grounds-maintenance,noindex, nofollow
https://entirefmagv002.vercel.app/grimsby-facilities-management,200,"text/html; charset=utf-8",106936,"Grimsby Facilities Management | Facilities Management &amp; Engineering | Entire FM | Entire FM","Grimsby Facilities Management — Facilities Management &amp; Engineering",https://www.entirefm.com/grimsby-facilities-management,noindex, nofollow
https://entirefmagv002.vercel.app/fm-wigan,200,"text/html; charset=utf-8",106195,"Fm Wigan | Facilities Management &amp; Engineering | Entire FM | Entire FM","Fm Wigan — Facilities Management &amp; Engineering",https://www.entirefm.com/fm-wigan,noindex, nofollow
https://entirefmagv002.vercel.app/gates-barriers,200,"text/html; charset=utf-8",106232,"Automated Gates &amp; Vehicle Barriers | Perimeter Access | Entire FM | Entire FM","Automated Gates  Barriers &amp; Perimeter Access Control",https://www.entirefm.com/gates-barriers,noindex, nofollow
https://entirefmagv002.vercel.app/hotel-facilities-management,200,"text/html; charset=utf-8",106118,"Hotel &amp; Hospitality Facilities Management | Guest Experience FM | Entire FM | Entire FM","Hotel &amp; Hospitality Facilities Management",https://www.entirefm.com/hotel-facilities-management,noindex, nofollow
https://entirefmagv002.vercel.app/hot-tub-relocation,200,"text/html; charset=utf-8",105865,"Commercial Spa &amp; Hot Tub Relocation Services | Entire FM | Entire FM","Commercial Spa &amp; Hot Tub Relocation Services",https://www.entirefm.com/hot-tub-relocation,noindex, nofollow
https://entirefmagv002.vercel.app/helpdesk-registration,200,"text/html; charset=utf-8",71474,"Helpdesk Registration | Facilities Management &amp; Engineering | Entire FM | Entire FM","Helpdesk Registration — Facilities Management &amp; Engineering",https://www.entirefm.com/helpdesk-registration,noindex, nofollow
https://entirefmagv002.vercel.app/healthcare-facilities-management,200,"text/html; charset=utf-8",106321,"Healthcare Facilities Management | Medical &amp; Clinic FM | Entire FM | Entire FM","Healthcare Facilities Management &amp; Clinical Estate Maintenance",https://www.entirefm.com/healthcare-facilities-management,noindex, nofollow
https://entirefmagv002.vercel.app/helpdesk,200,"text/html; charset=utf-8",71149,"Helpdesk | Facilities Management &amp; Engineering | Entire FM | Entire FM","Helpdesk — Facilities Management &amp; Engineering",https://www.entirefm.com/helpdesk,noindex, nofollow
https://entirefmagv002.vercel.app/industrial-cleaning-derby,200,"text/html; charset=utf-8",107480,"Industrial Cleaning Derby | Manufacturing Plant Cleaning | Entire FM | Entire FM","Industrial Cleaning &amp; Plant Decontamination in Derby",https://www.entirefm.com/industrial-cleaning-derby,noindex, nofollow
https://entirefmagv002.vercel.app/industrial-cleaning-chesterfield,200,"text/html; charset=utf-8",107725,"Industrial Cleaning Chesterfield | Factory &amp; Workshop Cleaning | Entire FM | Entire FM","Industrial Cleaning &amp; Plant Decontamination in Chesterfield",https://www.entirefm.com/industrial-cleaning-chesterfield,noindex, nofollow
https://entirefmagv002.vercel.app/hvac-contractor,200,"text/html; charset=utf-8",114285,"Commercial HVAC Contractor | Heating  Ventilation &amp; Air Conditioning | Entire FM | Entire FM","Commercial HVAC Contractor — Heating  Ventilation &amp; Air Conditioning",https://www.entirefm.com/hvac-contractor,noindex, nofollow
https://entirefmagv002.vercel.app/industrial-cleaning,200,"text/html; charset=utf-8",106459,"Industrial Cleaning Contractors | Plant &amp; Warehouse Decontamination | Entire FM | Entire FM","Industrial Cleaning &amp; Factory Decontamination Services",https://www.entirefm.com/industrial-cleaning,noindex, nofollow
https://entirefmagv002.vercel.app/industrial-cleaning-birmingham,200,"text/html; charset=utf-8",107643,"Industrial Cleaning Birmingham | Factory &amp; Plant Jet Wash | Entire FM | Entire FM","Industrial Cleaning &amp; Plant Decontamination in Birmingham",https://www.entirefm.com/industrial-cleaning-birmingham,noindex, nofollow
https://entirefmagv002.vercel.app/industrial-cleaning-nottingham,200,"text/html; charset=utf-8",107667,"Industrial Cleaning Nottingham | Factory &amp; Warehouse Cleaning | Entire FM | Entire FM","Industrial Cleaning &amp; Plant Decontamination in Nottingham",https://www.entirefm.com/industrial-cleaning-nottingham,noindex, nofollow
https://entirefmagv002.vercel.app/industrial-cleaning-manchester,200,"text/html; charset=utf-8",107703,"Industrial Cleaning Manchester | Manufacturing &amp; Warehouse Cleaning | Entire FM | Entire FM","Industrial Cleaning &amp; Plant Decontamination in Manchester",https://www.entirefm.com/industrial-cleaning-manchester,noindex, nofollow
https://entirefmagv002.vercel.app/industrial-cleaning-lincoln,200,"text/html; charset=utf-8",107589,"Industrial Cleaning Lincoln | Engineering &amp; Workshop Cleaning | Entire FM | Entire FM","Industrial Cleaning &amp; Plant Decontamination in Lincoln",https://www.entirefm.com/industrial-cleaning-lincoln,noindex, nofollow
https://entirefmagv002.vercel.app/industrial-cleaning-leeds,200,"text/html; charset=utf-8",107507,"Industrial Cleaning Leeds | Factory &amp; Logistics Cleaning | Entire FM | Entire FM","Industrial Cleaning &amp; Plant Decontamination in Leeds",https://www.entirefm.com/industrial-cleaning-leeds,noindex, nofollow
https://entirefmagv002.vercel.app/industrial-cleaning-london,200,"text/html; charset=utf-8",107563,"Industrial Cleaning London | Industrial Unit &amp; Plant Cleaning | Entire FM | Entire FM","Industrial Cleaning &amp; Plant Decontamination in London",https://www.entirefm.com/industrial-cleaning-london,noindex, nofollow
https://entirefmagv002.vercel.app/items,200,"text/html; charset=utf-8",119968,"Items | Facilities Management &amp; Engineering | Entire FM | Entire FM","Items — Facilities Management &amp; Engineering",https://www.entirefm.com/items,noindex, nofollow
https://entirefmagv002.vercel.app/internal-cleaning,200,"text/html; charset=utf-8",105646,"Internal Cleaning | Facilities Management &amp; Engineering | Entire FM | Entire FM","Internal Cleaning — Facilities Management &amp; Engineering",https://www.entirefm.com/internal-cleaning,noindex, nofollow
https://entirefmagv002.vercel.app/industrial-facilities-management,200,"text/html; charset=utf-8",106728,"Industrial Facilities Management | Factory &amp; Plant Maintenance | Entire FM | Entire FM","Industrial Facilities Management &amp; Manufacturing Plant Maintenance",https://www.entirefm.com/industrial-facilities-management,noindex, nofollow
https://entirefmagv002.vercel.app/industrial-cleaning-sheffield,200,"text/html; charset=utf-8",107677,"Industrial Cleaning Sheffield | Steelworks &amp; Manufacturing Cleaning | Entire FM | Entire FM","Industrial Cleaning &amp; Plant Decontamination in Sheffield",https://www.entirefm.com/industrial-cleaning-sheffield,noindex, nofollow
https://entirefmagv002.vercel.app/industrial-fm-lincoln,200,"text/html; charset=utf-8",107600,"Industrial FM Lincoln | Manufacturing &amp; Plant Maintenance | Entire FM | Entire FM","Industrial Facilities Management &amp; Factory Maintenance in Lincoln",https://www.entirefm.com/industrial-fm-lincoln,noindex, nofollow
https://entirefmagv002.vercel.app/lincoln-facilities-management,200,"text/html; charset=utf-8",106936,"Lincoln Facilities Management | Facilities Management &amp; Engineering | Entire FM | Entire FM","Lincoln Facilities Management — Facilities Management &amp; Engineering",https://www.entirefm.com/lincoln-facilities-management,noindex, nofollow
https://entirefmagv002.vercel.app/leeds-facilities-management,200,"text/html; charset=utf-8",106881,"Leeds Facilities Management | Facilities Management &amp; Engineering | Entire FM | Entire FM","Leeds Facilities Management — Facilities Management &amp; Engineering",https://www.entirefm.com/leeds-facilities-management,noindex, nofollow
https://entirefmagv002.vercel.app/landmark-facilities-management,200,"text/html; charset=utf-8",106229,"Landmark Facilities Management | Facilities Management &amp; Engineering | Entire FM | Entire FM","Landmark Facilities Management — Facilities Management &amp; Engineering",https://www.entirefm.com/landmark-facilities-management,noindex, nofollow
https://entirefmagv002.vercel.app/landscaping,200,"text/html; charset=utf-8",105596,"Landscaping | Facilities Management &amp; Engineering | Entire FM | Entire FM","Landscaping — Facilities Management &amp; Engineering",https://www.entirefm.com/landscaping,noindex, nofollow
https://entirefmagv002.vercel.app/job-board,200,"text/html; charset=utf-8",78283,"Job Board | Facilities Management &amp; Engineering | Entire FM | Entire FM","Job Board — Facilities Management &amp; Engineering",https://www.entirefm.com/job-board,noindex, nofollow
https://entirefmagv002.vercel.app/london-facilities-management-areas,200,"text/html; charset=utf-8",107370,"London Facilities Management Areas | Facilities Management &amp; Engineering | Entire FM | Entire FM","London Facilities Management Areas — Facilities Management &amp; Engineering",https://www.entirefm.com/london-facilities-management-areas,noindex, nofollow
https://entirefmagv002.vercel.app/london-facilities-management,200,"text/html; charset=utf-8",106930,"London Facilities Management | Facilities Management &amp; Engineering | Entire FM | Entire FM","London Facilities Management — Facilities Management &amp; Engineering",https://www.entirefm.com/london-facilities-management,noindex, nofollow
https://entirefmagv002.vercel.app/logistics-facilities-management,200,"text/html; charset=utf-8",106376,"Logistics Facilities Management | Distribution Centre FM | Entire FM | Entire FM","Logistics Park &amp; Distribution Centre Facilities Management",https://www.entirefm.com/logistics-facilities-management,noindex, nofollow
https://entirefmagv002.vercel.app/liverpool-facilities-management,200,"text/html; charset=utf-8",107063,"Liverpool Facilities Management | Facilities Management &amp; Engineering | Entire FM | Entire FM","Liverpool Facilities Management — Facilities Management &amp; Engineering",https://www.entirefm.com/liverpool-facilities-management,noindex, nofollow
https://entirefmagv002.vercel.app/lincoln-facilities-management-areas,200,"text/html; charset=utf-8",107429,"Lincoln Facilities Management Areas | Facilities Management &amp; Engineering | Entire FM | Entire FM","Lincoln Facilities Management Areas — Facilities Management &amp; Engineering",https://www.entirefm.com/lincoln-facilities-management-areas,noindex, nofollow
https://entirefmagv002.vercel.app/mechanical-electrical/access-control,200,"text/html; charset=utf-8",106513,"Mechanical Electrical/Access Control | Facilities Management &amp; Engineering | Entire FM | Entire FM","Mechanical Electrical/Access Control — Facilities Management &amp; Engineering",https://www.entirefm.com/mechanical-electrical/access-control,noindex, nofollow
https://entirefmagv002.vercel.app/mechanical-electrical,200,"text/html; charset=utf-8",116628,"Mechanical &amp; Electrical Engineering Contractors | M&amp;E Services | Entire FM | Entire FM","Mechanical &amp; Electrical (M&amp;E) Engineering Contractors",https://www.entirefm.com/mechanical-electrical,noindex, nofollow
https://entirefmagv002.vercel.app/manchester-facilities-managment,200,"text/html; charset=utf-8",106329,"Manchester Facilities Managment | Facilities Management &amp; Engineering | Entire FM | Entire FM","Manchester Facilities Managment — Facilities Management &amp; Engineering",https://www.entirefm.com/manchester-facilities-managment,noindex, nofollow
https://entirefmagv002.vercel.app/manchester-facilities-management,200,"text/html; charset=utf-8",107139,"Manchester Facilities Management | Facilities Management &amp; Engineering | Entire FM | Entire FM","Manchester Facilities Management — Facilities Management &amp; Engineering",https://www.entirefm.com/manchester-facilities-management,noindex, nofollow
https://entirefmagv002.vercel.app/manchester-office-cleaning,200,"text/html; charset=utf-8",107234,"Office Cleaning Manchester | Commercial Specialist Services | Entire FM | Entire FM","Office Cleaning in Manchester &amp; Surrounding Districts",https://www.entirefm.com/manchester-office-cleaning,noindex, nofollow
https://entirefmagv002.vercel.app/mobile-crane-hire/chesterfield,200,"text/html; charset=utf-8",106131,"Mobile Crane Hire/Chesterfield | Facilities Management &amp; Engineering | Entire FM | Entire FM","Mobile Crane Hire/Chesterfield — Facilities Management &amp; Engineering",https://www.entirefm.com/mobile-crane-hire/chesterfield,noindex, nofollow
https://entirefmagv002.vercel.app/mechanical-electrical/emergency-light-testing,200,"text/html; charset=utf-8",106837,"Mechanical Electrical/Emergency Light Testing | Facilities Management &amp; Engineering | Entire FM | Entire FM","Mechanical Electrical/Emergency Light Testing — Facilities Management &amp; Engineering",https://www.entirefm.com/mechanical-electrical/emergency-light-testing,noindex, nofollow
https://entirefmagv002.vercel.app/mobile-crane-hire,200,"text/html; charset=utf-8",105646,"Mobile Crane Hire | Facilities Management &amp; Engineering | Entire FM | Entire FM","Mobile Crane Hire — Facilities Management &amp; Engineering",https://www.entirefm.com/mobile-crane-hire,noindex, nofollow
https://entirefmagv002.vercel.app/media-digital-displays,200,"text/html; charset=utf-8",105992,"Media Digital Displays | Facilities Management &amp; Engineering | Entire FM | Entire FM","Media Digital Displays — Facilities Management &amp; Engineering",https://www.entirefm.com/media-digital-displays,noindex, nofollow
https://entirefmagv002.vercel.app/medical-cleaning,200,"text/html; charset=utf-8",105610,"Medical Cleaning | Facilities Management &amp; Engineering | Entire FM | Entire FM","Medical Cleaning — Facilities Management &amp; Engineering",https://www.entirefm.com/medical-cleaning,noindex, nofollow
https://entirefmagv002.vercel.app/office-cleaning-lincoln,200,"text/html; charset=utf-8",107036,"Office Cleaning Lincoln | Commercial Specialist Services | Entire FM | Entire FM","Office Cleaning in Lincoln &amp; Surrounding Districts",https://www.entirefm.com/office-cleaning-lincoln,noindex, nofollow
https://entirefmagv002.vercel.app/nottingham-facilities-management,200,"text/html; charset=utf-8",107120,"Nottingham Facilities Management | Facilities Management &amp; Engineering | Entire FM | Entire FM","Nottingham Facilities Management — Facilities Management &amp; Engineering",https://www.entirefm.com/nottingham-facilities-management,noindex, nofollow
https://entirefmagv002.vercel.app/office-cleaning,200,"text/html; charset=utf-8",105574,"Office Cleaning | Facilities Management &amp; Engineering | Entire FM | Entire FM","Office Cleaning — Facilities Management &amp; Engineering",https://www.entirefm.com/office-cleaning,noindex, nofollow
https://entirefmagv002.vercel.app/mobile-crane-hire/sheffield,200,"text/html; charset=utf-8",106023,"Mobile Crane Hire/Sheffield | Facilities Management &amp; Engineering | Entire FM | Entire FM","Mobile Crane Hire/Sheffield — Facilities Management &amp; Engineering",https://www.entirefm.com/mobile-crane-hire/sheffield,noindex, nofollow
https://entirefmagv002.vercel.app/mobile-crane-hire/truck-mount-crane-hire,200,"text/html; charset=utf-8",106491,"Mobile Crane Hire/Truck Mount Crane Hire | Facilities Management &amp; Engineering | Entire FM | Entire FM","Mobile Crane Hire/Truck Mount Crane Hire — Facilities Management &amp; Engineering",https://www.entirefm.com/mobile-crane-hire/truck-mount-crane-hire,noindex, nofollow
https://entirefmagv002.vercel.app/post/facilities-management-in-different-sectors-similarities-differences-and-the-need-for-agility,200,"text/html; charset=utf-8",90396,"Post/Facilities Management In Different Sectors Similarities Differences And The Need For Agility | Facilities Management &amp; Engineering | Entire FM | Entire FM","Post/Facilities Management In Different Sectors Similarities Differences And The Need For Agility — Facilities Management &amp; Engineering",https://www.entirefm.com/post/facilities-management-in-different-sectors-similarities-differences-and-the-need-for-agility,noindex, nofollow
https://entirefmagv002.vercel.app/portfolio,200,"text/html; charset=utf-8",87089,"Portfolio | Facilities Management &amp; Engineering | Entire FM | Entire FM","Portfolio — Facilities Management &amp; Engineering",https://www.entirefm.com/portfolio,noindex, nofollow
https://entirefmagv002.vercel.app/oxford-facilities-management,200,"text/html; charset=utf-8",106879,"Oxford Facilities Management | Facilities Management &amp; Engineering | Entire FM | Entire FM","Oxford Facilities Management — Facilities Management &amp; Engineering",https://www.entirefm.com/oxford-facilities-management,noindex, nofollow
https://entirefmagv002.vercel.app/plumbing-gas,200,"text/html; charset=utf-8",107421,"Commercial Plumbing &amp; Gas Services | Plant Room Maintenance | Entire FM | Entire FM","Commercial Plumbing &amp; Gas Engineering Services",https://www.entirefm.com/plumbing-gas,noindex, nofollow
https://entirefmagv002.vercel.app/office-cleaning-london,200,"text/html; charset=utf-8",106980,"Office Cleaning London | Commercial Specialist Services | Entire FM | Entire FM","Office Cleaning in London &amp; Surrounding Districts",https://www.entirefm.com/office-cleaning-london,noindex, nofollow
https://entirefmagv002.vercel.app/post/what-are-hard-services,200,"text/html; charset=utf-8",88511,"Post/What Are Hard Services | Facilities Management &amp; Engineering | Entire FM | Entire FM","Post/What Are Hard Services — Facilities Management &amp; Engineering",https://www.entirefm.com/post/what-are-hard-services,noindex, nofollow
https://entirefmagv002.vercel.app/post/the-importance-of-regular-maintenance-and-inspections-1,200,"text/html; charset=utf-8",89389,"Post/The Importance Of Regular Maintenance And Inspections 1 | Facilities Management &amp; Engineering | Entire FM | Entire FM","Post/The Importance Of Regular Maintenance And Inspections 1 — Facilities Management &amp; Engineering",https://www.entirefm.com/post/the-importance-of-regular-maintenance-and-inspections-1,noindex, nofollow
https://entirefmagv002.vercel.app/post/facilities-management-to-birmingham,200,"text/html; charset=utf-8",88862,"Post/Facilities Management To Birmingham | Facilities Management &amp; Engineering | Entire FM | Entire FM","Post/Facilities Management To Birmingham — Facilities Management &amp; Engineering",https://www.entirefm.com/post/facilities-management-to-birmingham,noindex, nofollow
https://entirefmagv002.vercel.app/post/the-importance-of-regular-maintenance-and-inspections,200,"text/html; charset=utf-8",89335,"Post/The Importance Of Regular Maintenance And Inspections | Facilities Management &amp; Engineering | Entire FM | Entire FM","Post/The Importance Of Regular Maintenance And Inspections — Facilities Management &amp; Engineering",https://www.entirefm.com/post/the-importance-of-regular-maintenance-and-inspections,noindex, nofollow
https://entirefmagv002.vercel.app/post/facilities-management-services-in-lincoln,200,"text/html; charset=utf-8",89011,"Post/Facilities Management Services In Lincoln | Facilities Management &amp; Engineering | Entire FM | Entire FM","Post/Facilities Management Services In Lincoln — Facilities Management &amp; Engineering",https://www.entirefm.com/post/facilities-management-services-in-lincoln,noindex, nofollow
https://entirefmagv002.vercel.app/post/what-is-facilities-management-1,200,"text/html; charset=utf-8",88754,"Post/What Is Facilities Management 1 | Facilities Management &amp; Engineering | Entire FM | Entire FM","Post/What Is Facilities Management 1 — Facilities Management &amp; Engineering",https://www.entirefm.com/post/what-is-facilities-management-1,noindex, nofollow
https://entirefmagv002.vercel.app/post/what-is-facilities-management-1-1,200,"text/html; charset=utf-8",88808,"Post/What Is Facilities Management 1 1 | Facilities Management &amp; Engineering | Entire FM | Entire FM","Post/What Is Facilities Management 1 1 — Facilities Management &amp; Engineering",https://www.entirefm.com/post/what-is-facilities-management-1-1,noindex, nofollow
https://entirefmagv002.vercel.app/post/what-are-hard-services-in-facilities-management-1,200,"text/html; charset=utf-8",89227,"Post/What Are Hard Services In Facilities Management 1 | Facilities Management &amp; Engineering | Entire FM | Entire FM","Post/What Are Hard Services In Facilities Management 1 — Facilities Management &amp; Engineering",https://www.entirefm.com/post/what-are-hard-services-in-facilities-management-1,noindex, nofollow
https://entirefmagv002.vercel.app/post/what-is-facilities-management,200,"text/html; charset=utf-8",88700,"Post/What Is Facilities Management | Facilities Management &amp; Engineering | Entire FM | Entire FM","Post/What Is Facilities Management — Facilities Management &amp; Engineering",https://www.entirefm.com/post/what-is-facilities-management,noindex, nofollow
https://entirefmagv002.vercel.app/post/what-are-hard-services-in-facilities-management,200,"text/html; charset=utf-8",89173,"Post/What Are Hard Services In Facilities Management | Facilities Management &amp; Engineering | Entire FM | Entire FM","Post/What Are Hard Services In Facilities Management — Facilities Management &amp; Engineering",https://www.entirefm.com/post/what-are-hard-services-in-facilities-management,noindex, nofollow
https://entirefmagv002.vercel.app/pressure-washing-lincoln,200,"text/html; charset=utf-8",107826,"Pressure Washing &amp; External Surface Care Lincoln | Commercial Specialist Services | Entire FM | Entire FM","Pressure Washing &amp; External Surface Care in Lincoln &amp; Surrounding Districts",https://www.entirefm.com/pressure-washing-lincoln,noindex, nofollow
https://entirefmagv002.vercel.app/pressure-washing-london,200,"text/html; charset=utf-8",107770,"Pressure Washing &amp; External Surface Care London | Commercial Specialist Services | Entire FM | Entire FM","Pressure Washing &amp; External Surface Care in London &amp; Surrounding Districts",https://www.entirefm.com/pressure-washing-london,noindex, nofollow
https://entirefmagv002.vercel.app/pressure-washing,200,"text/html; charset=utf-8",105610,"Pressure Washing | Facilities Management &amp; Engineering | Entire FM | Entire FM","Pressure Washing — Facilities Management &amp; Engineering",https://www.entirefm.com/pressure-washing,noindex, nofollow
https://entirefmagv002.vercel.app/pressure-washing-birmingham,200,"text/html; charset=utf-8",107994,"Pressure Washing &amp; External Surface Care Birmingham | Commercial Specialist Services | Entire FM | Entire FM","Pressure Washing &amp; External Surface Care in Birmingham &amp; Surrounding Districts",https://www.entirefm.com/pressure-washing-birmingham,noindex, nofollow
https://entirefmagv002.vercel.app/ppm,200,"text/html; charset=utf-8",106286,"Planned Preventative Maintenance (PPM) | Structured Building Care | Entire FM | Entire FM","Planned Preventative Maintenance (PPM) Contracts",https://www.entirefm.com/ppm,noindex, nofollow
https://entirefmagv002.vercel.app/property-manager-fm-services,200,"text/html; charset=utf-8",106538,"Property Manager Facilities Management | Commercial Surveyors FM | Entire FM | Entire FM","Facilities Management for Property Managers &amp; Surveyors",https://www.entirefm.com/property-manager-fm-services,noindex, nofollow
https://entirefmagv002.vercel.app/privacy-policy,200,"text/html; charset=utf-8",65506,"Privacy Policy | Entire FM | Entire FM","Privacy Policy",https://www.entirefm.com/privacy-policy,noindex, nofollow
https://entirefmagv002.vercel.app/pressure-washing-manchester,200,"text/html; charset=utf-8",107994,"Pressure Washing &amp; External Surface Care Manchester | Commercial Specialist Services | Entire FM | Entire FM","Pressure Washing &amp; External Surface Care in Manchester &amp; Surrounding Districts",https://www.entirefm.com/pressure-washing-manchester,noindex, nofollow
https://entirefmagv002.vercel.app/preston-facilities-management,200,"text/html; charset=utf-8",106936,"Preston Facilities Management | Facilities Management &amp; Engineering | Entire FM | Entire FM","Preston Facilities Management — Facilities Management &amp; Engineering",https://www.entirefm.com/preston-facilities-management,noindex, nofollow
https://entirefmagv002.vercel.app/pressure-washing-sheffield,200,"text/html; charset=utf-8",107938,"Pressure Washing &amp; External Surface Care Sheffield | Commercial Specialist Services | Entire FM | Entire FM","Pressure Washing &amp; External Surface Care in Sheffield &amp; Surrounding Districts",https://www.entirefm.com/pressure-washing-sheffield,noindex, nofollow
https://entirefmagv002.vercel.app/residential-fm-lincoln,200,"text/html; charset=utf-8",107229,"Residential FM Lincoln | Apartment &amp; Block Maintenance | Entire FM | Entire FM","Residential Block Facilities Management in Lincoln",https://www.entirefm.com/residential-fm-lincoln,noindex, nofollow
https://entirefmagv002.vercel.app/reactive-cleaning-services,200,"text/html; charset=utf-8",107023,"Reactive Cleaning Services | Facilities Management &amp; Engineering | Entire FM | Entire FM","Reactive Cleaning Services — Facilities Management &amp; Engineering",https://www.entirefm.com/reactive-cleaning-services,noindex, nofollow
https://entirefmagv002.vercel.app/residential-cleaning,200,"text/html; charset=utf-8",106159,"Residential Block Cleaning | Communal Area Contract Cleaning | Entire FM | Entire FM","Residential Block Communal Area Contract Cleaning",https://www.entirefm.com/residential-cleaning,noindex, nofollow
https://entirefmagv002.vercel.app/residential-facilities-management,200,"text/html; charset=utf-8",106408,"Residential Block Facilities Management | BTR &amp; Estate FM | Entire FM | Entire FM","Residential Block &amp; BTR Estate Facilities Management",https://www.entirefm.com/residential-facilities-management,noindex, nofollow
https://entirefmagv002.vercel.app/public-sector-facilities-management,200,"text/html; charset=utf-8",106419,"Public Sector Facilities Management | Facilities Management &amp; Engineering | Entire FM | Entire FM","Public Sector Facilities Management — Facilities Management &amp; Engineering",https://www.entirefm.com/public-sector-facilities-management,noindex, nofollow
https://entirefmagv002.vercel.app/rotherham-facilities-management,200,"text/html; charset=utf-8",107063,"Rotherham Facilities Management | Facilities Management &amp; Engineering | Entire FM | Entire FM","Rotherham Facilities Management — Facilities Management &amp; Engineering",https://www.entirefm.com/rotherham-facilities-management,noindex, nofollow
https://entirefmagv002.vercel.app/retail-cleaning,200,"text/html; charset=utf-8",106242,"Retail Cleaning Services | High-Footfall Store Cleaning | Entire FM | Entire FM","Retail Store &amp; Commercial Shopping Concourse Cleaning",https://www.entirefm.com/retail-cleaning,noindex, nofollow
https://entirefmagv002.vercel.app/retail-fm-lincoln,200,"text/html; charset=utf-8",107474,"Retail FM Lincoln | Store &amp; Shopping Park Maintenance | Entire FM | Entire FM","Retail Facilities Management in Lincoln &amp; Surrounding Retail Parks",https://www.entirefm.com/retail-fm-lincoln,noindex, nofollow
https://entirefmagv002.vercel.app/retail-facilities-management,200,"text/html; charset=utf-8",106446,"Retail Facilities Management | High-Footfall FM Services | Entire FM | Entire FM","Retail Facilities Management &amp; Store Building Services",https://www.entirefm.com/retail-facilities-management,noindex, nofollow
https://entirefmagv002.vercel.app/restaurant-facilities-management,200,"text/html; charset=utf-8",106305,"Restaurant Facilities Management | Facilities Management &amp; Engineering | Entire FM | Entire FM","Restaurant Facilities Management — Facilities Management &amp; Engineering",https://www.entirefm.com/restaurant-facilities-management,noindex, nofollow
https://entirefmagv002.vercel.app/services,200,"text/html; charset=utf-8",120043,"Services | Facilities Management &amp; Engineering | Entire FM | Entire FM","Services — Facilities Management &amp; Engineering",https://www.entirefm.com/services,noindex, nofollow
https://entirefmagv002.vercel.app/sheffield-facilities-management,200,"text/html; charset=utf-8",107063,"Sheffield Facilities Management | Facilities Management &amp; Engineering | Entire FM | Entire FM","Sheffield Facilities Management — Facilities Management &amp; Engineering",https://www.entirefm.com/sheffield-facilities-management,noindex, nofollow
https://entirefmagv002.vercel.app/safety-critical-emergency-systems,200,"text/html; charset=utf-8",106241,"Safety-Critical Emergency Systems | Compliance Engineering | Entire FM | Entire FM","Safety-Critical &amp; Emergency Compliance Engineering",https://www.entirefm.com/safety-critical-emergency-systems,noindex, nofollow
https://entirefmagv002.vercel.app/security-services,200,"text/html; charset=utf-8",105812,"Security Services | Facilities Management &amp; Engineering | Entire FM | Entire FM","Security Services — Facilities Management &amp; Engineering",https://www.entirefm.com/security-services,noindex, nofollow
https://entirefmagv002.vercel.app/service-station-fm,200,"text/html; charset=utf-8",105760,"Service Station Fm | Facilities Management &amp; Engineering | Entire FM | Entire FM","Service Station Fm — Facilities Management &amp; Engineering",https://www.entirefm.com/service-station-fm,noindex, nofollow
https://entirefmagv002.vercel.app/terms-and-conditions,200,"text/html; charset=utf-8",65644,"Terms And Conditions | Entire FM | Entire FM","Terms And Conditions",https://www.entirefm.com/terms-and-conditions,noindex, nofollow
https://entirefmagv002.vercel.app/tier-one-facilities-management,200,"text/html; charset=utf-8",106229,"Tier One Facilities Management | Facilities Management &amp; Engineering | Entire FM | Entire FM","Tier One Facilities Management — Facilities Management &amp; Engineering",https://www.entirefm.com/tier-one-facilities-management,noindex, nofollow
https://entirefmagv002.vercel.app/soft-services,200,"text/html; charset=utf-8",105668,"Soft Services | Facilities Management &amp; Engineering | Entire FM | Entire FM","Soft Services — Facilities Management &amp; Engineering",https://www.entirefm.com/soft-services,noindex, nofollow
https://entirefmagv002.vercel.app/sport-centre-facilities-management,200,"text/html; charset=utf-8",106408,"Sports Centre &amp; Leisure Facilities Management | Leisure FM | Entire FM | Entire FM","Sports Centre &amp; Leisure Facilities Management",https://www.entirefm.com/sport-centre-facilities-management,noindex, nofollow
https://entirefmagv002.vercel.app/telford-facilities-management,200,"text/html; charset=utf-8",106936,"Telford Facilities Management | Facilities Management &amp; Engineering | Entire FM | Entire FM","Telford Facilities Management — Facilities Management &amp; Engineering",https://www.entirefm.com/telford-facilities-management,noindex, nofollow
https://entirefmagv002.vercel.app/washroom-management,200,"text/html; charset=utf-8",105884,"Washroom Management | Facilities Management &amp; Engineering | Entire FM | Entire FM","Washroom Management — Facilities Management &amp; Engineering",https://www.entirefm.com/washroom-management,noindex, nofollow
https://entirefmagv002.vercel.app/warehouse-facilities-management,200,"text/html; charset=utf-8",106391,"Warehouse Facilities Management | Industrial Storage Care | Entire FM | Entire FM","Warehouse Facilities Management &amp; Storage Depot Maintenance",https://www.entirefm.com/warehouse-facilities-management,noindex, nofollow
https://entirefmagv002.vercel.app/tierone-facilities-managment,200,"text/html; charset=utf-8",106140,"Tierone Facilities Managment | Facilities Management &amp; Engineering | Entire FM | Entire FM","Tierone Facilities Managment — Facilities Management &amp; Engineering",https://www.entirefm.com/tierone-facilities-managment,noindex, nofollow
https://entirefmagv002.vercel.app/vending-supplier,200,"text/html; charset=utf-8",105776,"Vending Supplier | Facilities Management &amp; Engineering | Entire FM | Entire FM","Vending Supplier — Facilities Management &amp; Engineering",https://www.entirefm.com/vending-supplier,noindex, nofollow
https://entirefmagv002.vercel.app/transport-facilities-management,200,"text/html; charset=utf-8",106483,"Transport Facilities Management | Transit Hubs &amp; Rail Terminals | Entire FM | Entire FM","Transport Network &amp; Interchange Facilities Management",https://www.entirefm.com/transport-facilities-management,noindex, nofollow
https://entirefmagv002.vercel.app/sectors,200,"text/html; charset=utf-8",123532,"Sectors | Facilities Management &amp; Engineering | Entire FM | Entire FM","Sectors — Facilities Management &amp; Engineering",https://www.entirefm.com/sectors,noindex, nofollow
https://entirefmagv002.vercel.app/working-at-heights,200,"text/html; charset=utf-8",105848,"Working At Heights | Facilities Management &amp; Engineering | Entire FM | Entire FM","Working At Heights — Facilities Management &amp; Engineering",https://www.entirefm.com/working-at-heights,noindex, nofollow
https://entirefmagv002.vercel.app/window-cleaning,200,"text/html; charset=utf-8",105574,"Window Cleaning | Facilities Management &amp; Engineering | Entire FM | Entire FM","Window Cleaning — Facilities Management &amp; Engineering",https://www.entirefm.com/window-cleaning,noindex, nofollow
https://entirefmagv002.vercel.app/wigan-facilities-management,200,"text/html; charset=utf-8",106822,"Wigan Facilities Management | Facilities Management &amp; Engineering | Entire FM | Entire FM","Wigan Facilities Management — Facilities Management &amp; Engineering",https://www.entirefm.com/wigan-facilities-management,noindex, nofollow
https://entirefmagv002.vercel.app/what-is-facilities-management,200,"text/html; charset=utf-8",88573,"What Is Facilities Management | Facilities Management &amp; Engineering | Entire FM | Entire FM","What Is Facilities Management — Facilities Management &amp; Engineering",https://www.entirefm.com/what-is-facilities-management,noindex, nofollow
https://entirefmagv002.vercel.app/case-studies,200,"text/html; charset=utf-8",87170,"Case Studies | Facilities Management &amp; Engineering | Entire FM | Entire FM","Case Studies — Facilities Management &amp; Engineering",https://www.entirefm.com/case-studies,noindex, nofollow
https://entirefmagv002.vercel.app/locations,200,"text/html; charset=utf-8",120940,"Locations | Facilities Management &amp; Engineering | Entire FM | Entire FM","Locations — Facilities Management &amp; Engineering",https://www.entirefm.com/locations,noindex, nofollow
https://entirefmagv002.vercel.app/resources,200,"text/html; charset=utf-8",120068,"Resources | Facilities Management &amp; Engineering | Entire FM | Entire FM","Resources — Facilities Management &amp; Engineering",https://www.entirefm.com/resources,noindex, nofollow