path,onWixG1,onWixG2,productionStatus,productionRedirectTarget,inProductionSitemap,inRebuildRegistry,rebuildRouteType,rebuildRendersHtml
/,yes,yes,200,,yes,yes,home,yes
/24-7-fm-support,yes,no,404,,no,yes,service,yes
/about-entire-facilities-management,yes,yes,404,,no,yes,company,yes
/accessibility-statement,no,yes,404,,no,yes,legal,yes
/aerial-drone-building-inspection,yes,yes,200,,yes,yes,service,yes
/airport-facilities-management,yes,yes,200,,yes,yes,sector,yes
/arena-facilities-management,yes,yes,200,,yes,yes,sector,yes
/best-facilities-management-company,yes,no,404,,no,yes,company,yes
/blog,no,yes,308,https://www.entirefm.com/resources,yes,yes,post,yes
/bocker-crane-hire,no,yes,404,,no,yes,service,yes
/building-inspecting-testing,no,yes,308,https://www.entirefm.com/services/building-inspections,no,yes,service,yes
/building-maintenance,yes,no,404,,no,yes,service,yes
/caretaker,yes,no,404,,no,yes,service,yes
/carpark-management,yes,no,404,,no,yes,service,yes
/cleaning-services,yes,no,404,,no,yes,service,yes
/client-login,no,yes,307,https://www.entirefm.com/resources,no,yes,company,yes
/client-login/account-registration,no,yes,307,https://www.entirefm.com/resources,no,yes,company,yes
/commercial-cleaning-birmingham,yes,no,404,,no,yes,geographic-service,yes
/commercial-cleaning-chesterfield,yes,no,404,,no,yes,geographic-service,yes
/commercial-cleaning-leeds,yes,no,404,,no,yes,geographic-service,yes
/commercial-cleaning-lincoln,yes,no,404,,no,yes,geographic-service,yes
/commercial-cleaning-london,yes,no,404,,no,yes,geographic-service,yes
/commercial-cleaning-manchester,yes,no,404,,no,yes,geographic-service,yes
/commercial-cleaning-nottingham,yes,no,404,,no,yes,geographic-service,yes
/commercial-cleaning-sheffield,yes,no,404,,no,yes,geographic-service,yes
/commercial-facilities-management,yes,yes,200,,yes,yes,sector,yes
/commercial-fm-lincoln,yes,no,404,,no,yes,location,yes
/concierge-services,yes,no,404,,no,yes,service,yes
/construction-facilities-management,yes,no,404,,no,yes,sector,yes
/contact-us,no,yes,308,https://www.entirefm.com/contact,no,yes,company,yes
/contract-cleaning,yes,no,404,,no,yes,service,yes
/contract-cleaning-chesterfield,yes,no,404,,no,yes,geographic-service,yes
/contract-cleaning-leeds,yes,no,404,,no,yes,geographic-service,yes
/contract-cleaning-lincoln,yes,no,404,,no,yes,geographic-service,yes
/contract-cleaning-london,yes,no,404,,no,yes,geographic-service,yes
/contract-cleaning-manchester,yes,no,404,,no,yes,geographic-service,yes
/contract-cleaning-sheffield,yes,no,404,,no,yes,geographic-service,yes
/copy-of-helpdesk-registration,yes,no,404,,no,yes,company,yes
/copy-of-industrial-cleaning,yes,no,404,,no,yes,service,yes
/copy-of-what-is-facilities-manageme,yes,no,404,,no,yes,service,yes
/education-cleaning,yes,no,404,,no,yes,service,yes
/education-facilities-management,yes,no,200,,yes,yes,sector,yes
/employment-portal,yes,no,404,,no,yes,company,yes
/external-cleaning-birmingham,yes,no,404,,no,yes,geographic-service,yes
/external-cleaning-lincoln,yes,no,404,,no,yes,geographic-service,yes
/external-cleaning-london,yes,no,404,,no,yes,geographic-service,yes
/external-cleaning-manchester,yes,no,404,,no,yes,geographic-service,yes
/facilities-management-birmingham,yes,yes,308,https://www.entirefm.com/fm-birmingham,no,yes,location,yes
/facilities-management-blog,yes,no,404,,no,yes,post,yes
/facilities-management-bradford,yes,yes,200,,yes,yes,location,yes
/facilities-management-chesterfield,yes,yes,308,https://www.entirefm.com/fm-chesterfield,no,yes,location,yes
/facilities-management-derby,yes,yes,308,https://www.entirefm.com/fm-derby,no,yes,location,yes
/facilities-management-for/construction-facilities-management,no,yes,404,,no,yes,sector,yes
/facilities-management-for/education-%26-schools-facilities-management,no,yes,404,,no,yes,sector,yes
/facilities-management-for/healthcare-facilities-management,no,yes,404,,no,yes,sector,yes
/facilities-management-for/hotels-%26-resort-facilities-management,no,yes,404,,no,yes,sector,yes
/facilities-management-for/industrial-facilities-management,no,yes,404,,no,yes,sector,yes
/facilities-management-for/leisure-centre-facilities-management,no,yes,404,,no,yes,sector,yes
/facilities-management-for/logistics-%26-distribution-facilities-management,no,yes,404,,no,yes,sector,yes
/facilities-management-for/managing-agent-facilities-management,no,yes,404,,no,yes,sector,yes
/facilities-management-for/offices%2C-corporate-%26-co-working,no,yes,404,,no,yes,sector,yes
/facilities-management-for/residential-facilities-management,no,yes,404,,no,yes,sector,yes
/facilities-management-for/restaurant-%26-hospitality-facilities-management,no,yes,404,,no,yes,sector,yes
/facilities-management-for/retail-%26-shopping-centre-facilities-management,no,yes,404,,no,yes,sector,yes
/facilities-management-for/sports-venue-facilities-management,no,yes,404,,no,yes,sector,yes
/facilities-management-for/stadium-%26-arena-facilities-management,no,yes,404,,no,yes,sector,yes
/facilities-management-for/warehouse-%26-distribution,no,yes,404,,no,yes,sector,yes
/facilities-management-in-telford,yes,yes,200,,yes,yes,location,yes
/facilities-management-in-the-midlands,yes,yes,200,,yes,yes,location,yes
/facilities-management-lincoln,yes,yes,308,https://www.entirefm.com/fm-lincoln,no,yes,location,yes
/facilities-management-london,yes,yes,308,https://www.entirefm.com/fm-london,no,yes,location,yes
/facilities-management-manchester,yes,yes,200,,yes,yes,location,yes
/facilities-management-offices,yes,no,404,,no,yes,sector,yes
/facilities-management-services,yes,no,404,,no,yes,service,yes
/facilities-management-services-lond,yes,no,404,,no,yes,service,yes
/facilities-management-team,yes,yes,404,,no,yes,company,yes
/fire-emergency-systems,yes,no,404,,no,yes,service,yes
/fm-birmingham,yes,yes,200,,yes,yes,location,yes
/fm-bradford,yes,yes,308,https://www.entirefm.com/facilities-management-bradford,no,yes,location,yes
/fm-chesterfield,yes,yes,200,,yes,yes,location,yes
/fm-client-info,yes,no,404,,no,yes,company,yes
/fm-derby,yes,yes,200,,yes,yes,location,yes
/fm-leeds,yes,yes,200,,yes,yes,location,yes
/fm-lincoln,yes,yes,200,,yes,yes,location,yes
/fm-liverpool,yes,yes,200,,yes,yes,location,yes
/fm-london,yes,yes,200,,yes,yes,location,yes
/fm-manchester,yes,yes,308,https://www.entirefm.com/facilities-management-manchester,no,yes,location,yes
/fm-matlock,yes,no,404,,no,yes,location,yes
/fm-nottingham,yes,yes,200,,yes,yes,location,yes
/fm-services-sheffield,yes,no,404,,no,yes,location,yes
/fm-sheffield,yes,yes,200,,yes,yes,location,yes
/fm-supply-chain,yes,no,404,,no,yes,company,yes
/fm-supply-form,yes,no,404,,no,yes,company,yes
/fm-support-n-contact,yes,yes,404,,no,yes,company,yes
/fm-support-n-contact/facilities-management-glossary,no,yes,404,,no,yes,company,yes
/fm-technical-services,yes,no,404,,no,yes,service,yes
/gates-barriers,yes,no,404,,no,yes,service,yes
/grounds-maintenance,yes,no,404,,no,yes,service,yes
/hard-services,yes,yes,200,,yes,yes,service,yes
/healthcare-facilities-management,yes,no,200,,yes,yes,sector,yes
/helpdesk,yes,no,404,,no,yes,company,yes
/helpdesk-registration,yes,no,404,,no,yes,company,yes
/hot-tub-relocation,no,yes,404,,no,yes,service,yes
/hotel-facilities-management,yes,yes,200,,yes,yes,sector,yes
/hvac-contractor,yes,yes,200,,yes,yes,service,yes
/industrial-cleaning,yes,yes,200,,yes,yes,service,yes
/industrial-cleaning-birmingham,yes,no,404,,no,yes,geographic-service,yes
/industrial-cleaning-chesterfield,yes,no,404,,no,yes,geographic-service,yes
/industrial-cleaning-derby,yes,no,404,,no,yes,geographic-service,yes
/industrial-cleaning-leeds,yes,no,404,,no,yes,geographic-service,yes
/industrial-cleaning-lincoln,yes,no,404,,no,yes,geographic-service,yes
/industrial-cleaning-london,yes,no,404,,no,yes,geographic-service,yes
/industrial-cleaning-manchester,yes,no,404,,no,yes,geographic-service,yes
/industrial-cleaning-nottingham,yes,yes,404,,no,yes,geographic-service,yes
/industrial-cleaning-sheffield,yes,no,404,,no,yes,geographic-service,yes
/industrial-facilities-management,yes,yes,200,,yes,yes,sector,yes
/industrial-fm-lincoln,yes,no,404,,no,yes,location,yes
/internal-cleaning,yes,no,404,,no,yes,service,yes
/items,yes,no,404,,no,yes,company,yes
/job-board,yes,no,404,,no,yes,company,yes
/landmark-facilities-management,yes,yes,200,,yes,yes,sector,yes
/landscaping,yes,no,404,,no,yes,service,yes
/lincoln-facilities-management-areas,yes,no,404,,no,yes,location,yes
/logistics-facilities-management,yes,no,404,,no,yes,sector,yes
/london-facilities-management,yes,yes,404,,no,yes,location,yes
/london-facilities-management-areas,yes,no,404,,no,yes,location,yes
/manchester-facilities-managment,yes,no,404,,no,yes,service,yes
/manchester-office-cleaning,yes,no,404,,no,yes,geographic-service,yes
/mechanical-electrical,yes,yes,200,,yes,yes,service,yes
/mechanical-electrical/access-control,no,yes,404,,no,yes,service,yes
/mechanical-electrical/emergency-light-testing,no,yes,404,,no,yes,service,yes
/media-digital-displays,yes,no,404,,no,yes,service,yes
/medical-cleaning,yes,no,404,,no,yes,service,yes
/mobile-crane-hire,no,yes,404,,no,yes,service,yes
/mobile-crane-hire/chesterfield,no,yes,404,,no,yes,service,yes
/mobile-crane-hire/sheffield,no,yes,404,,no,yes,service,yes
/mobile-crane-hire/truck-mount-crane-hire,no,yes,404,,no,yes,service,yes
/office-cleaning,yes,no,404,,no,yes,service,yes
/office-cleaning-lincoln,yes,no,404,,no,yes,geographic-service,yes
/office-cleaning-london,yes,no,404,,no,yes,geographic-service,yes
/plumbing-gas,yes,yes,200,,yes,yes,service,yes
/portfolio,yes,no,404,,no,yes,company,yes
/post/facilities-management-in-different-sectors-similarities-differences-and-the-need-for-agility,no,yes,404,,no,yes,post,yes
/post/facilities-management-services-in-lincoln,yes,no,404,,no,yes,post,yes
/post/facilities-management-to-birmingham,yes,no,404,,no,yes,post,yes
/post/the-importance-of-regular-maintenance-and-inspections,yes,yes,404,,no,yes,post,yes
/post/the-importance-of-regular-maintenance-and-inspections-1,no,yes,404,,no,yes,post,yes
/post/what-are-hard-services,yes,yes,404,,no,yes,post,yes
/post/what-are-hard-services-in-facilities-management,yes,yes,404,,no,yes,post,yes
/post/what-are-hard-services-in-facilities-management-1,no,yes,404,,no,yes,post,yes
/post/what-is-facilities-management,yes,yes,404,,no,yes,post,yes
/post/what-is-facilities-management-1,yes,yes,404,,no,yes,post,yes
/post/what-is-facilities-management-1-1,no,yes,404,,no,yes,post,yes
/ppm,yes,yes,200,,yes,yes,service,yes
/pressure-washing,yes,no,404,,no,yes,service,yes
/pressure-washing-birmingham,yes,no,404,,no,yes,geographic-service,yes
/pressure-washing-lincoln,yes,no,404,,no,yes,geographic-service,yes
/pressure-washing-london,yes,no,404,,no,yes,geographic-service,yes
/pressure-washing-manchester,yes,no,404,,no,yes,geographic-service,yes
/pressure-washing-sheffield,yes,no,404,,no,yes,geographic-service,yes
/privacy-policy,yes,yes,308,https://www.entirefm.com/privacy,no,yes,legal,yes
/property-manager-fm-services,yes,no,404,,no,yes,sector,yes
/public-sector-facilities-management,yes,no,404,,no,yes,sector,yes
/reactive-cleaning-services,yes,no,404,,no,yes,service,yes
/residential-cleaning,yes,no,404,,no,yes,service,yes
/residential-facilities-management,yes,yes,200,,yes,yes,sector,yes
/residential-fm-lincoln,yes,no,404,,no,yes,location,yes
/restaurant-facilities-management,yes,no,404,,no,yes,sector,yes
/retail-cleaning,yes,no,404,,no,yes,service,yes
/retail-facilities-management,yes,yes,200,,yes,yes,sector,yes
/retail-fm-lincoln,yes,no,404,,no,yes,location,yes
/safety-critical-emergency-systems,no,yes,200,,yes,yes,service,yes
/security-services,yes,no,404,,no,yes,service,yes
/service-station-fm,yes,yes,200,,yes,yes,sector,yes
/services,yes,no,200,,yes,yes,company,yes
/soft-services,yes,no,308,https://www.entirefm.com/services/soft-fm,no,yes,service,yes
/sport-centre-facilities-management,yes,no,404,,no,yes,sector,yes
/terms-and-conditions,no,yes,404,,no,yes,legal,yes
/tier-one-facilities-management,no,yes,404,,no,yes,sector,yes
/tierone-facilities-managment,yes,no,404,,no,yes,sector,yes
/transport-facilities-management,no,yes,404,,no,yes,sector,yes
/vending-supplier,yes,no,404,,no,yes,service,yes
/warehouse-facilities-management,no,yes,200,,yes,yes,sector,yes
/washroom-management,yes,no,404,,no,yes,service,yes
/what-is-facilities-management,yes,no,404,,no,yes,service,yes
/window-cleaning,yes,no,404,,no,yes,service,yes
/working-at-heights,yes,no,404,,no,yes,service,yes
