URL,Primary Query Family,Page Type,Competing Page,Differentiation,Status
/resources/ai-in-facilities-management,AI in Facilities Management,Pillar Hub,/post/ai-in-facilities-management-2026,Broad evergreen educational report vs time-sensitive 2026 industry trend analysis,COMPLETE
/post/ai-in-facilities-management-2026,AI in Facilities Management 2026,Blog Post,/resources/ai-in-facilities-management,Focuses on current 2026 maturity curve and market shifts rather than foundational technology definitions,COMPLETE
/resources/ai-in-facilities-management/predictive-maintenance,Predictive Maintenance FM,Supporting Resource,/post/predictive-maintenance-vs-ppm,In-depth IoT sensor architecture and mechanical principles vs strategic comparison question on whether PdM replaces PPM,COMPLETE
/post/predictive-maintenance-vs-ppm,Predictive Maintenance vs PPM,Blog Post,/resources/ai-in-facilities-management/predictive-maintenance,Specifically addresses the commercial query on PPM substitution and statutory inspection retention,COMPLETE
/resources/ai-in-facilities-management/ai-helpdesk-work-orders,AI Helpdesk Work Orders,Supporting Resource,/post/can-ai-run-an-fm-helpdesk,Detailed technical step-by-step entity extraction and routing architecture vs editorial analysis on human coordinator necessity,COMPLETE
/post/can-ai-run-an-fm-helpdesk,Can AI Run an FM Helpdesk?,Blog Post,/resources/ai-in-facilities-management/ai-helpdesk-work-orders,Focused opinion/investigation on service desk autonomy limits and risk escalation,COMPLETE
/resources/ai-in-facilities-management/ai-cafm,AI CAFM Software,Supporting Resource,/post/ai-and-the-future-of-cafm,Evergreen software capability reference vs future market trajectory and operational co-pilot vision,COMPLETE
/post/ai-and-the-future-of-cafm,Future of CAFM Software,Blog Post,/resources/ai-in-facilities-management/ai-cafm,Explores the industry shift from passive data entry to active algorithmic co-piloting,COMPLETE
/resources/ai-in-facilities-management/digital-twins,Digital Twins FM,Supporting Resource,/post/digital-twins-in-facilities-management,Comprehensive technical definition comparing BIM/Twin/CAFM/BMS vs financial ROI analysis on over-engineering,COMPLETE
/post/digital-twins-in-facilities-management,Digital Twins ROI in FM,Blog Post,/resources/ai-in-facilities-management/digital-twins,Specific commercial critique on where 3D twins fail versus where they deliver value,COMPLETE
/resources/ai-in-facilities-management/ai-agents,AI Agents in FM,Supporting Resource,/post/ai-agents-in-facilities-management,Technical taxonomy of autonomous multi-agent systems vs practical guide on operational guardrails for FM directors,COMPLETE
/post/ai-agents-in-facilities-management,AI Agents Operational Guide,Blog Post,/resources/ai-in-facilities-management/ai-agents,Focuses on role-based governance and practical day-to-day maintenance chaser examples,COMPLETE
/resources/ai-in-facilities-management/fm-data-readiness,FM Data Readiness for AI,Supporting Resource,/post/asset-data-quality-for-fm-ai,Structured 5-step data readiness framework and checklist vs analytical article on why dirty data breaks machine learning,COMPLETE
/post/asset-data-quality-for-fm-ai,Why Bad Asset Data Breaks AI,Blog Post,/resources/ai-in-facilities-management/fm-data-readiness,Case-based breakdown of four chronic data failures encountered during portfolio audits,COMPLETE
/resources/ai-in-facilities-management/ai-governance,AI Governance in FM,Supporting Resource,/post/10-questions-to-ask-ai-fm-software-suppliers,Broad cybersecurity and OT air-gap governance architecture vs actionable 10-point vendor procurement questionnaire,COMPLETE
/post/10-questions-to-ask-ai-fm-software-suppliers,10 Questions for AI FM Vendors,Blog Post,/resources/ai-in-facilities-management/ai-governance,Direct procurement negotiation tool for contract managers and IT buyers,COMPLETE
/resources/ai-in-facilities-management/energy-optimisation,AI Building Energy Optimisation,Supporting Resource,/hvac-contractor,Algorithmic BMS tuning and regression curves vs core commercial HVAC maintenance services,COMPLETE
/resources/ai-in-facilities-management/computer-vision,Computer Vision Building Inspection,Supporting Resource,/aerial-drone-building-inspection,Convolutional neural network defect analysis vs commercial aerial drone surveying service,COMPLETE
/resources/ai-in-facilities-management/ai-compliance,AI Statutory Compliance FM,Supporting Resource,/compliance,Document intelligence and certificate parsing vs statutory legal obligations authority,COMPLETE
