Title,URL,Category,Primary Intent,Secondary Queries,Evergreen/Current,Related Resource,Related Service,CTA,Source Requirements,Status
AI in Facilities Management in 2026: What Is Actually Useful?,/post/ai-in-facilities-management-2026,AI & Technology,AI facilities management 2026,smart building AI reality; FM automation UK,Current (2026),/resources/ai-in-facilities-management,/hard-services,Discuss Your Estate Technology Strategy,IWFM / IFMA 2026 Reports,COMPLETE
Predictive Maintenance vs PPM: Does AI Replace Planned Maintenance?,/post/predictive-maintenance-vs-ppm,Maintenance & PPM,predictive maintenance vs PPM,does AI replace planned maintenance; condition monitoring FM,Evergreen,/resources/ai-in-facilities-management/predictive-maintenance,/ppm,Review Your Planned Maintenance Programme,LOLER / Gas Safe / BS 7671,COMPLETE
Can AI Run an FM Helpdesk?,/post/can-ai-run-an-fm-helpdesk,AI & Technology,AI FM helpdesk automation,automated work order triage; service desk NLP,Evergreen,/resources/ai-in-facilities-management/ai-helpdesk-work-orders,/helpdesk,Explore 24/7 FM Helpdesk Solutions,ServiceDesk Benchmarks 2026,COMPLETE
AI Agents in FM: What Facilities Managers Need to Know,/post/ai-agents-in-facilities-management,AI & Technology,AI agents in facilities management,agentic FM workflows; autonomous CAFM agents,Evergreen,/resources/ai-in-facilities-management/ai-agents,/hard-services,Review Autonomous Operational Workflows,Technical Agent Architecture,COMPLETE
Why Bad Asset Data Will Break Your FM AI Strategy,/post/asset-data-quality-for-fm-ai,FM Strategy,FM asset data quality AI,dirty CAFM data; asset register cleaning,Evergreen,/resources/ai-in-facilities-management/fm-data-readiness,/ppm,Book an Asset Register Audit,ISO 55000 / Uniclass 2015,COMPLETE
AI + CAFM: What the Next Generation of FM Software Looks Like,/post/ai-and-the-future-of-cafm,AI & Technology,AI CAFM software future,next generation CAFM; smart facilities software,Evergreen,/resources/ai-in-facilities-management/ai-cafm,/client-login,Discover EntireCAFM Features,CAFM Industry Review 2026,COMPLETE
Digital Twins in Facilities Management: Useful Tool or Expensive Distraction?,/post/digital-twins-in-facilities-management,Engineering,digital twins facilities management ROI,BIM to FM reality; 3D building twin cost,Evergreen,/resources/ai-in-facilities-management/digital-twins,/building-maintenance,Consult on Estate Digital Strategy,Building Safety Act Golden Thread,COMPLETE
10 Questions to Ask Before Buying AI-Powered FM Software,/post/10-questions-to-ask-ai-fm-software-suppliers,Procurement,buying AI FM software questions,AI vendor procurement checklist FM,Evergreen,/resources/ai-in-facilities-management/ai-governance,/about-entire-facilities-management,Request FM Procurement Assistance,UK GDPR / ISO 27001 / OT Security,COMPLETE
What Should Be Included in a Commercial PPM Schedule?,/post/what-should-be-included-in-a-commercial-ppm-schedule,Maintenance & PPM,commercial PPM schedule checklist,what to include in planned maintenance; statutory PPM items,Evergreen,/tools/ppm-schedule-builder,/ppm,Build a Free PPM Schedule Online,SFG20 / British Standards,COMPLETE
How to Change Facilities Management Provider Without Disrupting the Estate,/post/how-to-change-facilities-management-provider,FM Strategy,changing facilities management provider,switching FM contractor smoothly; TUPE FM handover,Evergreen,/post/fm-contract-mobilisation-checklist,/about-entire-facilities-management,Plan Your FM Contractor Transition,TUPE Regulations / CIBSE Guides,COMPLETE
The FM Mobilisation Checklist: What Needs to Happen Before Day One?,/post/fm-contract-mobilisation-checklist,Procurement,FM contract mobilisation checklist,facilities management day one readiness,Evergreen,/resources/document-vault,/compliance,Download Mobilisation Templates,HSE / Statutory Handover Rules,COMPLETE
Reactive Maintenance Is Expensive. But Too Much PPM Can Be Too.,/post/reactive-maintenance-vs-over-servicing-ppm,Maintenance & PPM,reactive vs over-servicing PPM,optimal maintenance balance; asset criticality FM,Evergreen,/tools/fm-roi-calculator,/mechanical-electrical,Calculate Your Maintenance TCO,CIBSE Maintenance Guide M,COMPLETE
What Is an Asset Register and Why Does Facilities Management Depend on It?,/post/what-is-an-asset-register-in-fm,FM Strategy,what is an asset register FM,asset register importance facilities management,Evergreen,/resources/document-vault,/ppm,Download Master Asset Register Template,ISO 55001 Asset Standards,COMPLETE
Hard FM vs Soft FM: Where Does One End and the Other Begin?,/post/hard-fm-vs-soft-fm-scope-boundaries,FM Strategy,hard FM vs soft FM differences,hard services vs soft services boundaries,Evergreen,/facilities-management-glossary,/hard-services,Explore Integrated Total FM Services,ISO 41011 FM Vocabulary,COMPLETE
What Facilities Managers Should Ask for in a Monthly FM Report,/post/what-to-include-in-a-monthly-fm-report,FM Strategy,monthly facilities management report KPIs,what to include in FM client report,Evergreen,/tools/tender-brief,/compliance,Request a Sample Executive Report,IWFM Performance Metrics,COMPLETE
