Exact Historic URL,Path,Wix Generation 1,Wix Generation 2,Historic Evidence,Historic Page Type,Historic Title,Historic H1,Historic Search Intent,Current Production Status,Current Canonical,Redirecting?,Final Required Behaviour,Content Status,QA Status
"https://www.entirefm.com/","/","YES","YES","wix-generation-1-and-2","undefined","Entire FM | Total Facilities Management Services UK","Facilities management,without the friction.","undefined - ","200 OK","https://www.entirefm.com","NO","HTTP 200 Self-Canonical Indexable","COMPLETE","PASS"
"https://www.entirefm.com/24-7-fm-support","/24-7-fm-support","YES","YES","wix-generation-1","undefined","24 7 Fm Support | Facilities Management &amp; Engineering | Entire FM","24 7 Fm Support — Facilities Management &amp; Engineering","undefined - 24 7 fm support","200 OK","https://www.entirefm.com/24-7-fm-support","NO","HTTP 200 Self-Canonical Indexable","COMPLETE","PASS"
"https://www.entirefm.com/about-entire-facilities-management","/about-entire-facilities-management","YES","YES","wix-generation-1-and-2","undefined","About EntireFM | Independent Facilities Management Since 2009","Independently owned. Building maintenance since 2009.","undefined - about entire facilities management","200 OK","https://www.entirefm.com/about-entire-facilities-management","NO","HTTP 200 Self-Canonical Indexable","COMPLETE","PASS"
"https://www.entirefm.com/academy","/academy","RECOVERED","RECOVERED","LEGACY_PROTECTED_BY_DIRECTIVE","undefined","EntireFM Academy | Professional Facilities Management Learning | Entire FM","EntireFM Academy — Practical Facilities Learning","undefined - academy","200 OK","https://www.entirefm.com/academy","NO","HTTP 200 Self-Canonical Indexable","COMPLETE","PASS"
"https://www.entirefm.com/access-control","/access-control","YES","YES","LEGACY_VERIFIED","undefined","Access Control Systems | Installation &amp; Maintenance | EntireFM","Commercial Access Control Systems","undefined - access control","200 OK","https://www.entirefm.com/access-control","NO","HTTP 200 Self-Canonical Indexable","COMPLETE","PASS"
"https://www.entirefm.com/accessibility-statement","/accessibility-statement","YES","YES","wix-generation-2","undefined","Accessibility Statement | Entire FM","Accessibility Statement","undefined - accessibility statement","200 OK","https://www.entirefm.com/accessibility-statement","NO","HTTP 200 Self-Canonical Indexable","COMPLETE","PASS"
"https://www.entirefm.com/account-registration","/account-registration","YES","YES","LEGACY_VERIFIED","undefined","Client Account Registration | EntireFM","Client Account Registration","undefined - account registration","200 OK","https://www.entirefm.com/account-registration","NO","HTTP 200 Self-Canonical Indexable","COMPLETE","PASS"
"https://www.entirefm.com/aerial-drone-building-inspection","/aerial-drone-building-inspection","YES","YES","wix-generation-1-and-2","undefined","Aerial Drone Building Inspections | High-Level Surveys | Entire FM","Aerial Drone Building Inspections &amp; Roof Surveys","undefined - aerial drone building inspection","200 OK","https://www.entirefm.com/aerial-drone-building-inspection","NO","HTTP 200 Self-Canonical Indexable","COMPLETE","PASS"
"https://www.entirefm.com/airport-facilities-management","/airport-facilities-management","YES","YES","wix-generation-1-and-2","undefined","Airport Facilities Management | Terminal &amp; Airside Engineering | Entire FM","Airport &amp; Aviation Terminal Facilities Management 24/7 Throughput &amp; Loading Bay Availability","undefined - airport facilities management","200 OK","https://www.entirefm.com/airport-facilities-management","NO","HTTP 200 Self-Canonical Indexable","COMPLETE","PASS"
"https://www.entirefm.com/arena-facilities-management","/arena-facilities-management","YES","YES","wix-generation-1-and-2","undefined","Arena Facilities Management | Entertainment Complex FM | Entire FM","Arena &amp; Large Entertainment Complex Facilities Management High-Capacity Crowds &amp; Event Readiness","undefined - arena facilities management","200 OK","https://www.entirefm.com/arena-facilities-management","NO","HTTP 200 Self-Canonical Indexable","COMPLETE","PASS"
"https://www.entirefm.com/arena-facilities-management-1","/arena-facilities-management-1","YES","YES","LEGACY_VERIFIED","undefined","Arena &amp; Venue Facilities Management | EntireFM","Arena and Live Venue Facilities Management High-Capacity Crowds &amp; Event Readiness","undefined - arena facilities management 1","200 OK","https://www.entirefm.com/arena-facilities-management-1","NO","HTTP 200 Self-Canonical Indexable","COMPLETE","PASS"
"https://www.entirefm.com/best-facilities-management-company","/best-facilities-management-company","YES","YES","wix-generation-1","undefined","Best Facilities Management Company | Facilities Management &amp; Engineering | Entire FM","Best Facilities Management Company — Facilities Management &amp; Engineering","undefined - best facilities management company","200 OK","https://www.entirefm.com/best-facilities-management-company","NO","HTTP 200 Self-Canonical Indexable","COMPLETE","PASS"
"https://www.entirefm.com/birmingham-facilities-management","/birmingham-facilities-management","RECOVERED","RECOVERED","mandatory-historic-directive","undefined","Birmingham Facilities Management | Multi-Site Estates | EntireFM","Birmingham Facilities Management for Multi-Site Estates","undefined - birmingham facilities management","200 OK","https://www.entirefm.com/birmingham-facilities-management","NO","HTTP 200 Self-Canonical Indexable","COMPLETE","PASS"
"https://www.entirefm.com/blog","/blog","YES","YES","wix-generation-2","undefined","Blog | Facilities Management &amp; Compliance Insight | EntireFM","Facilities Management Insights","undefined - blog","200 OK","https://www.entirefm.com/blog","NO","HTTP 200 Self-Canonical Indexable","COMPLETE","PASS"
"https://www.entirefm.com/bocker-crane-hire","/bocker-crane-hire","YES","YES","wix-generation-2","undefined","Bocker Crane Hire | Facilities Management &amp; Engineering | Entire FM","Bocker Crane Hire — Facilities Management &amp; Engineering","undefined - bocker crane hire","200 OK","https://www.entirefm.com/bocker-crane-hire","NO","HTTP 200 Self-Canonical Indexable","COMPLETE","PASS"
"https://www.entirefm.com/bradford-facilities-management","/bradford-facilities-management","RECOVERED","RECOVERED","mandatory-historic-directive","undefined","Bradford Facilities Management | Multi-Site Estates | EntireFM","Bradford Facilities Management for Multi-Site Estates","undefined - bradford facilities management","200 OK","https://www.entirefm.com/bradford-facilities-management","NO","HTTP 200 Self-Canonical Indexable","COMPLETE","PASS"
"https://www.entirefm.com/building-inspecting-testing","/building-inspecting-testing","YES","YES","wix-generation-2","undefined","Building Inspecting Testing | Facilities Management &amp; Engineering | Entire FM","Building Inspecting Testing — Facilities Management &amp; Engineering","undefined - building inspecting testing","200 OK","https://www.entirefm.com/building-inspecting-testing","NO","HTTP 200 Self-Canonical Indexable","COMPLETE","PASS"
"https://www.entirefm.com/building-maintenance","/building-maintenance","YES","YES","wix-generation-1","undefined","Commercial Building Fabric Maintenance | Property Repairs | Entire FM","Commercial Building Fabric Maintenance &amp; Repairs","undefined - building maintenance","200 OK","https://www.entirefm.com/building-maintenance","NO","HTTP 200 Self-Canonical Indexable","COMPLETE","PASS"
"https://www.entirefm.com/building-walk","/building-walk","RECOVERED","RECOVERED","LEGACY_PROTECTED_BY_DIRECTIVE","undefined","The Building Walk | Visual Site &amp; Plantroom Inspection Series | Entire FM","Building Walk: Visual Plantroom &amp; Estate Inspection Guides","undefined - building walk","200 OK","https://www.entirefm.com/building-walk","NO","HTTP 200 Self-Canonical Indexable","COMPLETE","PASS"
"https://www.entirefm.com/caretaker","/caretaker","YES","YES","wix-generation-1","undefined","On-Site Caretaker &amp; Building Warden Services | Entire FM","On-Site Caretaking &amp; Building Warden Services","undefined - caretaker","200 OK","https://www.entirefm.com/caretaker","NO","HTTP 200 Self-Canonical Indexable","COMPLETE","PASS"
"https://www.entirefm.com/carpark-management","/carpark-management","YES","YES","wix-generation-1","undefined","Carpark Management | Facilities Management &amp; Engineering | Entire FM","Carpark Management — Facilities Management &amp; Engineering","undefined - carpark management","200 OK","https://www.entirefm.com/carpark-management","NO","HTTP 200 Self-Canonical Indexable","COMPLETE","PASS"
"https://www.entirefm.com/chesterfield","/chesterfield","YES","YES","LEGACY_VERIFIED","undefined","Crane Hire Chesterfield | Contract Lifts | EntireFM","Crane Hire in Chesterfield","undefined - chesterfield","200 OK","https://www.entirefm.com/chesterfield","NO","HTTP 200 Self-Canonical Indexable","COMPLETE","PASS"
"https://www.entirefm.com/chesterfield-facilities-management","/chesterfield-facilities-management","RECOVERED","RECOVERED","mandatory-historic-directive","undefined","Chesterfield Facilities Management | Multi-Site Estates | EntireFM","Chesterfield Facilities Management for Multi-Site Estates","undefined - chesterfield facilities management","200 OK","https://www.entirefm.com/chesterfield-facilities-management","NO","HTTP 200 Self-Canonical Indexable","COMPLETE","PASS"
"https://www.entirefm.com/cleaning-services","/cleaning-services","YES","YES","wix-generation-1","undefined","Cleaning Services | Facilities Management &amp; Engineering | Entire FM","Cleaning Services — Facilities Management &amp; Engineering","undefined - cleaning services","200 OK","https://www.entirefm.com/cleaning-services","NO","HTTP 200 Self-Canonical Indexable","COMPLETE","PASS"
"https://www.entirefm.com/client-login","/client-login","YES","YES","wix-generation-2","undefined","Client Login | Facilities Management &amp; Engineering | Entire FM","Client Login — Facilities Management &amp; Engineering","undefined - client login","200 OK","https://www.entirefm.com/client-login","NO","HTTP 200 Self-Canonical Indexable","COMPLETE","PASS"
"https://www.entirefm.com/client-login/account-registration","/client-login/account-registration","YES","YES","wix-generation-2","undefined","Client Login/Account Registration | Facilities Management &amp; Engineering | Entire FM","Client Login/Account Registration — Facilities Management &amp; Engineering","undefined - client login/account registration","200 OK","https://www.entirefm.com/client-login/account-registration","NO","HTTP 200 Self-Canonical Indexable","COMPLETE","PASS"
"https://www.entirefm.com/commercial-cleaning-birmingham","/commercial-cleaning-birmingham","YES","YES","wix-generation-1","undefined","Commercial Cleaning Birmingham | Commercial Specialist Services | Entire FM","Commercial Cleaning in Birmingham &amp; Surrounding Districts","undefined - commercial cleaning birmingham","200 OK","https://www.entirefm.com/commercial-cleaning-birmingham","NO","HTTP 200 Self-Canonical Indexable","COMPLETE","PASS"
"https://www.entirefm.com/commercial-cleaning-chesterfield","/commercial-cleaning-chesterfield","YES","YES","wix-generation-1","undefined","Commercial Cleaning Chesterfield | Commercial Specialist Services | Entire FM","Commercial Cleaning in Chesterfield &amp; Surrounding Districts","undefined - commercial cleaning chesterfield","200 OK","https://www.entirefm.com/commercial-cleaning-chesterfield","NO","HTTP 200 Self-Canonical Indexable","COMPLETE","PASS"
"https://www.entirefm.com/commercial-cleaning-leeds","/commercial-cleaning-leeds","YES","YES","wix-generation-1","undefined","Commercial Cleaning Leeds | Commercial Specialist Services | Entire FM","Commercial Cleaning in Leeds &amp; Surrounding Districts","undefined - commercial cleaning leeds","200 OK","https://www.entirefm.com/commercial-cleaning-leeds","NO","HTTP 200 Self-Canonical Indexable","COMPLETE","PASS"
"https://www.entirefm.com/commercial-cleaning-lincoln","/commercial-cleaning-lincoln","YES","YES","wix-generation-1","undefined","Commercial Cleaning Lincoln | Commercial Specialist Services | Entire FM","Commercial Cleaning in Lincoln &amp; Surrounding Districts","undefined - commercial cleaning lincoln","200 OK","https://www.entirefm.com/commercial-cleaning-lincoln","NO","HTTP 200 Self-Canonical Indexable","COMPLETE","PASS"
"https://www.entirefm.com/commercial-cleaning-london","/commercial-cleaning-london","YES","YES","wix-generation-1","undefined","Commercial Cleaning London | Commercial Specialist Services | Entire FM","Commercial Cleaning in London &amp; Surrounding Districts","undefined - commercial cleaning london","200 OK","https://www.entirefm.com/commercial-cleaning-london","NO","HTTP 200 Self-Canonical Indexable","COMPLETE","PASS"
"https://www.entirefm.com/commercial-cleaning-manchester","/commercial-cleaning-manchester","YES","YES","wix-generation-1","undefined","Commercial Cleaning Manchester | Commercial Specialist Services | Entire FM","Commercial Cleaning in Manchester &amp; Surrounding Districts","undefined - commercial cleaning manchester","200 OK","https://www.entirefm.com/commercial-cleaning-manchester","NO","HTTP 200 Self-Canonical Indexable","COMPLETE","PASS"
"https://www.entirefm.com/commercial-cleaning-nottingham","/commercial-cleaning-nottingham","YES","YES","wix-generation-1","undefined","Commercial Cleaning Nottingham | Commercial Specialist Services | Entire FM","Commercial Cleaning in Nottingham &amp; Surrounding Districts","undefined - commercial cleaning nottingham","200 OK","https://www.entirefm.com/commercial-cleaning-nottingham","NO","HTTP 200 Self-Canonical Indexable","COMPLETE","PASS"
"https://www.entirefm.com/commercial-cleaning-sheffield","/commercial-cleaning-sheffield","YES","YES","wix-generation-1","undefined","Commercial Cleaning Sheffield | Commercial Specialist Services | Entire FM","Commercial Cleaning in Sheffield &amp; Surrounding Districts","undefined - commercial cleaning sheffield","200 OK","https://www.entirefm.com/commercial-cleaning-sheffield","NO","HTTP 200 Self-Canonical Indexable","COMPLETE","PASS"
"https://www.entirefm.com/commercial-facilities-management","/commercial-facilities-management","YES","YES","wix-generation-1-and-2","undefined","Commercial Facilities Management | Facilities Management &amp; Engineering | Entire FM","Commercial Facilities Management — Facilities Management &amp; Engineering","undefined - commercial facilities management","200 OK","https://www.entirefm.com/commercial-facilities-management","NO","HTTP 200 Self-Canonical Indexable","COMPLETE","PASS"
"https://www.entirefm.com/commercial-fm-lincoln","/commercial-fm-lincoln","YES","YES","wix-generation-1","undefined","Commercial Fm Lincoln | Facilities Management &amp; Engineering | Entire FM","Commercial Fm Lincoln — Facilities Management &amp; Engineering","undefined - commercial fm lincoln","200 OK","https://www.entirefm.com/commercial-fm-lincoln","NO","HTTP 200 Self-Canonical Indexable","COMPLETE","PASS"
"https://www.entirefm.com/concierge-services","/concierge-services","YES","YES","wix-generation-1","undefined","Corporate Concierge &amp; Front-of-House Reception Services | Entire FM","Corporate Concierge &amp; Front-of-House Reception Services","undefined - concierge services","200 OK","https://www.entirefm.com/concierge-services","NO","HTTP 200 Self-Canonical Indexable","COMPLETE","PASS"
"https://www.entirefm.com/construction-facilities-management","/construction-facilities-management","YES","YES","wix-generation-1","undefined","Construction Facilities Management | Facilities Management &amp; Engineering | Entire FM","Construction Facilities Management — Facilities Management &amp; Engineering","undefined - construction facilities management","200 OK","https://www.entirefm.com/construction-facilities-management","NO","HTTP 200 Self-Canonical Indexable","COMPLETE","PASS"
"https://www.entirefm.com/contact-us","/contact-us","YES","YES","wix-generation-2","undefined","Contact Us | Facilities Management &amp; Engineering | Entire FM","Let&#x27;s Talk About Your Estate.","undefined - contact us","200 OK","https://www.entirefm.com/contact-us","NO","HTTP 200 Self-Canonical Indexable","COMPLETE","PASS"
"https://www.entirefm.com/contract-cleaning","/contract-cleaning","YES","YES","wix-generation-1","undefined","Contract Cleaning | Facilities Management &amp; Engineering | Entire FM","Contract Cleaning — Facilities Management &amp; Engineering","undefined - contract cleaning","200 OK","https://www.entirefm.com/contract-cleaning","NO","HTTP 200 Self-Canonical Indexable","COMPLETE","PASS"
"https://www.entirefm.com/contract-cleaning-chesterfield","/contract-cleaning-chesterfield","YES","YES","wix-generation-1","undefined","Contract Cleaning Chesterfield | Commercial Specialist Services | Entire FM","Contract Cleaning in Chesterfield &amp; Surrounding Districts","undefined - contract cleaning chesterfield","200 OK","https://www.entirefm.com/contract-cleaning-chesterfield","NO","HTTP 200 Self-Canonical Indexable","COMPLETE","PASS"
"https://www.entirefm.com/contract-cleaning-leeds","/contract-cleaning-leeds","YES","YES","wix-generation-1","undefined","Contract Cleaning Leeds | Commercial Specialist Services | Entire FM","Contract Cleaning in Leeds &amp; Surrounding Districts","undefined - contract cleaning leeds","200 OK","https://www.entirefm.com/contract-cleaning-leeds","NO","HTTP 200 Self-Canonical Indexable","COMPLETE","PASS"
"https://www.entirefm.com/contract-cleaning-lincoln","/contract-cleaning-lincoln","YES","YES","wix-generation-1","undefined","Contract Cleaning Lincoln | Commercial Cleaning Contractors | Entire FM","Contract Commercial Cleaning in Lincoln","undefined - contract cleaning lincoln","200 OK","https://www.entirefm.com/contract-cleaning-lincoln","NO","HTTP 200 Self-Canonical Indexable","COMPLETE","PASS"
"https://www.entirefm.com/contract-cleaning-london","/contract-cleaning-london","YES","YES","wix-generation-1","undefined","Contract Cleaning London | Commercial Office &amp; Estate Cleaning | Entire FM","Contract Commercial Cleaning in London","undefined - contract cleaning london","200 OK","https://www.entirefm.com/contract-cleaning-london","NO","HTTP 200 Self-Canonical Indexable","COMPLETE","PASS"
"https://www.entirefm.com/contract-cleaning-manchester","/contract-cleaning-manchester","YES","YES","wix-generation-1","undefined","Contract Cleaning Manchester | Commercial Cleaning Services | Entire FM","Contract Commercial Cleaning in Manchester","undefined - contract cleaning manchester","200 OK","https://www.entirefm.com/contract-cleaning-manchester","NO","HTTP 200 Self-Canonical Indexable","COMPLETE","PASS"
"https://www.entirefm.com/contract-cleaning-sheffield","/contract-cleaning-sheffield","YES","YES","wix-generation-1","undefined","Contract Cleaning Sheffield | Commercial Specialist Services | Entire FM","Contract Cleaning in Sheffield &amp; Surrounding Districts","undefined - contract cleaning sheffield","200 OK","https://www.entirefm.com/contract-cleaning-sheffield","NO","HTTP 200 Self-Canonical Indexable","COMPLETE","PASS"
"https://www.entirefm.com/copy-of-helpdesk-registration","/copy-of-helpdesk-registration","YES","YES","wix-generation-1","undefined","Copy Of Helpdesk Registration | Facilities Management &amp; Engineering | Entire FM","Copy Of Helpdesk Registration — Facilities Management &amp; Engineering","undefined - copy of helpdesk registration","200 OK","https://www.entirefm.com/copy-of-helpdesk-registration","NO","HTTP 200 Self-Canonical Indexable","COMPLETE","PASS"
"https://www.entirefm.com/copy-of-industrial-cleaning","/copy-of-industrial-cleaning","YES","YES","wix-generation-1","undefined","Specialist Industrial Cleaning Services | Factory Sanitisation | Entire FM","Specialist Industrial &amp; Heavy Plant Cleaning","undefined - copy of industrial cleaning","200 OK","https://www.entirefm.com/copy-of-industrial-cleaning","NO","HTTP 200 Self-Canonical Indexable","COMPLETE","PASS"
"https://www.entirefm.com/copy-of-what-is-facilities-manageme","/copy-of-what-is-facilities-manageme","YES","YES","wix-generation-1","undefined","Copy Of What Is Facilities Manageme | Facilities Management &amp; Engineering | Entire FM","Copy Of What Is Facilities Manageme — Facilities Management &amp; Engineering","undefined - copy of what is facilities manageme","200 OK","https://www.entirefm.com/copy-of-what-is-facilities-manageme","NO","HTTP 200 Self-Canonical Indexable","COMPLETE","PASS"
"https://www.entirefm.com/derby-facilities-management","/derby-facilities-management","RECOVERED","RECOVERED","mandatory-historic-directive","undefined","Derby Facilities Management | Multi-Site Estates | EntireFM","Derby Facilities Management for Multi-Site Estates","undefined - derby facilities management","200 OK","https://www.entirefm.com/derby-facilities-management","NO","HTTP 200 Self-Canonical Indexable","COMPLETE","PASS"
"https://www.entirefm.com/education-cleaning","/education-cleaning","YES","YES","wix-generation-1","undefined","Education Cleaning Services | School &amp; College Contract Cleaning | Entire FM","Educational Campus &amp; School Term-Time Contract Cleaning","undefined - education cleaning","200 OK","https://www.entirefm.com/education-cleaning","NO","HTTP 200 Self-Canonical Indexable","COMPLETE","PASS"
"https://www.entirefm.com/education-facilities-management","/education-facilities-management","YES","YES","wix-generation-1","undefined","Education Facilities Management | School &amp; University FM | Entire FM","Education Facilities Management &amp; Campus Building Services Safeguarding, Statutory Safety &amp; Term-Time Agility","undefined - education facilities management","200 OK","https://www.entirefm.com/education-facilities-management","NO","HTTP 200 Self-Canonical Indexable","COMPLETE","PASS"
"https://www.entirefm.com/emergency-light-testing","/emergency-light-testing","YES","YES","LEGACY_VERIFIED","undefined","Emergency Lighting Testing | Monthly &amp; Annual | EntireFM","Emergency Lighting Testing and Certification","undefined - emergency light testing","200 OK","https://www.entirefm.com/emergency-light-testing","NO","HTTP 200 Self-Canonical Indexable","COMPLETE","PASS"
"https://www.entirefm.com/employment-portal","/employment-portal","YES","YES","wix-generation-1","undefined","Employment Portal | Facilities Management &amp; Engineering | Entire FM","Engineering Careers Built on High Standards &amp; Professional Pride","undefined - employment portal","200 OK","https://www.entirefm.com/employment-portal","NO","HTTP 200 Self-Canonical Indexable","COMPLETE","PASS"
"https://www.entirefm.com/external-cleaning-birmingham","/external-cleaning-birmingham","YES","YES","wix-generation-1","undefined","Contract Cleaning Birmingham | Commercial Specialist Services | Entire FM","Contract Cleaning in Birmingham &amp; Surrounding Districts","undefined - external cleaning birmingham","200 OK","https://www.entirefm.com/external-cleaning-birmingham","NO","HTTP 200 Self-Canonical Indexable","COMPLETE","PASS"
"https://www.entirefm.com/external-cleaning-lincoln","/external-cleaning-lincoln","YES","YES","wix-generation-1","undefined","External Cleaning Lincoln | Cladding &amp; Grounds Jet Washing | Entire FM","External Grounds, Cladding &amp; Pressure Cleaning in Lincoln","undefined - external cleaning lincoln","200 OK","https://www.entirefm.com/external-cleaning-lincoln","NO","HTTP 200 Self-Canonical Indexable","COMPLETE","PASS"
"https://www.entirefm.com/external-cleaning-london","/external-cleaning-london","YES","YES","wix-generation-1","undefined","External Cleaning London | Facade &amp; Cladding Jet Washing | Entire FM","External Facade, Cladding &amp; Grounds Cleaning in London","undefined - external cleaning london","200 OK","https://www.entirefm.com/external-cleaning-london","NO","HTTP 200 Self-Canonical Indexable","COMPLETE","PASS"
"https://www.entirefm.com/external-cleaning-manchester","/external-cleaning-manchester","YES","YES","wix-generation-1","undefined","External Cleaning Manchester | Cladding &amp; Grounds Jet Wash | Entire FM","External Grounds, Cladding &amp; Jet Washing in Manchester","undefined - external cleaning manchester","200 OK","https://www.entirefm.com/external-cleaning-manchester","NO","HTTP 200 Self-Canonical Indexable","COMPLETE","PASS"
"https://www.entirefm.com/facilities-management-birmingham","/facilities-management-birmingham","YES","YES","wix-generation-1-and-2","undefined","Facilities Management Birmingham | Commercial FM | EntireFM","Facilities Management in Birmingham","undefined - facilities management birmingham","200 OK","https://www.entirefm.com/facilities-management-birmingham","NO","HTTP 200 Self-Canonical Indexable","COMPLETE","PASS"
"https://www.entirefm.com/facilities-management-blog","/facilities-management-blog","YES","YES","wix-generation-1","undefined","Facilities Management Blog | Guides &amp; Industry Insight | EntireFM","Facilities Management Insights","undefined - facilities management blog","200 OK","https://www.entirefm.com/facilities-management-blog","NO","HTTP 200 Self-Canonical Indexable","COMPLETE","PASS"
"https://www.entirefm.com/facilities-management-bradford","/facilities-management-bradford","YES","YES","wix-generation-1-and-2","undefined","Facilities Management Bradford | Commercial FM | EntireFM","Facilities Management in Bradford","undefined - facilities management bradford","200 OK","https://www.entirefm.com/facilities-management-bradford","NO","HTTP 200 Self-Canonical Indexable","COMPLETE","PASS"
"https://www.entirefm.com/facilities-management-chesterfield","/facilities-management-chesterfield","YES","YES","wix-generation-1-and-2","undefined","Facilities Management Chesterfield | Commercial FM | EntireFM","Facilities Management in Chesterfield","undefined - facilities management chesterfield","200 OK","https://www.entirefm.com/facilities-management-chesterfield","NO","HTTP 200 Self-Canonical Indexable","COMPLETE","PASS"
"https://www.entirefm.com/facilities-management-derby","/facilities-management-derby","YES","YES","wix-generation-1-and-2","undefined","Facilities Management Derby | Commercial FM | EntireFM","Facilities Management in Derby","undefined - facilities management derby","200 OK","https://www.entirefm.com/facilities-management-derby","NO","HTTP 200 Self-Canonical Indexable","COMPLETE","PASS"
"https://www.entirefm.com/facilities-management-for/construction-facilities-management","/facilities-management-for/construction-facilities-management","YES","YES","wix-generation-2","undefined","Facilities Management For/Construction Facilities Management | Facilities Management &amp; Engineering | Entire FM","Facilities Management For/Construction Facilities Management — Facilities Management &amp; Engineering","undefined - facilities management for/construction facilities management","200 OK","https://www.entirefm.com/facilities-management-for/construction-facilities-management","NO","HTTP 200 Self-Canonical Indexable","COMPLETE","PASS"
"https://www.entirefm.com/facilities-management-for/education-%26-schools-facilities-management","/facilities-management-for/education-%26-schools-facilities-management","YES","YES","wix-generation-2","undefined","Schools Facilities Management | Academy Trust Building Care | Entire FM","Schools &amp; Multi-Academy Trust Facilities Management Safeguarding, Statutory Safety &amp; Term-Time Agility","undefined - facilities management for/education %26 schools facilities management","200 OK","https://www.entirefm.com/facilities-management-for/education-%26-schools-facilities-management","NO","HTTP 200 Self-Canonical Indexable","COMPLETE","PASS"
"https://www.entirefm.com/facilities-management-for/healthcare-facilities-management","/facilities-management-for/healthcare-facilities-management","YES","YES","wix-generation-2","undefined","Medical Clinic Facilities Management | Healthcare Estate FM | Entire FM","Medical Clinic &amp; Health Centre Facilities Management Hygiene, Reliability &amp; Statutory Compliance","undefined - facilities management for/healthcare facilities management","200 OK","https://www.entirefm.com/facilities-management-for/healthcare-facilities-management","NO","HTTP 200 Self-Canonical Indexable","COMPLETE","PASS"
"https://www.entirefm.com/facilities-management-for/hotels-%26-resort-facilities-management","/facilities-management-for/hotels-%26-resort-facilities-management","YES","YES","wix-generation-2","undefined","Hotels &amp; Resort Facilities Management | Luxury Estate FM | Entire FM","Resort &amp; Luxury Hotel Facilities Management 24/7 Guest Comfort &amp; Discreet Maintenance","undefined - facilities management for/hotels %26 resort facilities management","200 OK","https://www.entirefm.com/facilities-management-for/hotels-%26-resort-facilities-management","NO","HTTP 200 Self-Canonical Indexable","COMPLETE","PASS"
"https://www.entirefm.com/facilities-management-for/industrial-facilities-management","/facilities-management-for/industrial-facilities-management","YES","YES","wix-generation-2","undefined","Industrial Estate Facilities Management | Heavy Plant FM | Entire FM","Industrial Estate &amp; Factory Facilities Management Plant Reliability &amp; Uptime","undefined - facilities management for/industrial facilities management","200 OK","https://www.entirefm.com/facilities-management-for/industrial-facilities-management","NO","HTTP 200 Self-Canonical Indexable","COMPLETE","PASS"
"https://www.entirefm.com/facilities-management-for/leisure-centre-facilities-management","/facilities-management-for/leisure-centre-facilities-management","YES","YES","wix-generation-2","undefined","Facilities Management For/Leisure Centre Facilities Management | Facilities Management &amp; Engineering | Entire FM","Facilities Management For/Leisure Centre Facilities Management — Facilities Management &amp; Engineering","undefined - facilities management for/leisure centre facilities management","200 OK","https://www.entirefm.com/facilities-management-for/leisure-centre-facilities-management","NO","HTTP 200 Self-Canonical Indexable","COMPLETE","PASS"
"https://www.entirefm.com/facilities-management-for/logistics-%26-distribution-facilities-management","/facilities-management-for/logistics-%26-distribution-facilities-management","YES","YES","wix-generation-2","undefined","Logistics &amp; Distribution Facilities Management | Supply Hub FM | Entire FM","Distribution Hub &amp; Supply Chain Facilities Management 24/7 Throughput &amp; Loading Bay Availability","undefined - facilities management for/logistics %26 distribution facilities management","200 OK","https://www.entirefm.com/facilities-management-for/logistics-%26-distribution-facilities-management","NO","HTTP 200 Self-Canonical Indexable","COMPLETE","PASS"
"https://www.entirefm.com/facilities-management-for/managing-agent-facilities-management","/facilities-management-for/managing-agent-facilities-management","YES","YES","wix-generation-2","undefined","Managing Agent Facilities Management | Portfolio Compliance | Entire FM","Facilities Management for Commercial Managing Agents Multi-Site Governance &amp; Single-Source Accountability","undefined - facilities management for/managing agent facilities management","200 OK","https://www.entirefm.com/facilities-management-for/managing-agent-facilities-management","NO","HTTP 200 Self-Canonical Indexable","COMPLETE","PASS"
"https://www.entirefm.com/facilities-management-for/offices%2C-corporate-%26-co-working","/facilities-management-for/offices%2C-corporate-%26-co-working","YES","YES","wix-generation-2","undefined","Facilities Management For/Offices%2C Corporate %26 Co Working | Facilities Management &amp; Engineering | Entire FM","Facilities Management For/Offices%2C Corporate %26 Co Working — Facilities Management &amp; Engineering","undefined - facilities management for/offices%2C corporate %26 co working","200 OK","https://www.entirefm.com/facilities-management-for/offices%2C-corporate-%26-co-working","NO","HTTP 200 Self-Canonical Indexable","COMPLETE","PASS"
"https://www.entirefm.com/facilities-management-for/residential-facilities-management","/facilities-management-for/residential-facilities-management","YES","YES","wix-generation-2","undefined","Residential Estate Facilities Management | Gated Community FM | Entire FM","Private Residential Estate &amp; Gated Community Facilities Management Building Safety Act Compliance &amp; Resident Wellbeing","undefined - facilities management for/residential facilities management","200 OK","https://www.entirefm.com/facilities-management-for/residential-facilities-management","NO","HTTP 200 Self-Canonical Indexable","COMPLETE","PASS"
"https://www.entirefm.com/facilities-management-for/restaurant-%26-hospitality-facilities-management","/facilities-management-for/restaurant-%26-hospitality-facilities-management","YES","YES","wix-generation-2","undefined","Facilities Management For/Restaurant %26 Hospitality Facilities Management | Facilities Management &amp; Engineering | Entire FM","Facilities Management For/Restaurant %26 Hospitality Facilities Management — Facilities Management &amp; Engineering","undefined - facilities management for/restaurant %26 hospitality facilities management","200 OK","https://www.entirefm.com/facilities-management-for/restaurant-%26-hospitality-facilities-management","NO","HTTP 200 Self-Canonical Indexable","COMPLETE","PASS"
"https://www.entirefm.com/facilities-management-for/retail-%26-shopping-centre-facilities-management","/facilities-management-for/retail-%26-shopping-centre-facilities-management","YES","YES","wix-generation-2","undefined","Shopping Centre Facilities Management | Retail Park FM | Entire FM","Shopping Centre &amp; Retail Park Facilities Management Footfall, Presentation &amp; Trading Hours","undefined - facilities management for/retail %26 shopping centre facilities management","200 OK","https://www.entirefm.com/facilities-management-for/retail-%26-shopping-centre-facilities-management","NO","HTTP 200 Self-Canonical Indexable","COMPLETE","PASS"
"https://www.entirefm.com/facilities-management-for/sports-venue-facilities-management","/facilities-management-for/sports-venue-facilities-management","YES","YES","wix-generation-2","undefined","Sports Venue Facilities Management | Athletics &amp; Stadium FM | Entire FM","Sports Venue &amp; Athletics Facilities Management High-Capacity Crowds &amp; Event Readiness","undefined - facilities management for/sports venue facilities management","200 OK","https://www.entirefm.com/facilities-management-for/sports-venue-facilities-management","NO","HTTP 200 Self-Canonical Indexable","COMPLETE","PASS"
"https://www.entirefm.com/facilities-management-for/stadium-%26-arena-facilities-management","/facilities-management-for/stadium-%26-arena-facilities-management","YES","YES","wix-generation-2","undefined","Stadium &amp; Arena Facilities Management | High-Capacity Venue FM | Entire FM","Stadium &amp; Major Arena Facilities Management High-Capacity Crowds &amp; Event Readiness","undefined - facilities management for/stadium %26 arena facilities management","200 OK","https://www.entirefm.com/facilities-management-for/stadium-%26-arena-facilities-management","NO","HTTP 200 Self-Canonical Indexable","COMPLETE","PASS"
"https://www.entirefm.com/facilities-management-for/warehouse-%26-distribution","/facilities-management-for/warehouse-%26-distribution","YES","YES","wix-generation-2","undefined","Warehouse &amp; Distribution Facilities Management | Fulfilment FM | Entire FM","High-Bay Warehouse &amp; Fulfilment Centre Facilities Management 24/7 Throughput &amp; Loading Bay Availability","undefined - facilities management for/warehouse %26 distribution","200 OK","https://www.entirefm.com/facilities-management-for/warehouse-%26-distribution","NO","HTTP 200 Self-Canonical Indexable","COMPLETE","PASS"
"https://www.entirefm.com/facilities-management-in-telford","/facilities-management-in-telford","YES","YES","wix-generation-1-and-2","undefined","Facilities Management In Telford | Facilities Management &amp; Engineering | Entire FM","Facilities Management In Telford — Facilities Management &amp; Engineering","undefined - facilities management in telford","200 OK","https://www.entirefm.com/facilities-management-in-telford","NO","HTTP 200 Self-Canonical Indexable","COMPLETE","PASS"
"https://www.entirefm.com/facilities-management-in-the-midlands","/facilities-management-in-the-midlands","YES","YES","wix-generation-1-and-2","undefined","Facilities Management In The Midlands | Facilities Management &amp; Engineering | Entire FM","Facilities Management In The Midlands — Facilities Management &amp; Engineering","undefined - facilities management in the midlands","200 OK","https://www.entirefm.com/facilities-management-in-the-midlands","NO","HTTP 200 Self-Canonical Indexable","COMPLETE","PASS"
"https://www.entirefm.com/facilities-management-industries","/facilities-management-industries","YES","YES","LEGACY_VERIFIED","undefined","Facilities Management by Industry | Sectors | EntireFM","Facilities Management by Industry Multi-Site Governance &amp; Single-Source Accountability","undefined - facilities management industries","200 OK","https://www.entirefm.com/facilities-management-industries","NO","HTTP 200 Self-Canonical Indexable","COMPLETE","PASS"
"https://www.entirefm.com/facilities-management-leeds","/facilities-management-leeds","RECOVERED","RECOVERED","mandatory-historic-directive","undefined","Facilities Management Leeds | Commercial FM | EntireFM","Facilities Management in Leeds","undefined - facilities management leeds","200 OK","https://www.entirefm.com/facilities-management-leeds","NO","HTTP 200 Self-Canonical Indexable","COMPLETE","PASS"
"https://www.entirefm.com/facilities-management-lincoln","/facilities-management-lincoln","YES","YES","wix-generation-1-and-2","undefined","Facilities Management Lincoln | Commercial FM | EntireFM","Facilities Management in Lincoln","undefined - facilities management lincoln","200 OK","https://www.entirefm.com/facilities-management-lincoln","NO","HTTP 200 Self-Canonical Indexable","COMPLETE","PASS"
"https://www.entirefm.com/facilities-management-liverpool","/facilities-management-liverpool","RECOVERED","RECOVERED","mandatory-historic-directive","undefined","Facilities Management Liverpool | Commercial FM | EntireFM","Facilities Management in Liverpool","undefined - facilities management liverpool","200 OK","https://www.entirefm.com/facilities-management-liverpool","NO","HTTP 200 Self-Canonical Indexable","COMPLETE","PASS"
"https://www.entirefm.com/facilities-management-london","/facilities-management-london","YES","YES","wix-generation-1-and-2","undefined","Facilities Management London | Commercial FM | EntireFM","Facilities Management in London","undefined - facilities management london","200 OK","https://www.entirefm.com/facilities-management-london","NO","HTTP 200 Self-Canonical Indexable","COMPLETE","PASS"
"https://www.entirefm.com/facilities-management-manchester","/facilities-management-manchester","YES","YES","wix-generation-1-and-2","undefined","Facilities Management Manchester | Commercial FM | EntireFM","Facilities Management in Manchester","undefined - facilities management manchester","200 OK","https://www.entirefm.com/facilities-management-manchester","NO","HTTP 200 Self-Canonical Indexable","COMPLETE","PASS"
"https://www.entirefm.com/facilities-management-midlands","/facilities-management-midlands","RECOVERED","RECOVERED","mandatory-historic-directive","undefined","Facilities Management Midlands | Commercial FM | EntireFM","Facilities Management in Midlands","undefined - facilities management midlands","200 OK","https://www.entirefm.com/facilities-management-midlands","NO","HTTP 200 Self-Canonical Indexable","COMPLETE","PASS"
"https://www.entirefm.com/facilities-management-nottingham","/facilities-management-nottingham","RECOVERED","RECOVERED","mandatory-historic-directive","undefined","Facilities Management Nottingham | Commercial FM | EntireFM","Facilities Management in Nottingham","undefined - facilities management nottingham","200 OK","https://www.entirefm.com/facilities-management-nottingham","NO","HTTP 200 Self-Canonical Indexable","COMPLETE","PASS"
"https://www.entirefm.com/facilities-management-offices","/facilities-management-offices","YES","YES","wix-generation-1","undefined","Facilities Management Offices | Facilities Management &amp; Engineering | Entire FM","Facilities Management Offices — Facilities Management &amp; Engineering","undefined - facilities management offices","200 OK","https://www.entirefm.com/facilities-management-offices","NO","HTTP 200 Self-Canonical Indexable","COMPLETE","PASS"
"https://www.entirefm.com/facilities-management-services","/facilities-management-services","YES","YES","wix-generation-1","undefined","Facilities Management Services | Facilities Management &amp; Engineering | Entire FM","Facilities Management Services — Facilities Management &amp; Engineering","undefined - facilities management services","200 OK","https://www.entirefm.com/facilities-management-services","NO","HTTP 200 Self-Canonical Indexable","COMPLETE","PASS"
"https://www.entirefm.com/facilities-management-services-lond","/facilities-management-services-lond","YES","YES","wix-generation-1","undefined","Facilities Management Services Lond | Facilities Management &amp; Engineering | Entire FM","Facilities Management Services Lond — Facilities Management &amp; Engineering","undefined - facilities management services lond","200 OK","https://www.entirefm.com/facilities-management-services-lond","NO","HTTP 200 Self-Canonical Indexable","COMPLETE","PASS"
"https://www.entirefm.com/facilities-management-sheffield","/facilities-management-sheffield","RECOVERED","RECOVERED","mandatory-historic-directive","undefined","Facilities Management Sheffield | Commercial FM | EntireFM","Facilities Management in Sheffield","undefined - facilities management sheffield","200 OK","https://www.entirefm.com/facilities-management-sheffield","NO","HTTP 200 Self-Canonical Indexable","COMPLETE","PASS"
"https://www.entirefm.com/facilities-management-team","/facilities-management-team","YES","YES","wix-generation-1-and-2","undefined","Facilities Management Team | Facilities Management &amp; Engineering | Entire FM","Facilities Management Team — Facilities Management &amp; Engineering","undefined - facilities management team","200 OK","https://www.entirefm.com/facilities-management-team","NO","HTTP 200 Self-Canonical Indexable","COMPLETE","PASS"
"https://www.entirefm.com/facilities-management-telford","/facilities-management-telford","RECOVERED","RECOVERED","mandatory-historic-directive","undefined","Facilities Management Telford | Commercial FM | EntireFM","Facilities Management in Telford","undefined - facilities management telford","200 OK","https://www.entirefm.com/facilities-management-telford","NO","HTTP 200 Self-Canonical Indexable","COMPLETE","PASS"
"https://www.entirefm.com/fire-emergency-systems","/fire-emergency-systems","YES","YES","wix-generation-1","undefined","Fire &amp; Life Safety Emergency Systems | Alarm &amp; Detection FM | Entire FM","Fire Alarm &amp; Emergency Life Safety Systems Maintenance","undefined - fire emergency systems","200 OK","https://www.entirefm.com/fire-emergency-systems","NO","HTTP 200 Self-Canonical Indexable","COMPLETE","PASS"
"https://www.entirefm.com/fm-birmingham","/fm-birmingham","YES","YES","wix-generation-1-and-2","undefined","FM Birmingham | Outsourced Facilities Management | EntireFM","FM Birmingham: Outsourced Facilities Management Under One Contract","undefined - fm birmingham","200 OK","https://www.entirefm.com/fm-birmingham","NO","HTTP 200 Self-Canonical Indexable","COMPLETE","PASS"
"https://www.entirefm.com/fm-bradford","/fm-bradford","YES","YES","wix-generation-1-and-2","undefined","FM Bradford | Outsourced Facilities Management | EntireFM","FM Bradford: Outsourced Facilities Management Under One Contract","undefined - fm bradford","200 OK","https://www.entirefm.com/fm-bradford","NO","HTTP 200 Self-Canonical Indexable","COMPLETE","PASS"
"https://www.entirefm.com/fm-chesterfield","/fm-chesterfield","YES","YES","wix-generation-1-and-2","undefined","FM Chesterfield | Outsourced Facilities Management | EntireFM","FM Chesterfield: Outsourced Facilities Management Under One Contract","undefined - fm chesterfield","200 OK","https://www.entirefm.com/fm-chesterfield","NO","HTTP 200 Self-Canonical Indexable","COMPLETE","PASS"
"https://www.entirefm.com/fm-client-info","/fm-client-info","YES","YES","wix-generation-1","undefined","Fm Client Info | Facilities Management &amp; Engineering | Entire FM","Fm Client Info — Facilities Management &amp; Engineering","undefined - fm client info","200 OK","https://www.entirefm.com/fm-client-info","NO","HTTP 200 Self-Canonical Indexable","COMPLETE","PASS"
"https://www.entirefm.com/fm-derby","/fm-derby","YES","YES","wix-generation-1-and-2","undefined","FM Derby | Outsourced Facilities Management | EntireFM","FM Derby: Outsourced Facilities Management Under One Contract","undefined - fm derby","200 OK","https://www.entirefm.com/fm-derby","NO","HTTP 200 Self-Canonical Indexable","COMPLETE","PASS"
"https://www.entirefm.com/fm-intelligence","/fm-intelligence","RECOVERED","RECOVERED","LEGACY_PROTECTED_BY_DIRECTIVE","undefined","FM Intelligence &amp; Market Analysis 2026 | Industry Benchmarks | Entire FM","UK Facilities Management Intelligence (2026)","undefined - fm intelligence","200 OK","https://www.entirefm.com/fm-intelligence","NO","HTTP 200 Self-Canonical Indexable","COMPLETE","PASS"
"https://www.entirefm.com/fm-leeds","/fm-leeds","YES","YES","wix-generation-1-and-2","undefined","FM Leeds | Outsourced Facilities Management | EntireFM","FM Leeds: Outsourced Facilities Management Under One Contract","undefined - fm leeds","200 OK","https://www.entirefm.com/fm-leeds","NO","HTTP 200 Self-Canonical Indexable","COMPLETE","PASS"
"https://www.entirefm.com/fm-lincoln","/fm-lincoln","YES","YES","wix-generation-1-and-2","undefined","FM Lincoln | Outsourced Facilities Management | EntireFM","FM Lincoln: Outsourced Facilities Management Under One Contract","undefined - fm lincoln","200 OK","https://www.entirefm.com/fm-lincoln","NO","HTTP 200 Self-Canonical Indexable","COMPLETE","PASS"
"https://www.entirefm.com/fm-liverpool","/fm-liverpool","YES","YES","wix-generation-1-and-2","undefined","FM Liverpool | Outsourced Facilities Management | EntireFM","FM Liverpool: Outsourced Facilities Management Under One Contract","undefined - fm liverpool","200 OK","https://www.entirefm.com/fm-liverpool","NO","HTTP 200 Self-Canonical Indexable","COMPLETE","PASS"
"https://www.entirefm.com/fm-london","/fm-london","YES","YES","wix-generation-1-and-2","undefined","FM London | Outsourced Facilities Management | EntireFM","FM London: Outsourced Facilities Management Under One Contract","undefined - fm london","200 OK","https://www.entirefm.com/fm-london","NO","HTTP 200 Self-Canonical Indexable","COMPLETE","PASS"
"https://www.entirefm.com/fm-manchester","/fm-manchester","YES","YES","wix-generation-1-and-2","undefined","FM Manchester | Outsourced Facilities Management | EntireFM","FM Manchester: Outsourced Facilities Management Under One Contract","undefined - fm manchester","200 OK","https://www.entirefm.com/fm-manchester","NO","HTTP 200 Self-Canonical Indexable","COMPLETE","PASS"
"https://www.entirefm.com/fm-matlock","/fm-matlock","YES","YES","wix-generation-1","undefined","FM Matlock | Outsourced Facilities Management | EntireFM","FM Matlock: Outsourced Facilities Management Under One Contract","undefined - fm matlock","200 OK","https://www.entirefm.com/fm-matlock","NO","HTTP 200 Self-Canonical Indexable","COMPLETE","PASS"
"https://www.entirefm.com/fm-nottingham","/fm-nottingham","YES","YES","wix-generation-1-and-2","undefined","FM Nottingham | Outsourced Facilities Management | EntireFM","FM Nottingham: Outsourced Facilities Management Under One Contract","undefined - fm nottingham","200 OK","https://www.entirefm.com/fm-nottingham","NO","HTTP 200 Self-Canonical Indexable","COMPLETE","PASS"
"https://www.entirefm.com/fm-services-sheffield","/fm-services-sheffield","YES","YES","wix-generation-1","undefined","FM Services Sheffield | Hard &amp; Soft Services | EntireFM","FM Services in Sheffield","undefined - fm services sheffield","200 OK","https://www.entirefm.com/fm-services-sheffield","NO","HTTP 200 Self-Canonical Indexable","COMPLETE","PASS"
"https://www.entirefm.com/fm-sheffield","/fm-sheffield","YES","YES","wix-generation-1-and-2","undefined","FM Sheffield | Outsourced Facilities Management | EntireFM","FM Sheffield: Outsourced Facilities Management Under One Contract","undefined - fm sheffield","200 OK","https://www.entirefm.com/fm-sheffield","NO","HTTP 200 Self-Canonical Indexable","COMPLETE","PASS"
"https://www.entirefm.com/fm-supply-chain","/fm-supply-chain","YES","YES","wix-generation-1","undefined","Fm Supply Chain | Facilities Management &amp; Engineering | Entire FM","National Specialist Subcontractor &amp; Supplier Network","undefined - fm supply chain","200 OK","https://www.entirefm.com/fm-supply-chain","NO","HTTP 200 Self-Canonical Indexable","COMPLETE","PASS"
"https://www.entirefm.com/fm-supply-form","/fm-supply-form","YES","YES","wix-generation-1","undefined","Fm Supply Form | Facilities Management &amp; Engineering | Entire FM","National Specialist Subcontractor &amp; Supplier Network","undefined - fm supply form","200 OK","https://www.entirefm.com/fm-supply-form","NO","HTTP 200 Self-Canonical Indexable","COMPLETE","PASS"
"https://www.entirefm.com/fm-support-n-contact","/fm-support-n-contact","YES","YES","wix-generation-1-and-2","undefined","Fm Support N Contact | Facilities Management &amp; Engineering | Entire FM","Let&#x27;s Talk About Your Estate.","undefined - fm support n contact","200 OK","https://www.entirefm.com/fm-support-n-contact","NO","HTTP 200 Self-Canonical Indexable","COMPLETE","PASS"
"https://www.entirefm.com/fm-support-n-contact/facilities-management-glossary","/fm-support-n-contact/facilities-management-glossary","YES","YES","wix-generation-2","undefined","Fm Support N Contact/Facilities Management Glossary | Facilities Management &amp; Engineering | Entire FM","Fm Support N Contact/Facilities Management Glossary — Facilities Management &amp; Engineering","undefined - fm support n contact/facilities management glossary","200 OK","https://www.entirefm.com/fm-support-n-contact/facilities-management-glossary","NO","HTTP 200 Self-Canonical Indexable","COMPLETE","PASS"
"https://www.entirefm.com/fm-technical-services","/fm-technical-services","YES","YES","wix-generation-1","undefined","Fm Technical Services | Facilities Management &amp; Engineering | Entire FM","Fm Technical Services — Facilities Management &amp; Engineering","undefined - fm technical services","200 OK","https://www.entirefm.com/fm-technical-services","NO","HTTP 200 Self-Canonical Indexable","COMPLETE","PASS"
"https://www.entirefm.com/fm-telford","/fm-telford","RECOVERED","RECOVERED","mandatory-historic-directive","undefined","FM Telford | Outsourced Facilities Management | EntireFM","FM Telford: Outsourced Facilities Management Under One Contract","undefined - fm telford","200 OK","https://www.entirefm.com/fm-telford","NO","HTTP 200 Self-Canonical Indexable","COMPLETE","PASS"
"https://www.entirefm.com/gates-barriers","/gates-barriers","YES","YES","wix-generation-1","undefined","Automated Gates &amp; Vehicle Barriers | Perimeter Access | Entire FM","Automated Gates, Barriers &amp; Perimeter Access Control","undefined - gates barriers","200 OK","https://www.entirefm.com/gates-barriers","NO","HTTP 200 Self-Canonical Indexable","COMPLETE","PASS"
"https://www.entirefm.com/grounds-maintenance","/grounds-maintenance","YES","YES","wix-generation-1","undefined","Grounds Maintenance | Facilities Management &amp; Engineering | Entire FM","Grounds Maintenance — Facilities Management &amp; Engineering","undefined - grounds maintenance","200 OK","https://www.entirefm.com/grounds-maintenance","NO","HTTP 200 Self-Canonical Indexable","COMPLETE","PASS"
"https://www.entirefm.com/hard-services","/hard-services","YES","YES","wix-generation-1-and-2","undefined","Hard Services | Facilities Management &amp; Engineering | Entire FM","Hard Services — Facilities Management &amp; Engineering","undefined - hard services","200 OK","https://www.entirefm.com/hard-services","NO","HTTP 200 Self-Canonical Indexable","COMPLETE","PASS"
"https://www.entirefm.com/healthcare-facilities-management","/healthcare-facilities-management","YES","YES","wix-generation-1","undefined","Healthcare Facilities Management | Medical &amp; Clinic FM | Entire FM","Healthcare Facilities Management &amp; Clinical Estate Maintenance Hygiene, Reliability &amp; Statutory Compliance","undefined - healthcare facilities management","200 OK","https://www.entirefm.com/healthcare-facilities-management","NO","HTTP 200 Self-Canonical Indexable","COMPLETE","PASS"
"https://www.entirefm.com/helpdesk","/helpdesk","YES","YES","wix-generation-1","undefined","Helpdesk | Facilities Management &amp; Engineering | Entire FM","Helpdesk — Facilities Management &amp; Engineering","undefined - helpdesk","200 OK","https://www.entirefm.com/helpdesk","NO","HTTP 200 Self-Canonical Indexable","COMPLETE","PASS"
"https://www.entirefm.com/helpdesk-registration","/helpdesk-registration","YES","YES","wix-generation-1","undefined","Helpdesk Registration | Facilities Management &amp; Engineering | Entire FM","Helpdesk Registration — Facilities Management &amp; Engineering","undefined - helpdesk registration","200 OK","https://www.entirefm.com/helpdesk-registration","NO","HTTP 200 Self-Canonical Indexable","COMPLETE","PASS"
"https://www.entirefm.com/home","/home","YES","YES","LEGACY_VERIFIED","undefined","EntireFM | Commercial Facilities Management Across the UK","EntireFM: commercial facilities management","undefined - home","200 OK","https://www.entirefm.com/home","NO","HTTP 200 Self-Canonical Indexable","COMPLETE","PASS"
"https://www.entirefm.com/home-1-1","/home-1-1","YES","YES","LEGACY_VERIFIED","undefined","About EntireFM | Independent FM Provider Since 2009","About EntireFM","undefined - home 1 1","200 OK","https://www.entirefm.com/home-1-1","NO","HTTP 200 Self-Canonical Indexable","COMPLETE","PASS"
"https://www.entirefm.com/home-1-1-1","/home-1-1-1","YES","YES","LEGACY_VERIFIED","undefined","EntireFM Services Overview | Hard and Soft FM","EntireFM services overview","undefined - home 1 1 1","200 OK","https://www.entirefm.com/home-1-1-1","NO","HTTP 200 Self-Canonical Indexable","COMPLETE","PASS"
"https://www.entirefm.com/homeab","/homeab","YES","YES","LEGACY_VERIFIED","undefined","EntireFM | Facilities Management Enquiries","Talk to EntireFM","undefined - homeab","200 OK","https://www.entirefm.com/homeab","NO","HTTP 200 Self-Canonical Indexable","COMPLETE","PASS"
"https://www.entirefm.com/hot-tub-relocation","/hot-tub-relocation","YES","YES","wix-generation-2","undefined","Commercial Spa &amp; Hot Tub Relocation Services | Entire FM","Commercial Spa &amp; Hot Tub Relocation Services","undefined - hot tub relocation","200 OK","https://www.entirefm.com/hot-tub-relocation","NO","HTTP 200 Self-Canonical Indexable","COMPLETE","PASS"
"https://www.entirefm.com/hotel-facilities-management","/hotel-facilities-management","YES","YES","wix-generation-1-and-2","undefined","Hotel &amp; Hospitality Facilities Management | Guest Experience FM | Entire FM","Hotel &amp; Hospitality Facilities Management 24/7 Guest Comfort &amp; Discreet Maintenance","undefined - hotel facilities management","200 OK","https://www.entirefm.com/hotel-facilities-management","NO","HTTP 200 Self-Canonical Indexable","COMPLETE","PASS"
"https://www.entirefm.com/hvac-contractor","/hvac-contractor","YES","YES","wix-generation-1-and-2","undefined","Commercial HVAC Contractor | Heating, Ventilation &amp; Air Conditioning | Entire FM","Commercial HVAC Contractor — Heating, Ventilation &amp; AC","undefined - hvac contractor","200 OK","https://www.entirefm.com/hvac-contractor","NO","HTTP 200 Self-Canonical Indexable","COMPLETE","PASS"
"https://www.entirefm.com/industrial-cleaning","/industrial-cleaning","YES","YES","wix-generation-1-and-2","undefined","Industrial Cleaning Contractors | Plant &amp; Warehouse Decontamination | Entire FM","Industrial Cleaning &amp; Factory Decontamination Services","undefined - industrial cleaning","200 OK","https://www.entirefm.com/industrial-cleaning","NO","HTTP 200 Self-Canonical Indexable","COMPLETE","PASS"
"https://www.entirefm.com/industrial-cleaning-birmingham","/industrial-cleaning-birmingham","YES","YES","wix-generation-1","undefined","Industrial Cleaning Birmingham | Factory &amp; Plant Jet Wash | Entire FM","Industrial Cleaning &amp; Plant Decontamination in Birmingham","undefined - industrial cleaning birmingham","200 OK","https://www.entirefm.com/industrial-cleaning-birmingham","NO","HTTP 200 Self-Canonical Indexable","COMPLETE","PASS"
"https://www.entirefm.com/industrial-cleaning-chesterfield","/industrial-cleaning-chesterfield","YES","YES","wix-generation-1","undefined","Industrial Cleaning Chesterfield | Factory &amp; Workshop Cleaning | Entire FM","Industrial Cleaning &amp; Plant Decontamination in Chesterfield","undefined - industrial cleaning chesterfield","200 OK","https://www.entirefm.com/industrial-cleaning-chesterfield","NO","HTTP 200 Self-Canonical Indexable","COMPLETE","PASS"
"https://www.entirefm.com/industrial-cleaning-derby","/industrial-cleaning-derby","YES","YES","wix-generation-1","undefined","Industrial Cleaning Derby | Manufacturing Plant Cleaning | Entire FM","Industrial Cleaning &amp; Plant Decontamination in Derby","undefined - industrial cleaning derby","200 OK","https://www.entirefm.com/industrial-cleaning-derby","NO","HTTP 200 Self-Canonical Indexable","COMPLETE","PASS"
"https://www.entirefm.com/industrial-cleaning-leeds","/industrial-cleaning-leeds","YES","YES","wix-generation-1","undefined","Industrial Cleaning Leeds | Factory &amp; Logistics Cleaning | Entire FM","Industrial Cleaning &amp; Plant Decontamination in Leeds","undefined - industrial cleaning leeds","200 OK","https://www.entirefm.com/industrial-cleaning-leeds","NO","HTTP 200 Self-Canonical Indexable","COMPLETE","PASS"
"https://www.entirefm.com/industrial-cleaning-lincoln","/industrial-cleaning-lincoln","YES","YES","wix-generation-1","undefined","Industrial Cleaning Lincoln | Engineering &amp; Workshop Cleaning | Entire FM","Industrial Cleaning &amp; Plant Decontamination in Lincoln","undefined - industrial cleaning lincoln","200 OK","https://www.entirefm.com/industrial-cleaning-lincoln","NO","HTTP 200 Self-Canonical Indexable","COMPLETE","PASS"
"https://www.entirefm.com/industrial-cleaning-london","/industrial-cleaning-london","YES","YES","wix-generation-1","undefined","Industrial Cleaning London | Industrial Unit &amp; Plant Cleaning | Entire FM","Industrial Cleaning &amp; Plant Decontamination in London","undefined - industrial cleaning london","200 OK","https://www.entirefm.com/industrial-cleaning-london","NO","HTTP 200 Self-Canonical Indexable","COMPLETE","PASS"
"https://www.entirefm.com/industrial-cleaning-manchester","/industrial-cleaning-manchester","YES","YES","wix-generation-1","undefined","Industrial Cleaning Manchester | Manufacturing &amp; Warehouse Cleaning | Entire FM","Industrial Cleaning &amp; Plant Decontamination in Manchester","undefined - industrial cleaning manchester","200 OK","https://www.entirefm.com/industrial-cleaning-manchester","NO","HTTP 200 Self-Canonical Indexable","COMPLETE","PASS"
"https://www.entirefm.com/industrial-cleaning-nottingham","/industrial-cleaning-nottingham","YES","YES","wix-generation-1-and-2","undefined","Industrial Cleaning Nottingham | Factory &amp; Warehouse Cleaning | Entire FM","Industrial Cleaning &amp; Plant Decontamination in Nottingham","undefined - industrial cleaning nottingham","200 OK","https://www.entirefm.com/industrial-cleaning-nottingham","NO","HTTP 200 Self-Canonical Indexable","COMPLETE","PASS"
"https://www.entirefm.com/industrial-cleaning-sheffield","/industrial-cleaning-sheffield","YES","YES","wix-generation-1","undefined","Industrial Cleaning Sheffield | Steelworks &amp; Manufacturing Cleaning | Entire FM","Industrial Cleaning &amp; Plant Decontamination in Sheffield","undefined - industrial cleaning sheffield","200 OK","https://www.entirefm.com/industrial-cleaning-sheffield","NO","HTTP 200 Self-Canonical Indexable","COMPLETE","PASS"
"https://www.entirefm.com/industrial-facilities-management","/industrial-facilities-management","YES","YES","wix-generation-1-and-2","undefined","Industrial Facilities Management | Factory &amp; Plant Maintenance | Entire FM","Industrial Facilities Management &amp; Manufacturing Plant Maintenance Plant Reliability &amp; Uptime","undefined - industrial facilities management","200 OK","https://www.entirefm.com/industrial-facilities-management","NO","HTTP 200 Self-Canonical Indexable","COMPLETE","PASS"
"https://www.entirefm.com/industrial-fm-lincoln","/industrial-fm-lincoln","YES","YES","wix-generation-1","undefined","Industrial FM Lincoln | Manufacturing &amp; Plant Maintenance | Entire FM","Industrial Facilities Management &amp; Factory Maintenance in Lincoln","undefined - industrial fm lincoln","200 OK","https://www.entirefm.com/industrial-fm-lincoln","NO","HTTP 200 Self-Canonical Indexable","COMPLETE","PASS"
"https://www.entirefm.com/internal-cleaning","/internal-cleaning","YES","YES","wix-generation-1","undefined","Internal Cleaning | Facilities Management &amp; Engineering | Entire FM","Internal Cleaning — Facilities Management &amp; Engineering","undefined - internal cleaning","200 OK","https://www.entirefm.com/internal-cleaning","NO","HTTP 200 Self-Canonical Indexable","COMPLETE","PASS"
"https://www.entirefm.com/items","/items","YES","YES","wix-generation-1","undefined","Items | Facilities Management &amp; Engineering | Entire FM","Items — Facilities Management &amp; Engineering","undefined - items","200 OK","https://www.entirefm.com/items","NO","HTTP 200 Self-Canonical Indexable","COMPLETE","PASS"
"https://www.entirefm.com/job-board","/job-board","YES","YES","wix-generation-1","undefined","Job Board | Facilities Management &amp; Engineering | Entire FM","Engineering Careers Built on High Standards &amp; Professional Pride","undefined - job board","200 OK","https://www.entirefm.com/job-board","NO","HTTP 200 Self-Canonical Indexable","COMPLETE","PASS"
"https://www.entirefm.com/landmark-facilities-management","/landmark-facilities-management","YES","YES","wix-generation-1-and-2","undefined","Landmark Facilities Management | Facilities Management &amp; Engineering | Entire FM","Landmark Facilities Management — Facilities Management &amp; Engineering","undefined - landmark facilities management","200 OK","https://www.entirefm.com/landmark-facilities-management","NO","HTTP 200 Self-Canonical Indexable","COMPLETE","PASS"
"https://www.entirefm.com/landscaping","/landscaping","YES","YES","wix-generation-1","undefined","Landscaping | Facilities Management &amp; Engineering | Entire FM","Landscaping — Facilities Management &amp; Engineering","undefined - landscaping","200 OK","https://www.entirefm.com/landscaping","NO","HTTP 200 Self-Canonical Indexable","COMPLETE","PASS"
"https://www.entirefm.com/leeds-facilities-management","/leeds-facilities-management","RECOVERED","RECOVERED","mandatory-historic-directive","undefined","Leeds Facilities Management | Multi-Site Estates | EntireFM","Leeds Facilities Management for Multi-Site Estates","undefined - leeds facilities management","200 OK","https://www.entirefm.com/leeds-facilities-management","NO","HTTP 200 Self-Canonical Indexable","COMPLETE","PASS"
"https://www.entirefm.com/lincoln-facilities-management","/lincoln-facilities-management","RECOVERED","RECOVERED","mandatory-historic-directive","undefined","Lincoln Facilities Management | Multi-Site Estates | EntireFM","Lincoln Facilities Management for Multi-Site Estates","undefined - lincoln facilities management","200 OK","https://www.entirefm.com/lincoln-facilities-management","NO","HTTP 200 Self-Canonical Indexable","COMPLETE","PASS"
"https://www.entirefm.com/lincoln-facilities-management-areas","/lincoln-facilities-management-areas","YES","YES","wix-generation-1","undefined","Lincoln FM Coverage Areas | Districts Served | EntireFM","Lincoln Facilities Management Coverage Areas","undefined - lincoln facilities management areas","200 OK","https://www.entirefm.com/lincoln-facilities-management-areas","NO","HTTP 200 Self-Canonical Indexable","COMPLETE","PASS"
"https://www.entirefm.com/liverpool-facilities-management","/liverpool-facilities-management","RECOVERED","RECOVERED","mandatory-historic-directive","undefined","Liverpool Facilities Management | Multi-Site Estates | EntireFM","Liverpool Facilities Management for Multi-Site Estates","undefined - liverpool facilities management","200 OK","https://www.entirefm.com/liverpool-facilities-management","NO","HTTP 200 Self-Canonical Indexable","COMPLETE","PASS"
"https://www.entirefm.com/logistics-facilities-management","/logistics-facilities-management","YES","YES","wix-generation-1","undefined","Logistics Facilities Management | Distribution Centre FM | Entire FM","Logistics Park &amp; Distribution Centre Facilities Management 24/7 Throughput &amp; Loading Bay Availability","undefined - logistics facilities management","200 OK","https://www.entirefm.com/logistics-facilities-management","NO","HTTP 200 Self-Canonical Indexable","COMPLETE","PASS"
"https://www.entirefm.com/london-facilities-management","/london-facilities-management","YES","YES","wix-generation-1-and-2","undefined","London Facilities Management | Multi-Site Estates | EntireFM","London Facilities Management for Multi-Site Estates","undefined - london facilities management","200 OK","https://www.entirefm.com/london-facilities-management","NO","HTTP 200 Self-Canonical Indexable","COMPLETE","PASS"
"https://www.entirefm.com/london-facilities-management-areas","/london-facilities-management-areas","YES","YES","wix-generation-1","undefined","London FM Coverage Areas | Districts Served | EntireFM","London Facilities Management Coverage Areas","undefined - london facilities management areas","200 OK","https://www.entirefm.com/london-facilities-management-areas","NO","HTTP 200 Self-Canonical Indexable","COMPLETE","PASS"
"https://www.entirefm.com/manchester-facilities-management","/manchester-facilities-management","RECOVERED","RECOVERED","mandatory-historic-directive","undefined","Manchester Facilities Management | Multi-Site Estates | EntireFM","Manchester Facilities Management for Multi-Site Estates","undefined - manchester facilities management","200 OK","https://www.entirefm.com/manchester-facilities-management","NO","HTTP 200 Self-Canonical Indexable","COMPLETE","PASS"
"https://www.entirefm.com/manchester-facilities-managment","/manchester-facilities-managment","YES","YES","wix-generation-1","undefined","Manchester Facilities Managment | Facilities Management &amp; Engineering | Entire FM","Manchester Facilities Managment — Facilities Management &amp; Engineering","undefined - manchester facilities managment","200 OK","https://www.entirefm.com/manchester-facilities-managment","NO","HTTP 200 Self-Canonical Indexable","COMPLETE","PASS"
"https://www.entirefm.com/manchester-office-cleaning","/manchester-office-cleaning","YES","YES","wix-generation-1","undefined","Office Cleaning Manchester | Commercial Specialist Services | Entire FM","Office Cleaning in Manchester &amp; Surrounding Districts","undefined - manchester office cleaning","200 OK","https://www.entirefm.com/manchester-office-cleaning","NO","HTTP 200 Self-Canonical Indexable","COMPLETE","PASS"
"https://www.entirefm.com/mechanical-electrical","/mechanical-electrical","YES","YES","wix-generation-1-and-2","undefined","Mechanical &amp; Electrical Engineering Contractors | M&amp;E Services | Entire FM","Mechanical &amp; Electrical (M&amp;E) Engineering for Commercial Estates","undefined - mechanical electrical","200 OK","https://www.entirefm.com/mechanical-electrical","NO","HTTP 200 Self-Canonical Indexable","COMPLETE","PASS"
"https://www.entirefm.com/mechanical-electrical/access-control","/mechanical-electrical/access-control","YES","YES","wix-generation-2","undefined","Mechanical Electrical/Access Control | Facilities Management &amp; Engineering | Entire FM","Mechanical Electrical/Access Control — Facilities Management &amp; Engineering","undefined - mechanical electrical/access control","200 OK","https://www.entirefm.com/mechanical-electrical/access-control","NO","HTTP 200 Self-Canonical Indexable","COMPLETE","PASS"
"https://www.entirefm.com/mechanical-electrical/emergency-light-testing","/mechanical-electrical/emergency-light-testing","YES","YES","wix-generation-2","undefined","Mechanical Electrical/Emergency Light Testing | Facilities Management &amp; Engineering | Entire FM","Mechanical Electrical/Emergency Light Testing — Facilities Management &amp; Engineering","undefined - mechanical electrical/emergency light testing","200 OK","https://www.entirefm.com/mechanical-electrical/emergency-light-testing","NO","HTTP 200 Self-Canonical Indexable","COMPLETE","PASS"
"https://www.entirefm.com/media-digital-displays","/media-digital-displays","YES","YES","wix-generation-1","undefined","Media Digital Displays | Facilities Management &amp; Engineering | Entire FM","Media Digital Displays — Facilities Management &amp; Engineering","undefined - media digital displays","200 OK","https://www.entirefm.com/media-digital-displays","NO","HTTP 200 Self-Canonical Indexable","COMPLETE","PASS"
"https://www.entirefm.com/medical-cleaning","/medical-cleaning","YES","YES","wix-generation-1","undefined","Medical Cleaning | Facilities Management &amp; Engineering | Entire FM","Medical Cleaning — Facilities Management &amp; Engineering","undefined - medical cleaning","200 OK","https://www.entirefm.com/medical-cleaning","NO","HTTP 200 Self-Canonical Indexable","COMPLETE","PASS"
"https://www.entirefm.com/mobile-crane-hire","/mobile-crane-hire","YES","YES","wix-generation-2","undefined","Mobile Crane Hire | Facilities Management &amp; Engineering | Entire FM","Mobile Crane Hire — Facilities Management &amp; Engineering","undefined - mobile crane hire","200 OK","https://www.entirefm.com/mobile-crane-hire","NO","HTTP 200 Self-Canonical Indexable","COMPLETE","PASS"
"https://www.entirefm.com/mobile-crane-hire/chesterfield","/mobile-crane-hire/chesterfield","YES","YES","wix-generation-2","undefined","Mobile Crane Hire/Chesterfield | Facilities Management &amp; Engineering | Entire FM","Mobile Crane Hire/Chesterfield — Facilities Management &amp; Engineering","undefined - mobile crane hire/chesterfield","200 OK","https://www.entirefm.com/mobile-crane-hire/chesterfield","NO","HTTP 200 Self-Canonical Indexable","COMPLETE","PASS"
"https://www.entirefm.com/mobile-crane-hire/sheffield","/mobile-crane-hire/sheffield","YES","YES","wix-generation-2","undefined","Mobile Crane Hire/Sheffield | Facilities Management &amp; Engineering | Entire FM","Mobile Crane Hire/Sheffield — Facilities Management &amp; Engineering","undefined - mobile crane hire/sheffield","200 OK","https://www.entirefm.com/mobile-crane-hire/sheffield","NO","HTTP 200 Self-Canonical Indexable","COMPLETE","PASS"
"https://www.entirefm.com/mobile-crane-hire/truck-mount-crane-hire","/mobile-crane-hire/truck-mount-crane-hire","YES","YES","wix-generation-2","undefined","Mobile Crane Hire/Truck Mount Crane Hire | Facilities Management &amp; Engineering | Entire FM","Mobile Crane Hire/Truck Mount Crane Hire — Facilities Management &amp; Engineering","undefined - mobile crane hire/truck mount crane hire","200 OK","https://www.entirefm.com/mobile-crane-hire/truck-mount-crane-hire","NO","HTTP 200 Self-Canonical Indexable","COMPLETE","PASS"
"https://www.entirefm.com/nottingham-facilities-management","/nottingham-facilities-management","RECOVERED","RECOVERED","mandatory-historic-directive","undefined","Nottingham Facilities Management | Multi-Site Estates | EntireFM","Nottingham Facilities Management for Multi-Site Estates","undefined - nottingham facilities management","200 OK","https://www.entirefm.com/nottingham-facilities-management","NO","HTTP 200 Self-Canonical Indexable","COMPLETE","PASS"
"https://www.entirefm.com/office-cleaning","/office-cleaning","YES","YES","wix-generation-1","undefined","Office Cleaning | Facilities Management &amp; Engineering | Entire FM","Office Cleaning — Facilities Management &amp; Engineering","undefined - office cleaning","200 OK","https://www.entirefm.com/office-cleaning","NO","HTTP 200 Self-Canonical Indexable","COMPLETE","PASS"
"https://www.entirefm.com/office-cleaning-lincoln","/office-cleaning-lincoln","YES","YES","wix-generation-1","undefined","Office Cleaning Lincoln | Commercial Specialist Services | Entire FM","Office Cleaning in Lincoln &amp; Surrounding Districts","undefined - office cleaning lincoln","200 OK","https://www.entirefm.com/office-cleaning-lincoln","NO","HTTP 200 Self-Canonical Indexable","COMPLETE","PASS"
"https://www.entirefm.com/office-cleaning-london","/office-cleaning-london","YES","YES","wix-generation-1","undefined","Office Cleaning London | Commercial Specialist Services | Entire FM","Office Cleaning in London &amp; Surrounding Districts","undefined - office cleaning london","200 OK","https://www.entirefm.com/office-cleaning-london","NO","HTTP 200 Self-Canonical Indexable","COMPLETE","PASS"
"https://www.entirefm.com/plumbing-gas","/plumbing-gas","YES","YES","wix-generation-1-and-2","undefined","Commercial Plumbing &amp; Gas Services | Plant Room Maintenance | Entire FM","Commercial Plumbing &amp; Gas Engineering Services","undefined - plumbing gas","200 OK","https://www.entirefm.com/plumbing-gas","NO","HTTP 200 Self-Canonical Indexable","COMPLETE","PASS"
"https://www.entirefm.com/portal","/portal","YES","YES","LEGACY_VERIFIED","undefined","Client Portal | Jobs, PPM &amp; Compliance Records | EntireFM","EntireFM Client Portal","undefined - portal","200 OK","https://www.entirefm.com/portal","NO","HTTP 200 Self-Canonical Indexable","COMPLETE","PASS"
"https://www.entirefm.com/portfolio","/portfolio","YES","YES","wix-generation-1","undefined","Portfolio | Facilities Management &amp; Engineering | Entire FM","Portfolio — Facilities Management &amp; Engineering","undefined - portfolio","200 OK","https://www.entirefm.com/portfolio","NO","HTTP 200 Self-Canonical Indexable","COMPLETE","PASS"
"https://www.entirefm.com/post/facilities-management-in-different-sectors-similarities-differences-and-the-need-for-agility","/post/facilities-management-in-different-sectors-similarities-differences-and-the-need-for-agility","YES","YES","wix-generation-2","undefined","FM Across Sectors | Similarities, Differences &amp; Agility | EntireFM","Facilities management in different sectors","undefined - post/facilities management in different sectors similarities differences and the need for agility","200 OK","https://www.entirefm.com/post/facilities-management-in-different-sectors-similarities-differences-and-the-need-for-agility","NO","HTTP 200 Self-Canonical Indexable","COMPLETE","PASS"
"https://www.entirefm.com/post/facilities-management-services-in-lincoln","/post/facilities-management-services-in-lincoln","YES","YES","wix-generation-1","undefined","Facilities Management in Lincoln | EntireFM","Facilities management in Lincoln and Lincolnshire","undefined - post/facilities management services in lincoln","200 OK","https://www.entirefm.com/post/facilities-management-services-in-lincoln","NO","HTTP 200 Self-Canonical Indexable","COMPLETE","PASS"
"https://www.entirefm.com/post/facilities-management-to-birmingham","/post/facilities-management-to-birmingham","YES","YES","wix-generation-1","undefined","Facilities Management in Birmingham | EntireFM","Keeping Birmingham moving","undefined - post/facilities management to birmingham","200 OK","https://www.entirefm.com/post/facilities-management-to-birmingham","NO","HTTP 200 Self-Canonical Indexable","COMPLETE","PASS"
"https://www.entirefm.com/post/the-importance-of-regular-maintenance-and-inspections","/post/the-importance-of-regular-maintenance-and-inspections","YES","YES","wix-generation-1-and-2","undefined","Why Regular Maintenance &amp; Inspections Matter | EntireFM","The importance of regular maintenance and inspections","undefined - post/the importance of regular maintenance and inspections","200 OK","https://www.entirefm.com/post/the-importance-of-regular-maintenance-and-inspections","NO","HTTP 200 Self-Canonical Indexable","COMPLETE","PASS"
"https://www.entirefm.com/post/the-importance-of-regular-maintenance-and-inspections-1","/post/the-importance-of-regular-maintenance-and-inspections-1","YES","YES","wix-generation-2","undefined","Why Regular Maintenance &amp; Inspections Matter (archive) | EntireFM","The importance of regular maintenance and inspections — archived version","undefined - post/the importance of regular maintenance and inspections 1","200 OK","https://www.entirefm.com/post/the-importance-of-regular-maintenance-and-inspections-1","NO","HTTP 200 Self-Canonical Indexable","COMPLETE","PASS"
"https://www.entirefm.com/post/what-are-hard-services","/post/what-are-hard-services","YES","YES","wix-generation-1-and-2","undefined","What are Hard Services? | FM Terminology Explained | EntireFM","What are &#x27;hard services&#x27;?","undefined - post/what are hard services","200 OK","https://www.entirefm.com/post/what-are-hard-services","NO","HTTP 200 Self-Canonical Indexable","COMPLETE","PASS"
"https://www.entirefm.com/post/what-are-hard-services-in-facilities-management","/post/what-are-hard-services-in-facilities-management","YES","YES","wix-generation-1-and-2","undefined","Hard Services in Facilities Management | Complete Guide | EntireFM","Hard services in facilities management","undefined - post/what are hard services in facilities management","200 OK","https://www.entirefm.com/post/what-are-hard-services-in-facilities-management","NO","HTTP 200 Self-Canonical Indexable","COMPLETE","PASS"
"https://www.entirefm.com/post/what-are-hard-services-in-facilities-management-1","/post/what-are-hard-services-in-facilities-management-1","YES","YES","wix-generation-2","undefined","Hard Services in Facilities Management (archive) | EntireFM","Hard services in facilities management — archived version","undefined - post/what are hard services in facilities management 1","200 OK","https://www.entirefm.com/post/what-are-hard-services-in-facilities-management-1","NO","HTTP 200 Self-Canonical Indexable","COMPLETE","PASS"
"https://www.entirefm.com/post/what-is-facilities-management","/post/what-is-facilities-management","YES","YES","wix-generation-1-and-2","undefined","What is Facilities Management? | Definition &amp; Scope | EntireFM","What is facilities management?","undefined - post/what is facilities management","200 OK","https://www.entirefm.com/post/what-is-facilities-management","NO","HTTP 200 Self-Canonical Indexable","COMPLETE","PASS"
"https://www.entirefm.com/post/what-is-facilities-management-1","/post/what-is-facilities-management-1","YES","YES","wix-generation-1-and-2","undefined","Guide to Facilities Management | Functions &amp; Best Practice | EntireFM","A guide to facilities management","undefined - post/what is facilities management 1","200 OK","https://www.entirefm.com/post/what-is-facilities-management-1","NO","HTTP 200 Self-Canonical Indexable","COMPLETE","PASS"
"https://www.entirefm.com/post/what-is-facilities-management-1-1","/post/what-is-facilities-management-1-1","YES","YES","wix-generation-2","undefined","Guide to Facilities Management (archive) | EntireFM","A guide to facilities management — archived version","undefined - post/what is facilities management 1 1","200 OK","https://www.entirefm.com/post/what-is-facilities-management-1-1","NO","HTTP 200 Self-Canonical Indexable","COMPLETE","PASS"
"https://www.entirefm.com/ppm","/ppm","YES","YES","wix-generation-1-and-2","undefined","Planned Preventative Maintenance (PPM) | Structured Building Care | Entire FM","Planned Preventative Maintenance (PPM) Contracts","undefined - ppm","200 OK","https://www.entirefm.com/ppm","NO","HTTP 200 Self-Canonical Indexable","COMPLETE","PASS"
"https://www.entirefm.com/pressure-washing","/pressure-washing","YES","YES","wix-generation-1","undefined","Pressure Washing | Facilities Management &amp; Engineering | Entire FM","Pressure Washing — Facilities Management &amp; Engineering","undefined - pressure washing","200 OK","https://www.entirefm.com/pressure-washing","NO","HTTP 200 Self-Canonical Indexable","COMPLETE","PASS"
"https://www.entirefm.com/pressure-washing-birmingham","/pressure-washing-birmingham","YES","YES","wix-generation-1","undefined","Pressure Washing &amp; External Surface Care Birmingham | Commercial Specialist Services | Entire FM","Pressure Washing &amp; External Surface Care in Birmingham &amp; Surrounding Districts","undefined - pressure washing birmingham","200 OK","https://www.entirefm.com/pressure-washing-birmingham","NO","HTTP 200 Self-Canonical Indexable","COMPLETE","PASS"
"https://www.entirefm.com/pressure-washing-lincoln","/pressure-washing-lincoln","YES","YES","wix-generation-1","undefined","Pressure Washing &amp; External Surface Care Lincoln | Commercial Specialist Services | Entire FM","Pressure Washing &amp; External Surface Care in Lincoln &amp; Surrounding Districts","undefined - pressure washing lincoln","200 OK","https://www.entirefm.com/pressure-washing-lincoln","NO","HTTP 200 Self-Canonical Indexable","COMPLETE","PASS"
"https://www.entirefm.com/pressure-washing-london","/pressure-washing-london","YES","YES","wix-generation-1","undefined","Pressure Washing &amp; External Surface Care London | Commercial Specialist Services | Entire FM","Pressure Washing &amp; External Surface Care in London &amp; Surrounding Districts","undefined - pressure washing london","200 OK","https://www.entirefm.com/pressure-washing-london","NO","HTTP 200 Self-Canonical Indexable","COMPLETE","PASS"
"https://www.entirefm.com/pressure-washing-manchester","/pressure-washing-manchester","YES","YES","wix-generation-1","undefined","Pressure Washing &amp; External Surface Care Manchester | Commercial Specialist Services | Entire FM","Pressure Washing &amp; External Surface Care in Manchester &amp; Surrounding Districts","undefined - pressure washing manchester","200 OK","https://www.entirefm.com/pressure-washing-manchester","NO","HTTP 200 Self-Canonical Indexable","COMPLETE","PASS"
"https://www.entirefm.com/pressure-washing-sheffield","/pressure-washing-sheffield","YES","YES","wix-generation-1","undefined","Pressure Washing &amp; External Surface Care Sheffield | Commercial Specialist Services | Entire FM","Pressure Washing &amp; External Surface Care in Sheffield &amp; Surrounding Districts","undefined - pressure washing sheffield","200 OK","https://www.entirefm.com/pressure-washing-sheffield","NO","HTTP 200 Self-Canonical Indexable","COMPLETE","PASS"
"https://www.entirefm.com/privacy-policy","/privacy-policy","YES","YES","wix-generation-1-and-2","undefined","Privacy Policy | Entire FM","Privacy Policy","undefined - privacy policy","200 OK","https://www.entirefm.com/privacy-policy","NO","HTTP 200 Self-Canonical Indexable","COMPLETE","PASS"
"https://www.entirefm.com/property-manager-fm-services","/property-manager-fm-services","YES","YES","wix-generation-1","undefined","Property Manager Facilities Management | Commercial Surveyors FM | Entire FM","Facilities Management for Property Managers &amp; Surveyors Multi-Site Governance &amp; Single-Source Accountability","undefined - property manager fm services","200 OK","https://www.entirefm.com/property-manager-fm-services","NO","HTTP 200 Self-Canonical Indexable","COMPLETE","PASS"
"https://www.entirefm.com/public-sector-facilities-management","/public-sector-facilities-management","YES","YES","wix-generation-1","undefined","Public Sector Facilities Management | Facilities Management &amp; Engineering | Entire FM","Public Sector Facilities Management — Facilities Management &amp; Engineering","undefined - public sector facilities management","200 OK","https://www.entirefm.com/public-sector-facilities-management","NO","HTTP 200 Self-Canonical Indexable","COMPLETE","PASS"
"https://www.entirefm.com/reactive-cleaning-services","/reactive-cleaning-services","YES","YES","wix-generation-1","undefined","Reactive Cleaning Services | Facilities Management &amp; Engineering | Entire FM","Reactive Cleaning Services — Facilities Management &amp; Engineering","undefined - reactive cleaning services","200 OK","https://www.entirefm.com/reactive-cleaning-services","NO","HTTP 200 Self-Canonical Indexable","COMPLETE","PASS"
"https://www.entirefm.com/residential-cleaning","/residential-cleaning","YES","YES","wix-generation-1","undefined","Residential Block Cleaning | Communal Area Contract Cleaning | Entire FM","Residential Block Communal Area Contract Cleaning","undefined - residential cleaning","200 OK","https://www.entirefm.com/residential-cleaning","NO","HTTP 200 Self-Canonical Indexable","COMPLETE","PASS"
"https://www.entirefm.com/residential-facilities-management","/residential-facilities-management","YES","YES","wix-generation-1-and-2","undefined","Residential Block Facilities Management | BTR &amp; Estate FM | Entire FM","Residential Block &amp; BTR Estate Facilities Management Building Safety Act Compliance &amp; Resident Wellbeing","undefined - residential facilities management","200 OK","https://www.entirefm.com/residential-facilities-management","NO","HTTP 200 Self-Canonical Indexable","COMPLETE","PASS"
"https://www.entirefm.com/residential-fm-lincoln","/residential-fm-lincoln","YES","YES","wix-generation-1","undefined","Residential FM Lincoln | Apartment &amp; Block Maintenance | Entire FM","Residential Block Facilities Management in Lincoln","undefined - residential fm lincoln","200 OK","https://www.entirefm.com/residential-fm-lincoln","NO","HTTP 200 Self-Canonical Indexable","COMPLETE","PASS"
"https://www.entirefm.com/resources/document-vault","/resources/document-vault","RECOVERED","RECOVERED","LEGACY_PROTECTED_BY_DIRECTIVE","undefined","FM Document Vault | Downloadable Templates &amp; Checklists | Entire FM","FM Document Vault","undefined - resources/document vault","200 OK","https://www.entirefm.com/resources/document-vault","NO","HTTP 200 Self-Canonical Indexable","COMPLETE","PASS"
"https://www.entirefm.com/restaurant-facilities-management","/restaurant-facilities-management","YES","YES","wix-generation-1","undefined","Restaurant Facilities Management | Facilities Management &amp; Engineering | Entire FM","Restaurant Facilities Management — Facilities Management &amp; Engineering","undefined - restaurant facilities management","200 OK","https://www.entirefm.com/restaurant-facilities-management","NO","HTTP 200 Self-Canonical Indexable","COMPLETE","PASS"
"https://www.entirefm.com/retail-cleaning","/retail-cleaning","YES","YES","wix-generation-1","undefined","Retail Cleaning Services | High-Footfall Store Cleaning | Entire FM","Retail Store &amp; Commercial Shopping Concourse Cleaning","undefined - retail cleaning","200 OK","https://www.entirefm.com/retail-cleaning","NO","HTTP 200 Self-Canonical Indexable","COMPLETE","PASS"
"https://www.entirefm.com/retail-facilities-management","/retail-facilities-management","YES","YES","wix-generation-1-and-2","undefined","Retail Facilities Management | High-Footfall FM Services | Entire FM","Retail Facilities Management &amp; Store Building Services Footfall, Presentation &amp; Trading Hours","undefined - retail facilities management","200 OK","https://www.entirefm.com/retail-facilities-management","NO","HTTP 200 Self-Canonical Indexable","COMPLETE","PASS"
"https://www.entirefm.com/retail-fm-lincoln","/retail-fm-lincoln","YES","YES","wix-generation-1","undefined","Retail FM Lincoln | Store &amp; Shopping Park Maintenance | Entire FM","Retail Facilities Management in Lincoln &amp; Surrounding Retail Parks","undefined - retail fm lincoln","200 OK","https://www.entirefm.com/retail-fm-lincoln","NO","HTTP 200 Self-Canonical Indexable","COMPLETE","PASS"
"https://www.entirefm.com/safety-critical-emergency-systems","/safety-critical-emergency-systems","YES","YES","wix-generation-2","undefined","Safety-Critical Emergency Systems | Compliance Engineering | Entire FM","Safety-Critical &amp; Emergency Compliance Engineering","undefined - safety critical emergency systems","200 OK","https://www.entirefm.com/safety-critical-emergency-systems","NO","HTTP 200 Self-Canonical Indexable","COMPLETE","PASS"
"https://www.entirefm.com/search","/search","YES","YES","LEGACY_VERIFIED","undefined","Search | EntireFM","Search EntireFM","undefined - search","200 OK","https://www.entirefm.com/search","NO","HTTP 200 Self-Canonical Indexable","COMPLETE","PASS"
"https://www.entirefm.com/security-services","/security-services","YES","YES","wix-generation-1","undefined","Security Services | Facilities Management &amp; Engineering | Entire FM","Security Services — Facilities Management &amp; Engineering","undefined - security services","200 OK","https://www.entirefm.com/security-services","NO","HTTP 200 Self-Canonical Indexable","COMPLETE","PASS"
"https://www.entirefm.com/service-station-fm","/service-station-fm","YES","YES","wix-generation-1-and-2","undefined","Service Station Fm | Facilities Management &amp; Engineering | Entire FM","Service Station Fm — Facilities Management &amp; Engineering","undefined - service station fm","200 OK","https://www.entirefm.com/service-station-fm","NO","HTTP 200 Self-Canonical Indexable","COMPLETE","PASS"
"https://www.entirefm.com/services","/services","YES","YES","wix-generation-1","undefined","Services | Facilities Management &amp; Engineering | Entire FM","Services — Facilities Management &amp; Engineering","undefined - services","200 OK","https://www.entirefm.com/services","NO","HTTP 200 Self-Canonical Indexable","COMPLETE","PASS"
"https://www.entirefm.com/sheffield","/sheffield","YES","YES","LEGACY_VERIFIED","undefined","Crane Hire Sheffield | Contract Lifts | EntireFM","Crane Hire in Sheffield","undefined - sheffield","200 OK","https://www.entirefm.com/sheffield","NO","HTTP 200 Self-Canonical Indexable","COMPLETE","PASS"
"https://www.entirefm.com/sheffield-facilities-management","/sheffield-facilities-management","RECOVERED","RECOVERED","mandatory-historic-directive","undefined","Sheffield Facilities Management | Multi-Site Estates | EntireFM","Sheffield Facilities Management for Multi-Site Estates","undefined - sheffield facilities management","200 OK","https://www.entirefm.com/sheffield-facilities-management","NO","HTTP 200 Self-Canonical Indexable","COMPLETE","PASS"
"https://www.entirefm.com/soft-services","/soft-services","YES","YES","wix-generation-1","undefined","Soft Services | Facilities Management &amp; Engineering | Entire FM","Soft Services — Facilities Management &amp; Engineering","undefined - soft services","200 OK","https://www.entirefm.com/soft-services","NO","HTTP 200 Self-Canonical Indexable","COMPLETE","PASS"
"https://www.entirefm.com/sport-centre-facilities-management","/sport-centre-facilities-management","YES","YES","wix-generation-1","undefined","Sports Centre &amp; Leisure Facilities Management | Leisure FM | Entire FM","Sports Centre &amp; Leisure Facilities Management High-Capacity Crowds &amp; Event Readiness","undefined - sport centre facilities management","200 OK","https://www.entirefm.com/sport-centre-facilities-management","NO","HTTP 200 Self-Canonical Indexable","COMPLETE","PASS"
"https://www.entirefm.com/telford-facilities-management","/telford-facilities-management","RECOVERED","RECOVERED","mandatory-historic-directive","undefined","Telford Facilities Management | Multi-Site Estates | EntireFM","Telford Facilities Management for Multi-Site Estates","undefined - telford facilities management","200 OK","https://www.entirefm.com/telford-facilities-management","NO","HTTP 200 Self-Canonical Indexable","COMPLETE","PASS"
"https://www.entirefm.com/terms-and-conditions","/terms-and-conditions","YES","YES","wix-generation-2","undefined","Terms And Conditions | Entire FM","Terms And Conditions","undefined - terms and conditions","200 OK","https://www.entirefm.com/terms-and-conditions","NO","HTTP 200 Self-Canonical Indexable","COMPLETE","PASS"
"https://www.entirefm.com/tier-one-facilities-management","/tier-one-facilities-management","YES","YES","wix-generation-2","undefined","Tier One Facilities Management | Facilities Management &amp; Engineering | Entire FM","Tier One Facilities Management — Facilities Management &amp; Engineering","undefined - tier one facilities management","200 OK","https://www.entirefm.com/tier-one-facilities-management","NO","HTTP 200 Self-Canonical Indexable","COMPLETE","PASS"
"https://www.entirefm.com/tierone-facilities-managment","/tierone-facilities-managment","YES","YES","wix-generation-1","undefined","Tierone Facilities Managment | Facilities Management &amp; Engineering | Entire FM","Tierone Facilities Managment — Facilities Management &amp; Engineering","undefined - tierone facilities managment","200 OK","https://www.entirefm.com/tierone-facilities-managment","NO","HTTP 200 Self-Canonical Indexable","COMPLETE","PASS"
"https://www.entirefm.com/tools/compliance-calendar","/tools/compliance-calendar","RECOVERED","RECOVERED","LEGACY_PROTECTED_BY_DIRECTIVE","undefined","FM Compliance Calendar Builder | Statutory Testing Schedule | Entire FM","Compliance Calendar Builder","undefined - tools/compliance calendar","200 OK","https://www.entirefm.com/tools/compliance-calendar","NO","HTTP 200 Self-Canonical Indexable","COMPLETE","PASS"
"https://www.entirefm.com/tools/compliance-checker","/tools/compliance-checker","RECOVERED","RECOVERED","LEGACY_PROTECTED_BY_DIRECTIVE","undefined","FM Statutory Compliance Checker | Commercial Estate Audit | EntireFM","FM Compliance Checker","undefined - tools/compliance checker","200 OK","https://www.entirefm.com/tools/compliance-checker","NO","HTTP 200 Self-Canonical Indexable","COMPLETE","PASS"
"https://www.entirefm.com/tools/fm-health-check","/tools/fm-health-check","RECOVERED","RECOVERED","LEGACY_PROTECTED_BY_DIRECTIVE","undefined","FM Building Health Check | Facilities Compliance Diagnostic | Entire FM","FM Building Health Check","undefined - tools/fm health check","200 OK","https://www.entirefm.com/tools/fm-health-check","NO","HTTP 200 Self-Canonical Indexable","COMPLETE","PASS"
"https://www.entirefm.com/tools/fm-roi-calculator","/tools/fm-roi-calculator","RECOVERED","RECOVERED","LEGACY_PROTECTED_BY_DIRECTIVE","undefined","FM ROI &amp; TCO Calculator | Maintenance Cost Comparison | Entire FM","FM ROI / TCO Calculator","undefined - tools/fm roi calculator","200 OK","https://www.entirefm.com/tools/fm-roi-calculator","NO","HTTP 200 Self-Canonical Indexable","COMPLETE","PASS"
"https://www.entirefm.com/tools/ppm-estimator","/tools/ppm-estimator","RECOVERED","RECOVERED","LEGACY_PROTECTED_BY_DIRECTIVE","undefined","PPM Cost Estimator | Maintenance Budget Calculator | Entire FM","PPM Cost Estimator","undefined - tools/ppm estimator","200 OK","https://www.entirefm.com/tools/ppm-estimator","NO","HTTP 200 Self-Canonical Indexable","COMPLETE","PASS"
"https://www.entirefm.com/tools/ppm-schedule-builder","/tools/ppm-schedule-builder","RECOVERED","RECOVERED","LEGACY_PROTECTED_BY_DIRECTIVE","undefined","PPM Schedule Builder | Planned Maintenance Planner | Entire FM","PPM Schedule Builder","undefined - tools/ppm schedule builder","200 OK","https://www.entirefm.com/tools/ppm-schedule-builder","NO","HTTP 200 Self-Canonical Indexable","COMPLETE","PASS"
"https://www.entirefm.com/tools/tender-brief","/tools/tender-brief","RECOVERED","RECOVERED","LEGACY_PROTECTED_BY_DIRECTIVE","undefined","FM Tender Brief Generator | Facilities RFP Specification Tool | Entire FM","Tender / RFP Brief Generator","undefined - tools/tender brief","200 OK","https://www.entirefm.com/tools/tender-brief","NO","HTTP 200 Self-Canonical Indexable","COMPLETE","PASS"
"https://www.entirefm.com/transport-facilities-management","/transport-facilities-management","YES","YES","wix-generation-2","undefined","Transport Facilities Management | Transit Hubs &amp; Rail Terminals | Entire FM","Transport Network &amp; Interchange Facilities Management 24/7 Throughput &amp; Loading Bay Availability","undefined - transport facilities management","200 OK","https://www.entirefm.com/transport-facilities-management","NO","HTTP 200 Self-Canonical Indexable","COMPLETE","PASS"
"https://www.entirefm.com/truck-mount-crane-hire","/truck-mount-crane-hire","YES","YES","LEGACY_VERIFIED","undefined","Truck Mount Crane Hire | Contract Lifts | EntireFM","Truck Mount Crane Hire","undefined - truck mount crane hire","200 OK","https://www.entirefm.com/truck-mount-crane-hire","NO","HTTP 200 Self-Canonical Indexable","COMPLETE","PASS"
"https://www.entirefm.com/vending-supplier","/vending-supplier","YES","YES","wix-generation-1","undefined","Vending Supplier | Facilities Management &amp; Engineering | Entire FM","Vending Supplier — Facilities Management &amp; Engineering","undefined - vending supplier","200 OK","https://www.entirefm.com/vending-supplier","NO","HTTP 200 Self-Canonical Indexable","COMPLETE","PASS"
"https://www.entirefm.com/warehouse-facilities-management","/warehouse-facilities-management","YES","YES","wix-generation-2","undefined","Warehouse Facilities Management | Industrial Storage Care | Entire FM","Warehouse Facilities Management &amp; Storage Depot Maintenance 24/7 Throughput &amp; Loading Bay Availability","undefined - warehouse facilities management","200 OK","https://www.entirefm.com/warehouse-facilities-management","NO","HTTP 200 Self-Canonical Indexable","COMPLETE","PASS"
"https://www.entirefm.com/washroom-management","/washroom-management","YES","YES","wix-generation-1","undefined","Washroom Management | Facilities Management &amp; Engineering | Entire FM","Washroom Management — Facilities Management &amp; Engineering","undefined - washroom management","200 OK","https://www.entirefm.com/washroom-management","NO","HTTP 200 Self-Canonical Indexable","COMPLETE","PASS"
"https://www.entirefm.com/what-is-facilities-management","/what-is-facilities-management","YES","YES","wix-generation-1","undefined","What Is Facilities Management | Facilities Management &amp; Engineering | Entire FM","What Is Facilities Management — Facilities Management &amp; Engineering","undefined - what is facilities management","200 OK","https://www.entirefm.com/what-is-facilities-management","NO","HTTP 200 Self-Canonical Indexable","COMPLETE","PASS"
"https://www.entirefm.com/window-cleaning","/window-cleaning","YES","YES","wix-generation-1","undefined","Window Cleaning | Facilities Management &amp; Engineering | Entire FM","Window Cleaning — Facilities Management &amp; Engineering","undefined - window cleaning","200 OK","https://www.entirefm.com/window-cleaning","NO","HTTP 200 Self-Canonical Indexable","COMPLETE","PASS"
"https://www.entirefm.com/working-at-heights","/working-at-heights","YES","YES","wix-generation-1","undefined","Working At Heights | Facilities Management &amp; Engineering | Entire FM","Working at Height, Rope Access &amp; BMU Services","undefined - working at heights","200 OK","https://www.entirefm.com/working-at-heights","NO","HTTP 200 Self-Canonical Indexable","COMPLETE","PASS"