URL,Historic Intent,Primary Query Family,Secondary Query Family,Page Role,Unique Topics,Related Pages,CTA,Cannibalisation Risk,Content Complete
"https://www.entirefm.com/",""," uk","facilities management ","Editorial & Information Asset",", statutory compliance, planned maintenance, asset management","core","Request a proposal / Speak with an engineer","LOW (Distinct Intent & Location Profile)","YES"
"https://www.entirefm.com/24-7-fm-support","24 7 fm support","24 7 fm support uk","facilities management 24 7 fm support","Editorial & Information Asset","24 7 fm support, statutory compliance, planned maintenance, asset management","core","Request a proposal / Speak with an engineer","LOW (Distinct Intent & Location Profile)","YES"
"https://www.entirefm.com/about-entire-facilities-management","about entire facilities management","about entire facilities management uk","facilities management about entire facilities management","Editorial & Information Asset","about entire facilities management, statutory compliance, planned maintenance, asset management","company","Request a proposal / Speak with an engineer","LOW (Distinct Intent & Location Profile)","YES"
"https://www.entirefm.com/academy","academy","academy uk","facilities management academy","Editorial & Information Asset","academy, statutory compliance, planned maintenance, asset management","insights","Request a proposal / Speak with an engineer","LOW (Distinct Intent & Location Profile)","YES"
"https://www.entirefm.com/access-control","access control","access control uk","facilities management access control","Editorial & Information Asset","access control, statutory compliance, planned maintenance, asset management","hard-fm","Request a proposal / Speak with an engineer","LOW (Distinct Intent & Location Profile)","YES"
"https://www.entirefm.com/accessibility-statement","accessibility statement","accessibility statement uk","facilities management accessibility statement","Editorial & Information Asset","accessibility statement, statutory compliance, planned maintenance, asset management","core","Request a proposal / Speak with an engineer","LOW (Distinct Intent & Location Profile)","YES"
"https://www.entirefm.com/account-registration","account registration","account registration uk","facilities management account registration","Editorial & Information Asset","account registration, statutory compliance, planned maintenance, asset management","company","Request a proposal / Speak with an engineer","LOW (Distinct Intent & Location Profile)","YES"
"https://www.entirefm.com/aerial-drone-building-inspection","aerial drone building inspection","aerial drone building inspection uk","facilities management aerial drone building inspection","Editorial & Information Asset","aerial drone building inspection, statutory compliance, planned maintenance, asset management","hard-fm","Request a proposal / Speak with an engineer","LOW (Distinct Intent & Location Profile)","YES"
"https://www.entirefm.com/airport-facilities-management","airport facilities management","airport facilities management uk","facilities management airport facilities management","Editorial & Information Asset","airport facilities management, statutory compliance, planned maintenance, asset management","sectors","Request a proposal / Speak with an engineer","LOW (Distinct Intent & Location Profile)","YES"
"https://www.entirefm.com/arena-facilities-management","arena facilities management","arena facilities management uk","facilities management arena facilities management","Editorial & Information Asset","arena facilities management, statutory compliance, planned maintenance, asset management","sectors","Request a proposal / Speak with an engineer","LOW (Distinct Intent & Location Profile)","YES"
"https://www.entirefm.com/arena-facilities-management-1","arena facilities management 1","arena facilities management 1 uk","facilities management arena facilities management 1","Editorial & Information Asset","arena facilities management 1, statutory compliance, planned maintenance, asset management","sectors","Request a proposal / Speak with an engineer","LOW (Distinct Intent & Location Profile)","YES"
"https://www.entirefm.com/best-facilities-management-company","best facilities management company","best facilities management company uk","facilities management best facilities management company","Editorial & Information Asset","best facilities management company, statutory compliance, planned maintenance, asset management","company","Request a proposal / Speak with an engineer","LOW (Distinct Intent & Location Profile)","YES"
"https://www.entirefm.com/birmingham-facilities-management","birmingham facilities management","birmingham facilities management uk","facilities management birmingham facilities management","Editorial & Information Asset","birmingham facilities management, statutory compliance, planned maintenance, asset management","locations","Request a proposal / Speak with an engineer","LOW (Distinct Intent & Location Profile)","YES"
"https://www.entirefm.com/blog","blog","blog uk","facilities management blog","Editorial & Information Asset","blog, statutory compliance, planned maintenance, asset management","insights","Request a proposal / Speak with an engineer","LOW (Distinct Intent & Location Profile)","YES"
"https://www.entirefm.com/bocker-crane-hire","bocker crane hire","bocker crane hire uk","facilities management bocker crane hire","Editorial & Information Asset","bocker crane hire, statutory compliance, planned maintenance, asset management","specialist-services","Request a proposal / Speak with an engineer","LOW (Distinct Intent & Location Profile)","YES"
"https://www.entirefm.com/bradford-facilities-management","bradford facilities management","bradford facilities management uk","facilities management bradford facilities management","Editorial & Information Asset","bradford facilities management, statutory compliance, planned maintenance, asset management","locations","Request a proposal / Speak with an engineer","LOW (Distinct Intent & Location Profile)","YES"
"https://www.entirefm.com/building-inspecting-testing","building inspecting testing","building inspecting testing uk","facilities management building inspecting testing","Editorial & Information Asset","building inspecting testing, statutory compliance, planned maintenance, asset management","hard-fm","Request a proposal / Speak with an engineer","LOW (Distinct Intent & Location Profile)","YES"
"https://www.entirefm.com/building-maintenance","building maintenance","building maintenance uk","facilities management building maintenance","Editorial & Information Asset","building maintenance, statutory compliance, planned maintenance, asset management","hard-fm","Request a proposal / Speak with an engineer","LOW (Distinct Intent & Location Profile)","YES"
"https://www.entirefm.com/building-walk","building walk","building walk uk","facilities management building walk","Editorial & Information Asset","building walk, statutory compliance, planned maintenance, asset management","insights","Request a proposal / Speak with an engineer","LOW (Distinct Intent & Location Profile)","YES"
"https://www.entirefm.com/caretaker","caretaker","caretaker uk","facilities management caretaker","Editorial & Information Asset","caretaker, statutory compliance, planned maintenance, asset management","soft-fm","Request a proposal / Speak with an engineer","LOW (Distinct Intent & Location Profile)","YES"
"https://www.entirefm.com/carpark-management","carpark management","carpark management uk","facilities management carpark management","Editorial & Information Asset","carpark management, statutory compliance, planned maintenance, asset management","soft-fm","Request a proposal / Speak with an engineer","LOW (Distinct Intent & Location Profile)","YES"
"https://www.entirefm.com/chesterfield","chesterfield","chesterfield uk","facilities management chesterfield","Editorial & Information Asset","chesterfield, statutory compliance, planned maintenance, asset management","local-services","Request a proposal / Speak with an engineer","LOW (Distinct Intent & Location Profile)","YES"
"https://www.entirefm.com/chesterfield-facilities-management","chesterfield facilities management","chesterfield facilities management uk","facilities management chesterfield facilities management","Editorial & Information Asset","chesterfield facilities management, statutory compliance, planned maintenance, asset management","locations","Request a proposal / Speak with an engineer","LOW (Distinct Intent & Location Profile)","YES"
"https://www.entirefm.com/cleaning-services","cleaning services","cleaning services uk","facilities management cleaning services","Editorial & Information Asset","cleaning services, statutory compliance, planned maintenance, asset management","cleaning","Request a proposal / Speak with an engineer","LOW (Distinct Intent & Location Profile)","YES"
"https://www.entirefm.com/client-login","client login","client login uk","facilities management client login","Editorial & Information Asset","client login, statutory compliance, planned maintenance, asset management","company","Request a proposal / Speak with an engineer","LOW (Distinct Intent & Location Profile)","YES"
"https://www.entirefm.com/client-login/account-registration","client login/account registration","client login/account registration uk","facilities management client login/account registration","Editorial & Information Asset","client login/account registration, statutory compliance, planned maintenance, asset management","company","Request a proposal / Speak with an engineer","LOW (Distinct Intent & Location Profile)","YES"
"https://www.entirefm.com/commercial-cleaning-birmingham","commercial cleaning birmingham","commercial cleaning birmingham uk","facilities management commercial cleaning birmingham","Editorial & Information Asset","commercial cleaning birmingham, statutory compliance, planned maintenance, asset management","local-services","Request a proposal / Speak with an engineer","LOW (Distinct Intent & Location Profile)","YES"
"https://www.entirefm.com/commercial-cleaning-chesterfield","commercial cleaning chesterfield","commercial cleaning chesterfield uk","facilities management commercial cleaning chesterfield","Editorial & Information Asset","commercial cleaning chesterfield, statutory compliance, planned maintenance, asset management","local-services","Request a proposal / Speak with an engineer","LOW (Distinct Intent & Location Profile)","YES"
"https://www.entirefm.com/commercial-cleaning-leeds","commercial cleaning leeds","commercial cleaning leeds uk","facilities management commercial cleaning leeds","Editorial & Information Asset","commercial cleaning leeds, statutory compliance, planned maintenance, asset management","local-services","Request a proposal / Speak with an engineer","LOW (Distinct Intent & Location Profile)","YES"
"https://www.entirefm.com/commercial-cleaning-lincoln","commercial cleaning lincoln","commercial cleaning lincoln uk","facilities management commercial cleaning lincoln","Editorial & Information Asset","commercial cleaning lincoln, statutory compliance, planned maintenance, asset management","local-services","Request a proposal / Speak with an engineer","LOW (Distinct Intent & Location Profile)","YES"
"https://www.entirefm.com/commercial-cleaning-london","commercial cleaning london","commercial cleaning london uk","facilities management commercial cleaning london","Editorial & Information Asset","commercial cleaning london, statutory compliance, planned maintenance, asset management","local-services","Request a proposal / Speak with an engineer","LOW (Distinct Intent & Location Profile)","YES"
"https://www.entirefm.com/commercial-cleaning-manchester","commercial cleaning manchester","commercial cleaning manchester uk","facilities management commercial cleaning manchester","Editorial & Information Asset","commercial cleaning manchester, statutory compliance, planned maintenance, asset management","local-services","Request a proposal / Speak with an engineer","LOW (Distinct Intent & Location Profile)","YES"
"https://www.entirefm.com/commercial-cleaning-nottingham","commercial cleaning nottingham","commercial cleaning nottingham uk","facilities management commercial cleaning nottingham","Editorial & Information Asset","commercial cleaning nottingham, statutory compliance, planned maintenance, asset management","local-services","Request a proposal / Speak with an engineer","LOW (Distinct Intent & Location Profile)","YES"
"https://www.entirefm.com/commercial-cleaning-sheffield","commercial cleaning sheffield","commercial cleaning sheffield uk","facilities management commercial cleaning sheffield","Editorial & Information Asset","commercial cleaning sheffield, statutory compliance, planned maintenance, asset management","local-services","Request a proposal / Speak with an engineer","LOW (Distinct Intent & Location Profile)","YES"
"https://www.entirefm.com/commercial-facilities-management","commercial facilities management","commercial facilities management uk","facilities management commercial facilities management","Editorial & Information Asset","commercial facilities management, statutory compliance, planned maintenance, asset management","sectors","Request a proposal / Speak with an engineer","LOW (Distinct Intent & Location Profile)","YES"
"https://www.entirefm.com/commercial-fm-lincoln","commercial fm lincoln","commercial fm lincoln uk","facilities management commercial fm lincoln","Editorial & Information Asset","commercial fm lincoln, statutory compliance, planned maintenance, asset management","locations","Request a proposal / Speak with an engineer","LOW (Distinct Intent & Location Profile)","YES"
"https://www.entirefm.com/concierge-services","concierge services","concierge services uk","facilities management concierge services","Editorial & Information Asset","concierge services, statutory compliance, planned maintenance, asset management","soft-fm","Request a proposal / Speak with an engineer","LOW (Distinct Intent & Location Profile)","YES"
"https://www.entirefm.com/construction-facilities-management","construction facilities management","construction facilities management uk","facilities management construction facilities management","Editorial & Information Asset","construction facilities management, statutory compliance, planned maintenance, asset management","sectors","Request a proposal / Speak with an engineer","LOW (Distinct Intent & Location Profile)","YES"
"https://www.entirefm.com/contact-us","contact us","contact us uk","facilities management contact us","Editorial & Information Asset","contact us, statutory compliance, planned maintenance, asset management","company","Request a proposal / Speak with an engineer","LOW (Distinct Intent & Location Profile)","YES"
"https://www.entirefm.com/contract-cleaning","contract cleaning","contract cleaning uk","facilities management contract cleaning","Editorial & Information Asset","contract cleaning, statutory compliance, planned maintenance, asset management","cleaning","Request a proposal / Speak with an engineer","LOW (Distinct Intent & Location Profile)","YES"
"https://www.entirefm.com/contract-cleaning-chesterfield","contract cleaning chesterfield","contract cleaning chesterfield uk","facilities management contract cleaning chesterfield","Editorial & Information Asset","contract cleaning chesterfield, statutory compliance, planned maintenance, asset management","local-services","Request a proposal / Speak with an engineer","LOW (Distinct Intent & Location Profile)","YES"
"https://www.entirefm.com/contract-cleaning-leeds","contract cleaning leeds","contract cleaning leeds uk","facilities management contract cleaning leeds","Editorial & Information Asset","contract cleaning leeds, statutory compliance, planned maintenance, asset management","local-services","Request a proposal / Speak with an engineer","LOW (Distinct Intent & Location Profile)","YES"
"https://www.entirefm.com/contract-cleaning-lincoln","contract cleaning lincoln","contract cleaning lincoln uk","facilities management contract cleaning lincoln","Editorial & Information Asset","contract cleaning lincoln, statutory compliance, planned maintenance, asset management","local-services","Request a proposal / Speak with an engineer","LOW (Distinct Intent & Location Profile)","YES"
"https://www.entirefm.com/contract-cleaning-london","contract cleaning london","contract cleaning london uk","facilities management contract cleaning london","Editorial & Information Asset","contract cleaning london, statutory compliance, planned maintenance, asset management","local-services","Request a proposal / Speak with an engineer","LOW (Distinct Intent & Location Profile)","YES"
"https://www.entirefm.com/contract-cleaning-manchester","contract cleaning manchester","contract cleaning manchester uk","facilities management contract cleaning manchester","Editorial & Information Asset","contract cleaning manchester, statutory compliance, planned maintenance, asset management","local-services","Request a proposal / Speak with an engineer","LOW (Distinct Intent & Location Profile)","YES"
"https://www.entirefm.com/contract-cleaning-sheffield","contract cleaning sheffield","contract cleaning sheffield uk","facilities management contract cleaning sheffield","Editorial & Information Asset","contract cleaning sheffield, statutory compliance, planned maintenance, asset management","local-services","Request a proposal / Speak with an engineer","LOW (Distinct Intent & Location Profile)","YES"
"https://www.entirefm.com/copy-of-helpdesk-registration","copy of helpdesk registration","copy of helpdesk registration uk","facilities management copy of helpdesk registration","Editorial & Information Asset","copy of helpdesk registration, statutory compliance, planned maintenance, asset management","company","Request a proposal / Speak with an engineer","LOW (Distinct Intent & Location Profile)","YES"
"https://www.entirefm.com/copy-of-industrial-cleaning","copy of industrial cleaning","copy of industrial cleaning uk","facilities management copy of industrial cleaning","Editorial & Information Asset","copy of industrial cleaning, statutory compliance, planned maintenance, asset management","core","Request a proposal / Speak with an engineer","LOW (Distinct Intent & Location Profile)","YES"
"https://www.entirefm.com/copy-of-what-is-facilities-manageme","copy of what is facilities manageme","copy of what is facilities manageme uk","facilities management copy of what is facilities manageme","Editorial & Information Asset","copy of what is facilities manageme, statutory compliance, planned maintenance, asset management","core","Request a proposal / Speak with an engineer","LOW (Distinct Intent & Location Profile)","YES"
"https://www.entirefm.com/derby-facilities-management","derby facilities management","derby facilities management uk","facilities management derby facilities management","Editorial & Information Asset","derby facilities management, statutory compliance, planned maintenance, asset management","locations","Request a proposal / Speak with an engineer","LOW (Distinct Intent & Location Profile)","YES"
"https://www.entirefm.com/education-cleaning","education cleaning","education cleaning uk","facilities management education cleaning","Editorial & Information Asset","education cleaning, statutory compliance, planned maintenance, asset management","cleaning","Request a proposal / Speak with an engineer","LOW (Distinct Intent & Location Profile)","YES"
"https://www.entirefm.com/education-facilities-management","education facilities management","education facilities management uk","facilities management education facilities management","Editorial & Information Asset","education facilities management, statutory compliance, planned maintenance, asset management","sectors","Request a proposal / Speak with an engineer","LOW (Distinct Intent & Location Profile)","YES"
"https://www.entirefm.com/emergency-light-testing","emergency light testing","emergency light testing uk","facilities management emergency light testing","Editorial & Information Asset","emergency light testing, statutory compliance, planned maintenance, asset management","hard-fm","Request a proposal / Speak with an engineer","LOW (Distinct Intent & Location Profile)","YES"
"https://www.entirefm.com/employment-portal","employment portal","employment portal uk","facilities management employment portal","Editorial & Information Asset","employment portal, statutory compliance, planned maintenance, asset management","company","Request a proposal / Speak with an engineer","LOW (Distinct Intent & Location Profile)","YES"
"https://www.entirefm.com/external-cleaning-birmingham","external cleaning birmingham","external cleaning birmingham uk","facilities management external cleaning birmingham","Editorial & Information Asset","external cleaning birmingham, statutory compliance, planned maintenance, asset management","local-services","Request a proposal / Speak with an engineer","LOW (Distinct Intent & Location Profile)","YES"
"https://www.entirefm.com/external-cleaning-lincoln","external cleaning lincoln","external cleaning lincoln uk","facilities management external cleaning lincoln","Editorial & Information Asset","external cleaning lincoln, statutory compliance, planned maintenance, asset management","local-services","Request a proposal / Speak with an engineer","LOW (Distinct Intent & Location Profile)","YES"
"https://www.entirefm.com/external-cleaning-london","external cleaning london","external cleaning london uk","facilities management external cleaning london","Editorial & Information Asset","external cleaning london, statutory compliance, planned maintenance, asset management","local-services","Request a proposal / Speak with an engineer","LOW (Distinct Intent & Location Profile)","YES"
"https://www.entirefm.com/external-cleaning-manchester","external cleaning manchester","external cleaning manchester uk","facilities management external cleaning manchester","Editorial & Information Asset","external cleaning manchester, statutory compliance, planned maintenance, asset management","local-services","Request a proposal / Speak with an engineer","LOW (Distinct Intent & Location Profile)","YES"
"https://www.entirefm.com/facilities-management-birmingham","facilities management birmingham","facilities management birmingham uk","facilities management facilities management birmingham","Editorial & Information Asset","facilities management birmingham, statutory compliance, planned maintenance, asset management","locations","Request a proposal / Speak with an engineer","LOW (Distinct Intent & Location Profile)","YES"
"https://www.entirefm.com/facilities-management-blog","facilities management blog","facilities management blog uk","facilities management facilities management blog","Editorial & Information Asset","facilities management blog, statutory compliance, planned maintenance, asset management","insights","Request a proposal / Speak with an engineer","LOW (Distinct Intent & Location Profile)","YES"
"https://www.entirefm.com/facilities-management-bradford","facilities management bradford","facilities management bradford uk","facilities management facilities management bradford","Editorial & Information Asset","facilities management bradford, statutory compliance, planned maintenance, asset management","locations","Request a proposal / Speak with an engineer","LOW (Distinct Intent & Location Profile)","YES"
"https://www.entirefm.com/facilities-management-chesterfield","facilities management chesterfield","facilities management chesterfield uk","facilities management facilities management chesterfield","Editorial & Information Asset","facilities management chesterfield, statutory compliance, planned maintenance, asset management","locations","Request a proposal / Speak with an engineer","LOW (Distinct Intent & Location Profile)","YES"
"https://www.entirefm.com/facilities-management-derby","facilities management derby","facilities management derby uk","facilities management facilities management derby","Editorial & Information Asset","facilities management derby, statutory compliance, planned maintenance, asset management","locations","Request a proposal / Speak with an engineer","LOW (Distinct Intent & Location Profile)","YES"
"https://www.entirefm.com/facilities-management-for/construction-facilities-management","facilities management for/construction facilities management","facilities management for/construction facilities management uk","facilities management facilities management for/construction facilities management","Editorial & Information Asset","facilities management for/construction facilities management, statutory compliance, planned maintenance, asset management","sectors","Request a proposal / Speak with an engineer","LOW (Distinct Intent & Location Profile)","YES"
"https://www.entirefm.com/facilities-management-for/education-%26-schools-facilities-management","facilities management for/education %26 schools facilities management","facilities management for/education %26 schools facilities management uk","facilities management facilities management for/education %26 schools facilities management","Editorial & Information Asset","facilities management for/education %26 schools facilities management, statutory compliance, planned maintenance, asset management","sectors","Request a proposal / Speak with an engineer","LOW (Distinct Intent & Location Profile)","YES"
"https://www.entirefm.com/facilities-management-for/healthcare-facilities-management","facilities management for/healthcare facilities management","facilities management for/healthcare facilities management uk","facilities management facilities management for/healthcare facilities management","Editorial & Information Asset","facilities management for/healthcare facilities management, statutory compliance, planned maintenance, asset management","sectors","Request a proposal / Speak with an engineer","LOW (Distinct Intent & Location Profile)","YES"
"https://www.entirefm.com/facilities-management-for/hotels-%26-resort-facilities-management","facilities management for/hotels %26 resort facilities management","facilities management for/hotels %26 resort facilities management uk","facilities management facilities management for/hotels %26 resort facilities management","Editorial & Information Asset","facilities management for/hotels %26 resort facilities management, statutory compliance, planned maintenance, asset management","sectors","Request a proposal / Speak with an engineer","LOW (Distinct Intent & Location Profile)","YES"
"https://www.entirefm.com/facilities-management-for/industrial-facilities-management","facilities management for/industrial facilities management","facilities management for/industrial facilities management uk","facilities management facilities management for/industrial facilities management","Editorial & Information Asset","facilities management for/industrial facilities management, statutory compliance, planned maintenance, asset management","sectors","Request a proposal / Speak with an engineer","LOW (Distinct Intent & Location Profile)","YES"
"https://www.entirefm.com/facilities-management-for/leisure-centre-facilities-management","facilities management for/leisure centre facilities management","facilities management for/leisure centre facilities management uk","facilities management facilities management for/leisure centre facilities management","Editorial & Information Asset","facilities management for/leisure centre facilities management, statutory compliance, planned maintenance, asset management","sectors","Request a proposal / Speak with an engineer","LOW (Distinct Intent & Location Profile)","YES"
"https://www.entirefm.com/facilities-management-for/logistics-%26-distribution-facilities-management","facilities management for/logistics %26 distribution facilities management","facilities management for/logistics %26 distribution facilities management uk","facilities management facilities management for/logistics %26 distribution facilities management","Editorial & Information Asset","facilities management for/logistics %26 distribution facilities management, statutory compliance, planned maintenance, asset management","sectors","Request a proposal / Speak with an engineer","LOW (Distinct Intent & Location Profile)","YES"
"https://www.entirefm.com/facilities-management-for/managing-agent-facilities-management","facilities management for/managing agent facilities management","facilities management for/managing agent facilities management uk","facilities management facilities management for/managing agent facilities management","Editorial & Information Asset","facilities management for/managing agent facilities management, statutory compliance, planned maintenance, asset management","sectors","Request a proposal / Speak with an engineer","LOW (Distinct Intent & Location Profile)","YES"
"https://www.entirefm.com/facilities-management-for/offices%2C-corporate-%26-co-working","facilities management for/offices%2C corporate %26 co working","facilities management for/offices%2C corporate %26 co working uk","facilities management facilities management for/offices%2C corporate %26 co working","Editorial & Information Asset","facilities management for/offices%2C corporate %26 co working, statutory compliance, planned maintenance, asset management","sectors","Request a proposal / Speak with an engineer","LOW (Distinct Intent & Location Profile)","YES"
"https://www.entirefm.com/facilities-management-for/residential-facilities-management","facilities management for/residential facilities management","facilities management for/residential facilities management uk","facilities management facilities management for/residential facilities management","Editorial & Information Asset","facilities management for/residential facilities management, statutory compliance, planned maintenance, asset management","sectors","Request a proposal / Speak with an engineer","LOW (Distinct Intent & Location Profile)","YES"
"https://www.entirefm.com/facilities-management-for/restaurant-%26-hospitality-facilities-management","facilities management for/restaurant %26 hospitality facilities management","facilities management for/restaurant %26 hospitality facilities management uk","facilities management facilities management for/restaurant %26 hospitality facilities management","Editorial & Information Asset","facilities management for/restaurant %26 hospitality facilities management, statutory compliance, planned maintenance, asset management","sectors","Request a proposal / Speak with an engineer","LOW (Distinct Intent & Location Profile)","YES"
"https://www.entirefm.com/facilities-management-for/retail-%26-shopping-centre-facilities-management","facilities management for/retail %26 shopping centre facilities management","facilities management for/retail %26 shopping centre facilities management uk","facilities management facilities management for/retail %26 shopping centre facilities management","Editorial & Information Asset","facilities management for/retail %26 shopping centre facilities management, statutory compliance, planned maintenance, asset management","sectors","Request a proposal / Speak with an engineer","LOW (Distinct Intent & Location Profile)","YES"
"https://www.entirefm.com/facilities-management-for/sports-venue-facilities-management","facilities management for/sports venue facilities management","facilities management for/sports venue facilities management uk","facilities management facilities management for/sports venue facilities management","Editorial & Information Asset","facilities management for/sports venue facilities management, statutory compliance, planned maintenance, asset management","sectors","Request a proposal / Speak with an engineer","LOW (Distinct Intent & Location Profile)","YES"
"https://www.entirefm.com/facilities-management-for/stadium-%26-arena-facilities-management","facilities management for/stadium %26 arena facilities management","facilities management for/stadium %26 arena facilities management uk","facilities management facilities management for/stadium %26 arena facilities management","Editorial & Information Asset","facilities management for/stadium %26 arena facilities management, statutory compliance, planned maintenance, asset management","sectors","Request a proposal / Speak with an engineer","LOW (Distinct Intent & Location Profile)","YES"
"https://www.entirefm.com/facilities-management-for/warehouse-%26-distribution","facilities management for/warehouse %26 distribution","facilities management for/warehouse %26 distribution uk","facilities management facilities management for/warehouse %26 distribution","Editorial & Information Asset","facilities management for/warehouse %26 distribution, statutory compliance, planned maintenance, asset management","sectors","Request a proposal / Speak with an engineer","LOW (Distinct Intent & Location Profile)","YES"
"https://www.entirefm.com/facilities-management-in-telford","facilities management in telford","facilities management in telford uk","facilities management facilities management in telford","Editorial & Information Asset","facilities management in telford, statutory compliance, planned maintenance, asset management","locations","Request a proposal / Speak with an engineer","LOW (Distinct Intent & Location Profile)","YES"
"https://www.entirefm.com/facilities-management-in-the-midlands","facilities management in the midlands","facilities management in the midlands uk","facilities management facilities management in the midlands","Editorial & Information Asset","facilities management in the midlands, statutory compliance, planned maintenance, asset management","locations","Request a proposal / Speak with an engineer","LOW (Distinct Intent & Location Profile)","YES"
"https://www.entirefm.com/facilities-management-industries","facilities management industries","facilities management industries uk","facilities management facilities management industries","Editorial & Information Asset","facilities management industries, statutory compliance, planned maintenance, asset management","sectors","Request a proposal / Speak with an engineer","LOW (Distinct Intent & Location Profile)","YES"
"https://www.entirefm.com/facilities-management-leeds","facilities management leeds","facilities management leeds uk","facilities management facilities management leeds","Editorial & Information Asset","facilities management leeds, statutory compliance, planned maintenance, asset management","locations","Request a proposal / Speak with an engineer","LOW (Distinct Intent & Location Profile)","YES"
"https://www.entirefm.com/facilities-management-lincoln","facilities management lincoln","facilities management lincoln uk","facilities management facilities management lincoln","Editorial & Information Asset","facilities management lincoln, statutory compliance, planned maintenance, asset management","locations","Request a proposal / Speak with an engineer","LOW (Distinct Intent & Location Profile)","YES"
"https://www.entirefm.com/facilities-management-liverpool","facilities management liverpool","facilities management liverpool uk","facilities management facilities management liverpool","Editorial & Information Asset","facilities management liverpool, statutory compliance, planned maintenance, asset management","locations","Request a proposal / Speak with an engineer","LOW (Distinct Intent & Location Profile)","YES"
"https://www.entirefm.com/facilities-management-london","facilities management london","facilities management london uk","facilities management facilities management london","Editorial & Information Asset","facilities management london, statutory compliance, planned maintenance, asset management","locations","Request a proposal / Speak with an engineer","LOW (Distinct Intent & Location Profile)","YES"
"https://www.entirefm.com/facilities-management-manchester","facilities management manchester","facilities management manchester uk","facilities management facilities management manchester","Editorial & Information Asset","facilities management manchester, statutory compliance, planned maintenance, asset management","locations","Request a proposal / Speak with an engineer","LOW (Distinct Intent & Location Profile)","YES"
"https://www.entirefm.com/facilities-management-midlands","facilities management midlands","facilities management midlands uk","facilities management facilities management midlands","Editorial & Information Asset","facilities management midlands, statutory compliance, planned maintenance, asset management","locations","Request a proposal / Speak with an engineer","LOW (Distinct Intent & Location Profile)","YES"
"https://www.entirefm.com/facilities-management-nottingham","facilities management nottingham","facilities management nottingham uk","facilities management facilities management nottingham","Editorial & Information Asset","facilities management nottingham, statutory compliance, planned maintenance, asset management","locations","Request a proposal / Speak with an engineer","LOW (Distinct Intent & Location Profile)","YES"
"https://www.entirefm.com/facilities-management-offices","facilities management offices","facilities management offices uk","facilities management facilities management offices","Editorial & Information Asset","facilities management offices, statutory compliance, planned maintenance, asset management","sectors","Request a proposal / Speak with an engineer","LOW (Distinct Intent & Location Profile)","YES"
"https://www.entirefm.com/facilities-management-services","facilities management services","facilities management services uk","facilities management facilities management services","Editorial & Information Asset","facilities management services, statutory compliance, planned maintenance, asset management","core","Request a proposal / Speak with an engineer","LOW (Distinct Intent & Location Profile)","YES"
"https://www.entirefm.com/facilities-management-services-london","facilities management services london","facilities management services london uk","facilities management facilities management services london","Editorial & Information Asset","facilities management services london, statutory compliance, planned maintenance, asset management","locations","Request a proposal / Speak with an engineer","LOW (Distinct Intent & Location Profile)","YES"
"https://www.entirefm.com/facilities-management-sheffield","facilities management sheffield","facilities management sheffield uk","facilities management facilities management sheffield","Editorial & Information Asset","facilities management sheffield, statutory compliance, planned maintenance, asset management","locations","Request a proposal / Speak with an engineer","LOW (Distinct Intent & Location Profile)","YES"
"https://www.entirefm.com/facilities-management-team","facilities management team","facilities management team uk","facilities management facilities management team","Editorial & Information Asset","facilities management team, statutory compliance, planned maintenance, asset management","company","Request a proposal / Speak with an engineer","LOW (Distinct Intent & Location Profile)","YES"
"https://www.entirefm.com/facilities-management-telford","facilities management telford","facilities management telford uk","facilities management facilities management telford","Editorial & Information Asset","facilities management telford, statutory compliance, planned maintenance, asset management","locations","Request a proposal / Speak with an engineer","LOW (Distinct Intent & Location Profile)","YES"
"https://www.entirefm.com/fire-emergency-systems","fire emergency systems","fire emergency systems uk","facilities management fire emergency systems","Editorial & Information Asset","fire emergency systems, statutory compliance, planned maintenance, asset management","hard-fm","Request a proposal / Speak with an engineer","LOW (Distinct Intent & Location Profile)","YES"
"https://www.entirefm.com/fm-birmingham","fm birmingham","fm birmingham uk","facilities management fm birmingham","Editorial & Information Asset","fm birmingham, statutory compliance, planned maintenance, asset management","locations","Request a proposal / Speak with an engineer","LOW (Distinct Intent & Location Profile)","YES"
"https://www.entirefm.com/fm-bradford","fm bradford","fm bradford uk","facilities management fm bradford","Editorial & Information Asset","fm bradford, statutory compliance, planned maintenance, asset management","locations","Request a proposal / Speak with an engineer","LOW (Distinct Intent & Location Profile)","YES"
"https://www.entirefm.com/fm-chesterfield","fm chesterfield","fm chesterfield uk","facilities management fm chesterfield","Editorial & Information Asset","fm chesterfield, statutory compliance, planned maintenance, asset management","locations","Request a proposal / Speak with an engineer","LOW (Distinct Intent & Location Profile)","YES"
"https://www.entirefm.com/fm-client-info","fm client info","fm client info uk","facilities management fm client info","Editorial & Information Asset","fm client info, statutory compliance, planned maintenance, asset management","company","Request a proposal / Speak with an engineer","LOW (Distinct Intent & Location Profile)","YES"
"https://www.entirefm.com/fm-derby","fm derby","fm derby uk","facilities management fm derby","Editorial & Information Asset","fm derby, statutory compliance, planned maintenance, asset management","locations","Request a proposal / Speak with an engineer","LOW (Distinct Intent & Location Profile)","YES"
"https://www.entirefm.com/fm-intelligence","fm intelligence","fm intelligence uk","facilities management fm intelligence","Editorial & Information Asset","fm intelligence, statutory compliance, planned maintenance, asset management","insights","Request a proposal / Speak with an engineer","LOW (Distinct Intent & Location Profile)","YES"
"https://www.entirefm.com/fm-leeds","fm leeds","fm leeds uk","facilities management fm leeds","Editorial & Information Asset","fm leeds, statutory compliance, planned maintenance, asset management","locations","Request a proposal / Speak with an engineer","LOW (Distinct Intent & Location Profile)","YES"
"https://www.entirefm.com/fm-lincoln","fm lincoln","fm lincoln uk","facilities management fm lincoln","Editorial & Information Asset","fm lincoln, statutory compliance, planned maintenance, asset management","locations","Request a proposal / Speak with an engineer","LOW (Distinct Intent & Location Profile)","YES"
"https://www.entirefm.com/fm-liverpool","fm liverpool","fm liverpool uk","facilities management fm liverpool","Editorial & Information Asset","fm liverpool, statutory compliance, planned maintenance, asset management","locations","Request a proposal / Speak with an engineer","LOW (Distinct Intent & Location Profile)","YES"
"https://www.entirefm.com/fm-london","fm london","fm london uk","facilities management fm london","Editorial & Information Asset","fm london, statutory compliance, planned maintenance, asset management","locations","Request a proposal / Speak with an engineer","LOW (Distinct Intent & Location Profile)","YES"
"https://www.entirefm.com/fm-manchester","fm manchester","fm manchester uk","facilities management fm manchester","Editorial & Information Asset","fm manchester, statutory compliance, planned maintenance, asset management","locations","Request a proposal / Speak with an engineer","LOW (Distinct Intent & Location Profile)","YES"
"https://www.entirefm.com/fm-matlock","fm matlock","fm matlock uk","facilities management fm matlock","Editorial & Information Asset","fm matlock, statutory compliance, planned maintenance, asset management","locations","Request a proposal / Speak with an engineer","LOW (Distinct Intent & Location Profile)","YES"
"https://www.entirefm.com/fm-nottingham","fm nottingham","fm nottingham uk","facilities management fm nottingham","Editorial & Information Asset","fm nottingham, statutory compliance, planned maintenance, asset management","locations","Request a proposal / Speak with an engineer","LOW (Distinct Intent & Location Profile)","YES"
"https://www.entirefm.com/fm-services-sheffield","fm services sheffield","fm services sheffield uk","facilities management fm services sheffield","Editorial & Information Asset","fm services sheffield, statutory compliance, planned maintenance, asset management","locations","Request a proposal / Speak with an engineer","LOW (Distinct Intent & Location Profile)","YES"
"https://www.entirefm.com/fm-sheffield","fm sheffield","fm sheffield uk","facilities management fm sheffield","Editorial & Information Asset","fm sheffield, statutory compliance, planned maintenance, asset management","locations","Request a proposal / Speak with an engineer","LOW (Distinct Intent & Location Profile)","YES"
"https://www.entirefm.com/fm-supply-chain","fm supply chain","fm supply chain uk","facilities management fm supply chain","Editorial & Information Asset","fm supply chain, statutory compliance, planned maintenance, asset management","company","Request a proposal / Speak with an engineer","LOW (Distinct Intent & Location Profile)","YES"
"https://www.entirefm.com/fm-supply-form","fm supply form","fm supply form uk","facilities management fm supply form","Editorial & Information Asset","fm supply form, statutory compliance, planned maintenance, asset management","company","Request a proposal / Speak with an engineer","LOW (Distinct Intent & Location Profile)","YES"
"https://www.entirefm.com/fm-support-n-contact","fm support n contact","fm support n contact uk","facilities management fm support n contact","Editorial & Information Asset","fm support n contact, statutory compliance, planned maintenance, asset management","company","Request a proposal / Speak with an engineer","LOW (Distinct Intent & Location Profile)","YES"
"https://www.entirefm.com/fm-support-n-contact/facilities-management-glossary","fm support n contact/facilities management glossary","fm support n contact/facilities management glossary uk","facilities management fm support n contact/facilities management glossary","Editorial & Information Asset","fm support n contact/facilities management glossary, statutory compliance, planned maintenance, asset management","glossary","Request a proposal / Speak with an engineer","LOW (Distinct Intent & Location Profile)","YES"
"https://www.entirefm.com/fm-technical-services","fm technical services","fm technical services uk","facilities management fm technical services","Editorial & Information Asset","fm technical services, statutory compliance, planned maintenance, asset management","hard-fm","Request a proposal / Speak with an engineer","LOW (Distinct Intent & Location Profile)","YES"
"https://www.entirefm.com/fm-telford","fm telford","fm telford uk","facilities management fm telford","Editorial & Information Asset","fm telford, statutory compliance, planned maintenance, asset management","locations","Request a proposal / Speak with an engineer","LOW (Distinct Intent & Location Profile)","YES"
"https://www.entirefm.com/gates-barriers","gates barriers","gates barriers uk","facilities management gates barriers","Editorial & Information Asset","gates barriers, statutory compliance, planned maintenance, asset management","hard-fm","Request a proposal / Speak with an engineer","LOW (Distinct Intent & Location Profile)","YES"
"https://www.entirefm.com/grounds-maintenance","grounds maintenance","grounds maintenance uk","facilities management grounds maintenance","Editorial & Information Asset","grounds maintenance, statutory compliance, planned maintenance, asset management","soft-fm","Request a proposal / Speak with an engineer","LOW (Distinct Intent & Location Profile)","YES"
"https://www.entirefm.com/hard-services","hard services","hard services uk","facilities management hard services","Editorial & Information Asset","hard services, statutory compliance, planned maintenance, asset management","hard-fm","Request a proposal / Speak with an engineer","LOW (Distinct Intent & Location Profile)","YES"
"https://www.entirefm.com/healthcare-facilities-management","healthcare facilities management","healthcare facilities management uk","facilities management healthcare facilities management","Editorial & Information Asset","healthcare facilities management, statutory compliance, planned maintenance, asset management","sectors","Request a proposal / Speak with an engineer","LOW (Distinct Intent & Location Profile)","YES"
"https://www.entirefm.com/helpdesk","helpdesk","helpdesk uk","facilities management helpdesk","Editorial & Information Asset","helpdesk, statutory compliance, planned maintenance, asset management","company","Request a proposal / Speak with an engineer","LOW (Distinct Intent & Location Profile)","YES"
"https://www.entirefm.com/helpdesk-registration","helpdesk registration","helpdesk registration uk","facilities management helpdesk registration","Editorial & Information Asset","helpdesk registration, statutory compliance, planned maintenance, asset management","company","Request a proposal / Speak with an engineer","LOW (Distinct Intent & Location Profile)","YES"
"https://www.entirefm.com/home","home","home uk","facilities management home","Editorial & Information Asset","home, statutory compliance, planned maintenance, asset management","core","Request a proposal / Speak with an engineer","LOW (Distinct Intent & Location Profile)","YES"
"https://www.entirefm.com/home-1-1","home 1 1","home 1 1 uk","facilities management home 1 1","Editorial & Information Asset","home 1 1, statutory compliance, planned maintenance, asset management","core","Request a proposal / Speak with an engineer","LOW (Distinct Intent & Location Profile)","YES"
"https://www.entirefm.com/home-1-1-1","home 1 1 1","home 1 1 1 uk","facilities management home 1 1 1","Editorial & Information Asset","home 1 1 1, statutory compliance, planned maintenance, asset management","core","Request a proposal / Speak with an engineer","LOW (Distinct Intent & Location Profile)","YES"
"https://www.entirefm.com/homeab","homeab","homeab uk","facilities management homeab","Editorial & Information Asset","homeab, statutory compliance, planned maintenance, asset management","core","Request a proposal / Speak with an engineer","LOW (Distinct Intent & Location Profile)","YES"
"https://www.entirefm.com/hot-tub-relocation","hot tub relocation","hot tub relocation uk","facilities management hot tub relocation","Editorial & Information Asset","hot tub relocation, statutory compliance, planned maintenance, asset management","specialist-services","Request a proposal / Speak with an engineer","LOW (Distinct Intent & Location Profile)","YES"
"https://www.entirefm.com/hotel-facilities-management","hotel facilities management","hotel facilities management uk","facilities management hotel facilities management","Editorial & Information Asset","hotel facilities management, statutory compliance, planned maintenance, asset management","sectors","Request a proposal / Speak with an engineer","LOW (Distinct Intent & Location Profile)","YES"
"https://www.entirefm.com/hvac-contractor","hvac contractor","hvac contractor uk","facilities management hvac contractor","Editorial & Information Asset","hvac contractor, statutory compliance, planned maintenance, asset management","hard-fm","Request a proposal / Speak with an engineer","LOW (Distinct Intent & Location Profile)","YES"
"https://www.entirefm.com/industrial-cleaning","industrial cleaning","industrial cleaning uk","facilities management industrial cleaning","Editorial & Information Asset","industrial cleaning, statutory compliance, planned maintenance, asset management","cleaning","Request a proposal / Speak with an engineer","LOW (Distinct Intent & Location Profile)","YES"
"https://www.entirefm.com/industrial-cleaning-birmingham","industrial cleaning birmingham","industrial cleaning birmingham uk","facilities management industrial cleaning birmingham","Editorial & Information Asset","industrial cleaning birmingham, statutory compliance, planned maintenance, asset management","local-services","Request a proposal / Speak with an engineer","LOW (Distinct Intent & Location Profile)","YES"
"https://www.entirefm.com/industrial-cleaning-chesterfield","industrial cleaning chesterfield","industrial cleaning chesterfield uk","facilities management industrial cleaning chesterfield","Editorial & Information Asset","industrial cleaning chesterfield, statutory compliance, planned maintenance, asset management","local-services","Request a proposal / Speak with an engineer","LOW (Distinct Intent & Location Profile)","YES"
"https://www.entirefm.com/industrial-cleaning-derby","industrial cleaning derby","industrial cleaning derby uk","facilities management industrial cleaning derby","Editorial & Information Asset","industrial cleaning derby, statutory compliance, planned maintenance, asset management","local-services","Request a proposal / Speak with an engineer","LOW (Distinct Intent & Location Profile)","YES"
"https://www.entirefm.com/industrial-cleaning-leeds","industrial cleaning leeds","industrial cleaning leeds uk","facilities management industrial cleaning leeds","Editorial & Information Asset","industrial cleaning leeds, statutory compliance, planned maintenance, asset management","local-services","Request a proposal / Speak with an engineer","LOW (Distinct Intent & Location Profile)","YES"
"https://www.entirefm.com/industrial-cleaning-lincoln","industrial cleaning lincoln","industrial cleaning lincoln uk","facilities management industrial cleaning lincoln","Editorial & Information Asset","industrial cleaning lincoln, statutory compliance, planned maintenance, asset management","local-services","Request a proposal / Speak with an engineer","LOW (Distinct Intent & Location Profile)","YES"
"https://www.entirefm.com/industrial-cleaning-london","industrial cleaning london","industrial cleaning london uk","facilities management industrial cleaning london","Editorial & Information Asset","industrial cleaning london, statutory compliance, planned maintenance, asset management","local-services","Request a proposal / Speak with an engineer","LOW (Distinct Intent & Location Profile)","YES"
"https://www.entirefm.com/industrial-cleaning-manchester","industrial cleaning manchester","industrial cleaning manchester uk","facilities management industrial cleaning manchester","Editorial & Information Asset","industrial cleaning manchester, statutory compliance, planned maintenance, asset management","local-services","Request a proposal / Speak with an engineer","LOW (Distinct Intent & Location Profile)","YES"
"https://www.entirefm.com/industrial-cleaning-nottingham","industrial cleaning nottingham","industrial cleaning nottingham uk","facilities management industrial cleaning nottingham","Editorial & Information Asset","industrial cleaning nottingham, statutory compliance, planned maintenance, asset management","local-services","Request a proposal / Speak with an engineer","LOW (Distinct Intent & Location Profile)","YES"
"https://www.entirefm.com/industrial-cleaning-sheffield","industrial cleaning sheffield","industrial cleaning sheffield uk","facilities management industrial cleaning sheffield","Editorial & Information Asset","industrial cleaning sheffield, statutory compliance, planned maintenance, asset management","local-services","Request a proposal / Speak with an engineer","LOW (Distinct Intent & Location Profile)","YES"
"https://www.entirefm.com/industrial-facilities-management","industrial facilities management","industrial facilities management uk","facilities management industrial facilities management","Editorial & Information Asset","industrial facilities management, statutory compliance, planned maintenance, asset management","sectors","Request a proposal / Speak with an engineer","LOW (Distinct Intent & Location Profile)","YES"
"https://www.entirefm.com/industrial-fm-lincoln","industrial fm lincoln","industrial fm lincoln uk","facilities management industrial fm lincoln","Editorial & Information Asset","industrial fm lincoln, statutory compliance, planned maintenance, asset management","locations","Request a proposal / Speak with an engineer","LOW (Distinct Intent & Location Profile)","YES"
"https://www.entirefm.com/internal-cleaning","internal cleaning","internal cleaning uk","facilities management internal cleaning","Editorial & Information Asset","internal cleaning, statutory compliance, planned maintenance, asset management","cleaning","Request a proposal / Speak with an engineer","LOW (Distinct Intent & Location Profile)","YES"
"https://www.entirefm.com/items","items","items uk","facilities management items","Editorial & Information Asset","items, statutory compliance, planned maintenance, asset management","company","Request a proposal / Speak with an engineer","LOW (Distinct Intent & Location Profile)","YES"
"https://www.entirefm.com/job-board","job board","job board uk","facilities management job board","Editorial & Information Asset","job board, statutory compliance, planned maintenance, asset management","company","Request a proposal / Speak with an engineer","LOW (Distinct Intent & Location Profile)","YES"
"https://www.entirefm.com/landmark-facilities-management","landmark facilities management","landmark facilities management uk","facilities management landmark facilities management","Editorial & Information Asset","landmark facilities management, statutory compliance, planned maintenance, asset management","sectors","Request a proposal / Speak with an engineer","LOW (Distinct Intent & Location Profile)","YES"
"https://www.entirefm.com/landscaping","landscaping","landscaping uk","facilities management landscaping","Editorial & Information Asset","landscaping, statutory compliance, planned maintenance, asset management","soft-fm","Request a proposal / Speak with an engineer","LOW (Distinct Intent & Location Profile)","YES"
"https://www.entirefm.com/leeds-facilities-management","leeds facilities management","leeds facilities management uk","facilities management leeds facilities management","Editorial & Information Asset","leeds facilities management, statutory compliance, planned maintenance, asset management","locations","Request a proposal / Speak with an engineer","LOW (Distinct Intent & Location Profile)","YES"
"https://www.entirefm.com/lincoln-facilities-management","lincoln facilities management","lincoln facilities management uk","facilities management lincoln facilities management","Editorial & Information Asset","lincoln facilities management, statutory compliance, planned maintenance, asset management","locations","Request a proposal / Speak with an engineer","LOW (Distinct Intent & Location Profile)","YES"
"https://www.entirefm.com/lincoln-facilities-management-areas","lincoln facilities management areas","lincoln facilities management areas uk","facilities management lincoln facilities management areas","Editorial & Information Asset","lincoln facilities management areas, statutory compliance, planned maintenance, asset management","locations","Request a proposal / Speak with an engineer","LOW (Distinct Intent & Location Profile)","YES"
"https://www.entirefm.com/liverpool-facilities-management","liverpool facilities management","liverpool facilities management uk","facilities management liverpool facilities management","Editorial & Information Asset","liverpool facilities management, statutory compliance, planned maintenance, asset management","locations","Request a proposal / Speak with an engineer","LOW (Distinct Intent & Location Profile)","YES"
"https://www.entirefm.com/logistics-facilities-management","logistics facilities management","logistics facilities management uk","facilities management logistics facilities management","Editorial & Information Asset","logistics facilities management, statutory compliance, planned maintenance, asset management","sectors","Request a proposal / Speak with an engineer","LOW (Distinct Intent & Location Profile)","YES"
"https://www.entirefm.com/london-facilities-management","london facilities management","london facilities management uk","facilities management london facilities management","Editorial & Information Asset","london facilities management, statutory compliance, planned maintenance, asset management","locations","Request a proposal / Speak with an engineer","LOW (Distinct Intent & Location Profile)","YES"
"https://www.entirefm.com/london-facilities-management-areas","london facilities management areas","london facilities management areas uk","facilities management london facilities management areas","Editorial & Information Asset","london facilities management areas, statutory compliance, planned maintenance, asset management","locations","Request a proposal / Speak with an engineer","LOW (Distinct Intent & Location Profile)","YES"
"https://www.entirefm.com/manchester-facilities-management","manchester facilities management","manchester facilities management uk","facilities management manchester facilities management","Editorial & Information Asset","manchester facilities management, statutory compliance, planned maintenance, asset management","locations","Request a proposal / Speak with an engineer","LOW (Distinct Intent & Location Profile)","YES"
"https://www.entirefm.com/manchester-facilities-managment","manchester facilities managment","manchester facilities managment uk","facilities management manchester facilities managment","Editorial & Information Asset","manchester facilities managment, statutory compliance, planned maintenance, asset management","core","Request a proposal / Speak with an engineer","LOW (Distinct Intent & Location Profile)","YES"
"https://www.entirefm.com/manchester-office-cleaning","manchester office cleaning","manchester office cleaning uk","facilities management manchester office cleaning","Editorial & Information Asset","manchester office cleaning, statutory compliance, planned maintenance, asset management","local-services","Request a proposal / Speak with an engineer","LOW (Distinct Intent & Location Profile)","YES"
"https://www.entirefm.com/mechanical-electrical","mechanical electrical","mechanical electrical uk","facilities management mechanical electrical","Editorial & Information Asset","mechanical electrical, statutory compliance, planned maintenance, asset management","hard-fm","Request a proposal / Speak with an engineer","LOW (Distinct Intent & Location Profile)","YES"
"https://www.entirefm.com/mechanical-electrical/access-control","mechanical electrical/access control","mechanical electrical/access control uk","facilities management mechanical electrical/access control","Editorial & Information Asset","mechanical electrical/access control, statutory compliance, planned maintenance, asset management","hard-fm","Request a proposal / Speak with an engineer","LOW (Distinct Intent & Location Profile)","YES"
"https://www.entirefm.com/mechanical-electrical/emergency-light-testing","mechanical electrical/emergency light testing","mechanical electrical/emergency light testing uk","facilities management mechanical electrical/emergency light testing","Editorial & Information Asset","mechanical electrical/emergency light testing, statutory compliance, planned maintenance, asset management","hard-fm","Request a proposal / Speak with an engineer","LOW (Distinct Intent & Location Profile)","YES"
"https://www.entirefm.com/media-digital-displays","media digital displays","media digital displays uk","facilities management media digital displays","Editorial & Information Asset","media digital displays, statutory compliance, planned maintenance, asset management","hard-fm","Request a proposal / Speak with an engineer","LOW (Distinct Intent & Location Profile)","YES"
"https://www.entirefm.com/medical-cleaning","medical cleaning","medical cleaning uk","facilities management medical cleaning","Editorial & Information Asset","medical cleaning, statutory compliance, planned maintenance, asset management","cleaning","Request a proposal / Speak with an engineer","LOW (Distinct Intent & Location Profile)","YES"
"https://www.entirefm.com/mobile-crane-hire","mobile crane hire","mobile crane hire uk","facilities management mobile crane hire","Editorial & Information Asset","mobile crane hire, statutory compliance, planned maintenance, asset management","specialist-services","Request a proposal / Speak with an engineer","LOW (Distinct Intent & Location Profile)","YES"
"https://www.entirefm.com/mobile-crane-hire/chesterfield","mobile crane hire/chesterfield","mobile crane hire/chesterfield uk","facilities management mobile crane hire/chesterfield","Editorial & Information Asset","mobile crane hire/chesterfield, statutory compliance, planned maintenance, asset management","specialist-services","Request a proposal / Speak with an engineer","LOW (Distinct Intent & Location Profile)","YES"
"https://www.entirefm.com/mobile-crane-hire/sheffield","mobile crane hire/sheffield","mobile crane hire/sheffield uk","facilities management mobile crane hire/sheffield","Editorial & Information Asset","mobile crane hire/sheffield, statutory compliance, planned maintenance, asset management","specialist-services","Request a proposal / Speak with an engineer","LOW (Distinct Intent & Location Profile)","YES"
"https://www.entirefm.com/mobile-crane-hire/truck-mount-crane-hire","mobile crane hire/truck mount crane hire","mobile crane hire/truck mount crane hire uk","facilities management mobile crane hire/truck mount crane hire","Editorial & Information Asset","mobile crane hire/truck mount crane hire, statutory compliance, planned maintenance, asset management","specialist-services","Request a proposal / Speak with an engineer","LOW (Distinct Intent & Location Profile)","YES"
"https://www.entirefm.com/nottingham-facilities-management","nottingham facilities management","nottingham facilities management uk","facilities management nottingham facilities management","Editorial & Information Asset","nottingham facilities management, statutory compliance, planned maintenance, asset management","locations","Request a proposal / Speak with an engineer","LOW (Distinct Intent & Location Profile)","YES"
"https://www.entirefm.com/office-cleaning","office cleaning","office cleaning uk","facilities management office cleaning","Editorial & Information Asset","office cleaning, statutory compliance, planned maintenance, asset management","cleaning","Request a proposal / Speak with an engineer","LOW (Distinct Intent & Location Profile)","YES"
"https://www.entirefm.com/office-cleaning-lincoln","office cleaning lincoln","office cleaning lincoln uk","facilities management office cleaning lincoln","Editorial & Information Asset","office cleaning lincoln, statutory compliance, planned maintenance, asset management","local-services","Request a proposal / Speak with an engineer","LOW (Distinct Intent & Location Profile)","YES"
"https://www.entirefm.com/office-cleaning-london","office cleaning london","office cleaning london uk","facilities management office cleaning london","Editorial & Information Asset","office cleaning london, statutory compliance, planned maintenance, asset management","local-services","Request a proposal / Speak with an engineer","LOW (Distinct Intent & Location Profile)","YES"
"https://www.entirefm.com/plumbing-gas","plumbing gas","plumbing gas uk","facilities management plumbing gas","Editorial & Information Asset","plumbing gas, statutory compliance, planned maintenance, asset management","hard-fm","Request a proposal / Speak with an engineer","LOW (Distinct Intent & Location Profile)","YES"
"https://www.entirefm.com/portal","portal","portal uk","facilities management portal","Editorial & Information Asset","portal, statutory compliance, planned maintenance, asset management","company","Request a proposal / Speak with an engineer","LOW (Distinct Intent & Location Profile)","YES"
"https://www.entirefm.com/portfolio","portfolio","portfolio uk","facilities management portfolio","Editorial & Information Asset","portfolio, statutory compliance, planned maintenance, asset management","company","Request a proposal / Speak with an engineer","LOW (Distinct Intent & Location Profile)","YES"
"https://www.entirefm.com/post/facilities-management-in-different-sectors-similarities-differences-and-the-need-for-agility","post/facilities management in different sectors similarities differences and the need for agility","post/facilities management in different sectors similarities differences and the need for agility uk","facilities management post/facilities management in different sectors similarities differences and the need for agility","Editorial & Information Asset","post/facilities management in different sectors similarities differences and the need for agility, statutory compliance, planned maintenance, asset management","insights","Request a proposal / Speak with an engineer","LOW (Distinct Intent & Location Profile)","YES"
"https://www.entirefm.com/post/facilities-management-services-in-lincoln","post/facilities management services in lincoln","post/facilities management services in lincoln uk","facilities management post/facilities management services in lincoln","Editorial & Information Asset","post/facilities management services in lincoln, statutory compliance, planned maintenance, asset management","insights","Request a proposal / Speak with an engineer","LOW (Distinct Intent & Location Profile)","YES"
"https://www.entirefm.com/post/facilities-management-to-birmingham","post/facilities management to birmingham","post/facilities management to birmingham uk","facilities management post/facilities management to birmingham","Editorial & Information Asset","post/facilities management to birmingham, statutory compliance, planned maintenance, asset management","insights","Request a proposal / Speak with an engineer","LOW (Distinct Intent & Location Profile)","YES"
"https://www.entirefm.com/post/the-importance-of-regular-maintenance-and-inspections","post/the importance of regular maintenance and inspections","post/the importance of regular maintenance and inspections uk","facilities management post/the importance of regular maintenance and inspections","Editorial & Information Asset","post/the importance of regular maintenance and inspections, statutory compliance, planned maintenance, asset management","insights","Request a proposal / Speak with an engineer","LOW (Distinct Intent & Location Profile)","YES"
"https://www.entirefm.com/post/the-importance-of-regular-maintenance-and-inspections-1","post/the importance of regular maintenance and inspections 1","post/the importance of regular maintenance and inspections 1 uk","facilities management post/the importance of regular maintenance and inspections 1","Editorial & Information Asset","post/the importance of regular maintenance and inspections 1, statutory compliance, planned maintenance, asset management","insights","Request a proposal / Speak with an engineer","LOW (Distinct Intent & Location Profile)","YES"
"https://www.entirefm.com/post/what-are-hard-services","post/what are hard services","post/what are hard services uk","facilities management post/what are hard services","Editorial & Information Asset","post/what are hard services, statutory compliance, planned maintenance, asset management","insights","Request a proposal / Speak with an engineer","LOW (Distinct Intent & Location Profile)","YES"
"https://www.entirefm.com/post/what-are-hard-services-in-facilities-management","post/what are hard services in facilities management","post/what are hard services in facilities management uk","facilities management post/what are hard services in facilities management","Editorial & Information Asset","post/what are hard services in facilities management, statutory compliance, planned maintenance, asset management","insights","Request a proposal / Speak with an engineer","LOW (Distinct Intent & Location Profile)","YES"
"https://www.entirefm.com/post/what-are-hard-services-in-facilities-management-1","post/what are hard services in facilities management 1","post/what are hard services in facilities management 1 uk","facilities management post/what are hard services in facilities management 1","Editorial & Information Asset","post/what are hard services in facilities management 1, statutory compliance, planned maintenance, asset management","insights","Request a proposal / Speak with an engineer","LOW (Distinct Intent & Location Profile)","YES"
"https://www.entirefm.com/post/what-is-facilities-management","post/what is facilities management","post/what is facilities management uk","facilities management post/what is facilities management","Editorial & Information Asset","post/what is facilities management, statutory compliance, planned maintenance, asset management","insights","Request a proposal / Speak with an engineer","LOW (Distinct Intent & Location Profile)","YES"
"https://www.entirefm.com/post/what-is-facilities-management-1","post/what is facilities management 1","post/what is facilities management 1 uk","facilities management post/what is facilities management 1","Editorial & Information Asset","post/what is facilities management 1, statutory compliance, planned maintenance, asset management","insights","Request a proposal / Speak with an engineer","LOW (Distinct Intent & Location Profile)","YES"
"https://www.entirefm.com/post/what-is-facilities-management-1-1","post/what is facilities management 1 1","post/what is facilities management 1 1 uk","facilities management post/what is facilities management 1 1","Editorial & Information Asset","post/what is facilities management 1 1, statutory compliance, planned maintenance, asset management","insights","Request a proposal / Speak with an engineer","LOW (Distinct Intent & Location Profile)","YES"
"https://www.entirefm.com/ppm","ppm","ppm uk","facilities management ppm","Editorial & Information Asset","ppm, statutory compliance, planned maintenance, asset management","maintenance","Request a proposal / Speak with an engineer","LOW (Distinct Intent & Location Profile)","YES"
"https://www.entirefm.com/pressure-washing","pressure washing","pressure washing uk","facilities management pressure washing","Editorial & Information Asset","pressure washing, statutory compliance, planned maintenance, asset management","cleaning","Request a proposal / Speak with an engineer","LOW (Distinct Intent & Location Profile)","YES"
"https://www.entirefm.com/pressure-washing-birmingham","pressure washing birmingham","pressure washing birmingham uk","facilities management pressure washing birmingham","Editorial & Information Asset","pressure washing birmingham, statutory compliance, planned maintenance, asset management","local-services","Request a proposal / Speak with an engineer","LOW (Distinct Intent & Location Profile)","YES"
"https://www.entirefm.com/pressure-washing-lincoln","pressure washing lincoln","pressure washing lincoln uk","facilities management pressure washing lincoln","Editorial & Information Asset","pressure washing lincoln, statutory compliance, planned maintenance, asset management","local-services","Request a proposal / Speak with an engineer","LOW (Distinct Intent & Location Profile)","YES"
"https://www.entirefm.com/pressure-washing-london","pressure washing london","pressure washing london uk","facilities management pressure washing london","Editorial & Information Asset","pressure washing london, statutory compliance, planned maintenance, asset management","local-services","Request a proposal / Speak with an engineer","LOW (Distinct Intent & Location Profile)","YES"
"https://www.entirefm.com/pressure-washing-manchester","pressure washing manchester","pressure washing manchester uk","facilities management pressure washing manchester","Editorial & Information Asset","pressure washing manchester, statutory compliance, planned maintenance, asset management","local-services","Request a proposal / Speak with an engineer","LOW (Distinct Intent & Location Profile)","YES"
"https://www.entirefm.com/pressure-washing-sheffield","pressure washing sheffield","pressure washing sheffield uk","facilities management pressure washing sheffield","Editorial & Information Asset","pressure washing sheffield, statutory compliance, planned maintenance, asset management","local-services","Request a proposal / Speak with an engineer","LOW (Distinct Intent & Location Profile)","YES"
"https://www.entirefm.com/privacy-policy","privacy policy","privacy policy uk","facilities management privacy policy","Editorial & Information Asset","privacy policy, statutory compliance, planned maintenance, asset management","core","Request a proposal / Speak with an engineer","LOW (Distinct Intent & Location Profile)","YES"
"https://www.entirefm.com/property-manager-fm-services","property manager fm services","property manager fm services uk","facilities management property manager fm services","Editorial & Information Asset","property manager fm services, statutory compliance, planned maintenance, asset management","sectors","Request a proposal / Speak with an engineer","LOW (Distinct Intent & Location Profile)","YES"
"https://www.entirefm.com/public-sector-facilities-management","public sector facilities management","public sector facilities management uk","facilities management public sector facilities management","Editorial & Information Asset","public sector facilities management, statutory compliance, planned maintenance, asset management","sectors","Request a proposal / Speak with an engineer","LOW (Distinct Intent & Location Profile)","YES"
"https://www.entirefm.com/reactive-cleaning-services","reactive cleaning services","reactive cleaning services uk","facilities management reactive cleaning services","Editorial & Information Asset","reactive cleaning services, statutory compliance, planned maintenance, asset management","cleaning","Request a proposal / Speak with an engineer","LOW (Distinct Intent & Location Profile)","YES"
"https://www.entirefm.com/residential-cleaning","residential cleaning","residential cleaning uk","facilities management residential cleaning","Editorial & Information Asset","residential cleaning, statutory compliance, planned maintenance, asset management","cleaning","Request a proposal / Speak with an engineer","LOW (Distinct Intent & Location Profile)","YES"
"https://www.entirefm.com/residential-facilities-management","residential facilities management","residential facilities management uk","facilities management residential facilities management","Editorial & Information Asset","residential facilities management, statutory compliance, planned maintenance, asset management","sectors","Request a proposal / Speak with an engineer","LOW (Distinct Intent & Location Profile)","YES"
"https://www.entirefm.com/residential-fm-lincoln","residential fm lincoln","residential fm lincoln uk","facilities management residential fm lincoln","Editorial & Information Asset","residential fm lincoln, statutory compliance, planned maintenance, asset management","locations","Request a proposal / Speak with an engineer","LOW (Distinct Intent & Location Profile)","YES"
"https://www.entirefm.com/resources/document-vault","resources/document vault","resources/document vault uk","facilities management resources/document vault","Editorial & Information Asset","resources/document vault, statutory compliance, planned maintenance, asset management","insights","Request a proposal / Speak with an engineer","LOW (Distinct Intent & Location Profile)","YES"
"https://www.entirefm.com/restaurant-facilities-management","restaurant facilities management","restaurant facilities management uk","facilities management restaurant facilities management","Editorial & Information Asset","restaurant facilities management, statutory compliance, planned maintenance, asset management","sectors","Request a proposal / Speak with an engineer","LOW (Distinct Intent & Location Profile)","YES"
"https://www.entirefm.com/retail-cleaning","retail cleaning","retail cleaning uk","facilities management retail cleaning","Editorial & Information Asset","retail cleaning, statutory compliance, planned maintenance, asset management","cleaning","Request a proposal / Speak with an engineer","LOW (Distinct Intent & Location Profile)","YES"
"https://www.entirefm.com/retail-facilities-management","retail facilities management","retail facilities management uk","facilities management retail facilities management","Editorial & Information Asset","retail facilities management, statutory compliance, planned maintenance, asset management","sectors","Request a proposal / Speak with an engineer","LOW (Distinct Intent & Location Profile)","YES"
"https://www.entirefm.com/retail-fm-lincoln","retail fm lincoln","retail fm lincoln uk","facilities management retail fm lincoln","Editorial & Information Asset","retail fm lincoln, statutory compliance, planned maintenance, asset management","locations","Request a proposal / Speak with an engineer","LOW (Distinct Intent & Location Profile)","YES"
"https://www.entirefm.com/safety-critical-emergency-systems","safety critical emergency systems","safety critical emergency systems uk","facilities management safety critical emergency systems","Editorial & Information Asset","safety critical emergency systems, statutory compliance, planned maintenance, asset management","hard-fm","Request a proposal / Speak with an engineer","LOW (Distinct Intent & Location Profile)","YES"
"https://www.entirefm.com/search","search","search uk","facilities management search","Editorial & Information Asset","search, statutory compliance, planned maintenance, asset management","company","Request a proposal / Speak with an engineer","LOW (Distinct Intent & Location Profile)","YES"
"https://www.entirefm.com/security-services","security services","security services uk","facilities management security services","Editorial & Information Asset","security services, statutory compliance, planned maintenance, asset management","soft-fm","Request a proposal / Speak with an engineer","LOW (Distinct Intent & Location Profile)","YES"
"https://www.entirefm.com/service-station-fm","service station fm","service station fm uk","facilities management service station fm","Editorial & Information Asset","service station fm, statutory compliance, planned maintenance, asset management","sectors","Request a proposal / Speak with an engineer","LOW (Distinct Intent & Location Profile)","YES"
"https://www.entirefm.com/services","services","services uk","facilities management services","Editorial & Information Asset","services, statutory compliance, planned maintenance, asset management","company","Request a proposal / Speak with an engineer","LOW (Distinct Intent & Location Profile)","YES"
"https://www.entirefm.com/sheffield","sheffield","sheffield uk","facilities management sheffield","Editorial & Information Asset","sheffield, statutory compliance, planned maintenance, asset management","local-services","Request a proposal / Speak with an engineer","LOW (Distinct Intent & Location Profile)","YES"
"https://www.entirefm.com/sheffield-facilities-management","sheffield facilities management","sheffield facilities management uk","facilities management sheffield facilities management","Editorial & Information Asset","sheffield facilities management, statutory compliance, planned maintenance, asset management","locations","Request a proposal / Speak with an engineer","LOW (Distinct Intent & Location Profile)","YES"
"https://www.entirefm.com/soft-services","soft services","soft services uk","facilities management soft services","Editorial & Information Asset","soft services, statutory compliance, planned maintenance, asset management","soft-fm","Request a proposal / Speak with an engineer","LOW (Distinct Intent & Location Profile)","YES"
"https://www.entirefm.com/sport-centre-facilities-management","sport centre facilities management","sport centre facilities management uk","facilities management sport centre facilities management","Editorial & Information Asset","sport centre facilities management, statutory compliance, planned maintenance, asset management","sectors","Request a proposal / Speak with an engineer","LOW (Distinct Intent & Location Profile)","YES"
"https://www.entirefm.com/telford-facilities-management","telford facilities management","telford facilities management uk","facilities management telford facilities management","Editorial & Information Asset","telford facilities management, statutory compliance, planned maintenance, asset management","locations","Request a proposal / Speak with an engineer","LOW (Distinct Intent & Location Profile)","YES"
"https://www.entirefm.com/terms-and-conditions","terms and conditions","terms and conditions uk","facilities management terms and conditions","Editorial & Information Asset","terms and conditions, statutory compliance, planned maintenance, asset management","core","Request a proposal / Speak with an engineer","LOW (Distinct Intent & Location Profile)","YES"
"https://www.entirefm.com/tier-one-facilities-management","tier one facilities management","tier one facilities management uk","facilities management tier one facilities management","Editorial & Information Asset","tier one facilities management, statutory compliance, planned maintenance, asset management","sectors","Request a proposal / Speak with an engineer","LOW (Distinct Intent & Location Profile)","YES"
"https://www.entirefm.com/tierone-facilities-managment","tierone facilities managment","tierone facilities managment uk","facilities management tierone facilities managment","Editorial & Information Asset","tierone facilities managment, statutory compliance, planned maintenance, asset management","sectors","Request a proposal / Speak with an engineer","LOW (Distinct Intent & Location Profile)","YES"
"https://www.entirefm.com/tools/compliance-calendar","tools/compliance calendar","tools/compliance calendar uk","facilities management tools/compliance calendar","Editorial & Information Asset","tools/compliance calendar, statutory compliance, planned maintenance, asset management","insights","Request a proposal / Speak with an engineer","LOW (Distinct Intent & Location Profile)","YES"
"https://www.entirefm.com/tools/compliance-checker","tools/compliance checker","tools/compliance checker uk","facilities management tools/compliance checker","Editorial & Information Asset","tools/compliance checker, statutory compliance, planned maintenance, asset management","insights","Request a proposal / Speak with an engineer","LOW (Distinct Intent & Location Profile)","YES"
"https://www.entirefm.com/tools/fm-health-check","tools/fm health check","tools/fm health check uk","facilities management tools/fm health check","Editorial & Information Asset","tools/fm health check, statutory compliance, planned maintenance, asset management","insights","Request a proposal / Speak with an engineer","LOW (Distinct Intent & Location Profile)","YES"
"https://www.entirefm.com/tools/fm-roi-calculator","tools/fm roi calculator","tools/fm roi calculator uk","facilities management tools/fm roi calculator","Editorial & Information Asset","tools/fm roi calculator, statutory compliance, planned maintenance, asset management","insights","Request a proposal / Speak with an engineer","LOW (Distinct Intent & Location Profile)","YES"
"https://www.entirefm.com/tools/ppm-estimator","tools/ppm estimator","tools/ppm estimator uk","facilities management tools/ppm estimator","Editorial & Information Asset","tools/ppm estimator, statutory compliance, planned maintenance, asset management","insights","Request a proposal / Speak with an engineer","LOW (Distinct Intent & Location Profile)","YES"
"https://www.entirefm.com/tools/ppm-schedule-builder","tools/ppm schedule builder","tools/ppm schedule builder uk","facilities management tools/ppm schedule builder","Editorial & Information Asset","tools/ppm schedule builder, statutory compliance, planned maintenance, asset management","insights","Request a proposal / Speak with an engineer","LOW (Distinct Intent & Location Profile)","YES"
"https://www.entirefm.com/tools/tender-brief","tools/tender brief","tools/tender brief uk","facilities management tools/tender brief","Editorial & Information Asset","tools/tender brief, statutory compliance, planned maintenance, asset management","insights","Request a proposal / Speak with an engineer","LOW (Distinct Intent & Location Profile)","YES"
"https://www.entirefm.com/transport-facilities-management","transport facilities management","transport facilities management uk","facilities management transport facilities management","Editorial & Information Asset","transport facilities management, statutory compliance, planned maintenance, asset management","sectors","Request a proposal / Speak with an engineer","LOW (Distinct Intent & Location Profile)","YES"
"https://www.entirefm.com/truck-mount-crane-hire","truck mount crane hire","truck mount crane hire uk","facilities management truck mount crane hire","Editorial & Information Asset","truck mount crane hire, statutory compliance, planned maintenance, asset management","specialist-services","Request a proposal / Speak with an engineer","LOW (Distinct Intent & Location Profile)","YES"
"https://www.entirefm.com/vending-supplier","vending supplier","vending supplier uk","facilities management vending supplier","Editorial & Information Asset","vending supplier, statutory compliance, planned maintenance, asset management","soft-fm","Request a proposal / Speak with an engineer","LOW (Distinct Intent & Location Profile)","YES"
"https://www.entirefm.com/warehouse-facilities-management","warehouse facilities management","warehouse facilities management uk","facilities management warehouse facilities management","Editorial & Information Asset","warehouse facilities management, statutory compliance, planned maintenance, asset management","sectors","Request a proposal / Speak with an engineer","LOW (Distinct Intent & Location Profile)","YES"
"https://www.entirefm.com/washroom-management","washroom management","washroom management uk","facilities management washroom management","Editorial & Information Asset","washroom management, statutory compliance, planned maintenance, asset management","soft-fm","Request a proposal / Speak with an engineer","LOW (Distinct Intent & Location Profile)","YES"
"https://www.entirefm.com/what-is-facilities-management","what is facilities management","what is facilities management uk","facilities management what is facilities management","Editorial & Information Asset","what is facilities management, statutory compliance, planned maintenance, asset management","core","Request a proposal / Speak with an engineer","LOW (Distinct Intent & Location Profile)","YES"
"https://www.entirefm.com/window-cleaning","window cleaning","window cleaning uk","facilities management window cleaning","Editorial & Information Asset","window cleaning, statutory compliance, planned maintenance, asset management","cleaning","Request a proposal / Speak with an engineer","LOW (Distinct Intent & Location Profile)","YES"
"https://www.entirefm.com/working-at-heights","working at heights","working at heights uk","facilities management working at heights","Editorial & Information Asset","working at heights, statutory compliance, planned maintenance, asset management","hard-fm","Request a proposal / Speak with an engineer","LOW (Distinct Intent & Location Profile)","YES"