URL,HTTP,Indexable,Canonical,Title,H1,Sitemap,Internal Links In,Internal Links Out,Search Impressions (GSC),Clicks,CTR,Position,Primary Queries,Protected Status,Content Hash
/,200,true,https://www.entirefm.com,EntireFM | Total Facilities Management & Specialist Engineering,Facilities Management Delivered Across the UK,sitemaps/core.xml,326,45,45200,1280,2.83%,14.2,facilities management uk / commercial fm,PROTECTED,v1.0-home
/ppm,200,true,https://www.entirefm.com/ppm,Planned Preventative Maintenance (PPM) Services | EntireFM,Planned Preventative Maintenance (PPM) Schedules,sitemaps/core.xml,180,28,18900,480,2.54%,8.4,planned preventative maintenance / ppm contractor,PROTECTED,v1.0-ppm
/mechanical-electrical,200,true,https://www.entirefm.com/mechanical-electrical,Mechanical & Electrical (M&E) Maintenance Services | EntireFM,Mechanical & Electrical Building Maintenance,sitemaps/core.xml,165,26,14300,320,2.24%,9.1,m&e contractor / mechanical electrical maintenance,PROTECTED,v1.0-m-and-e
/hvac-contractor,200,true,https://www.entirefm.com/hvac-contractor,Commercial HVAC Contractor & Air Conditioning Maintenance | EntireFM,Commercial HVAC Contractor Services,sitemaps/core.xml,150,25,12100,290,2.40%,7.8,commercial hvac contractor / chiller maintenance,PROTECTED,v1.0-hvac
/industrial-cleaning,200,true,https://www.entirefm.com/industrial-cleaning,Industrial Cleaning Services | Factory & Plant Hygiene | EntireFM,Industrial Cleaning & Factory Decontamination,sitemaps/core.xml,140,24,9800,210,2.14%,8.9,industrial cleaning services / factory cleaning,PROTECTED,v1.0-ind-clean
/commercial-cleaning,200,true,https://www.entirefm.com/commercial-cleaning,Commercial Cleaning Services | Workplace Hygiene | EntireFM,Commercial Cleaning Services,sitemaps/core.xml,135,22,11200,240,2.14%,11.2,commercial cleaning services / office cleaning,PROTECTED,v1.0-comm-clean
/facilities-management-london,200,true,https://www.entirefm.com/facilities-management-london,Facilities Management London | EntireFM,Facilities Management London,sitemaps/locations.xml,95,30,34339,580,1.69%,50.4,facilities management london,PROTECTED,v1.0-lon-head
/fm-london,200,true,https://www.entirefm.com/fm-london,Commercial FM London | EntireFM,Commercial Facilities Management London,sitemaps/locations.xml,85,28,12400,260,2.10%,18.2,fm london / contract fm london,PROTECTED,v1.0-lon-comm
/london-facilities-management,200,true,https://www.entirefm.com/london-facilities-management,London Facilities Management & Districts | EntireFM,London Facilities Management Operations,sitemaps/locations.xml,80,26,8900,140,1.57%,22.1,london facilities management estates,PROTECTED,v1.0-lon-reg
/facilities-management-manchester,200,true,https://www.entirefm.com/facilities-management-manchester,Facilities Management Manchester | EntireFM,Facilities Management Manchester,sitemaps/locations.xml,90,29,15200,340,2.24%,28.4,facilities management manchester,PROTECTED,v1.0-mcr-head
/fm-manchester,200,true,https://www.entirefm.com/fm-manchester,Commercial FM Manchester | EntireFM,Commercial Facilities Management Manchester,sitemaps/locations.xml,82,27,9100,190,2.09%,16.5,fm manchester / commercial maintenance manchester,PROTECTED,v1.0-mcr-comm
/facilities-management-birmingham,200,true,https://www.entirefm.com/facilities-management-birmingham,Facilities Management Birmingham | EntireFM,Facilities Management Birmingham,sitemaps/locations.xml,88,28,13100,270,2.06%,29.8,facilities management birmingham,PROTECTED,v1.0-bham-head
/facilities-management-leeds,200,true,https://www.entirefm.com/facilities-management-leeds,Facilities Management Leeds | EntireFM,Facilities Management Leeds,sitemaps/locations.xml,84,27,8400,180,2.14%,24.3,facilities management leeds,PROTECTED,v1.0-leeds-head
/industrial-facilities-management,200,true,https://www.entirefm.com/industrial-facilities-management,Industrial Facilities Management | Factory & Plant Maintenance | EntireFM,Industrial Facilities Management & Manufacturing Plant Maintenance,sitemaps/sectors.xml,110,24,6800,150,2.21%,12.4,industrial facilities management,PROTECTED,v1.0-ind-fm
/commercial-facilities-management,200,true,https://www.entirefm.com/commercial-facilities-management,Commercial Facilities Management | Facilities Management & Engineering | EntireFM,Commercial Facilities Management — Facilities Management & Engineering,sitemaps/sectors.xml,115,25,7200,160,2.22%,14.1,commercial facilities management,PROTECTED,v1.0-comm-fm
/logistics-facilities-management,200,true,https://www.entirefm.com/logistics-facilities-management,Logistics Facilities Management | Distribution Centre FM | Entire FM,Logistics Park & Distribution Centre Facilities Management,sitemaps/sectors.xml,105,24,5900,130,2.20%,15.8,logistics facilities management,PROTECTED,v1.0-log-fm
/resources/guides/ppm-guide,200,true,https://www.entirefm.com/resources/guides/ppm-guide,The Complete Guide to Planned Preventative Maintenance (PPM) | EntireFM,The Complete Guide to Planned Preventative Maintenance (PPM),sitemaps/insights.xml,145,35,16400,620,3.78%,6.2,ppm guide / what is ppm / planned maintenance guide,PROTECTED,v1.0-ppm-guide
/resources/guides/fm-tender-guide,200,true,https://www.entirefm.com/resources/guides/fm-tender-guide,The Facilities Management Tender & Procurement Guide | EntireFM,The Facilities Management Tender & Procurement Guide,sitemaps/insights.xml,155,36,12800,490,3.83%,5.8,fm tender guide / facilities management procurement,PROTECTED,v1.0-tender-guide
/tools/tender-brief,200,true,https://www.entirefm.com/tools/tender-brief,FM Tender Brief Generator | Free Interactive Specification Tool | EntireFM,FM Tender Brief Generator,sitemaps/insights.xml,120,20,7400,310,4.19%,7.1,fm tender brief generator / tender spec tool,PROTECTED,v1.0-tender-tool
/compliance,200,true,https://www.entirefm.com/compliance,Compliance Centre | Statutory Obligations Explained | EntireFM,UK Facilities Management Statutory Compliance Centre,sitemaps/insights.xml,160,34,18200,680,3.74%,7.4,statutory compliance facilities management,PROTECTED,v1.0-compliance-hub
