Sector,Buyer Role,Key Operational Question,Answer Owner URL,Supporting Guide,Interactive Tool,Commercial Service,Status
Industrial & Manufacturing,Operations Director,"How will PPM work around intensive production shift patterns?",/industrial-facilities-management,/resources/guides/ppm-guide,/tools/ppm-schedule-builder,/ppm,OPTIMISED
Industrial & Manufacturing,Head of Estates,"How are critical plant spares and emergency attendance handled?",/industrial-facilities-management,/resources/guides/asset-register-guide,/tools/fm-health-check,/mechanical-electrical,OPTIMISED
Commercial Offices,Property Manager,"How do you prevent simultaneous heating and cooling disputes between tenant zones?",/commercial-facilities-management,/resources/guides/facilities-management-guide,/tools/fm-health-check,/hvac-contractor,OPTIMISED
Commercial Offices,Procurement Manager,"How are reactive fault costs and out-of-hours callouts capped and reported?",/commercial-facilities-management,/resources/guides/fm-tender-guide,/tools/tender-brief,/services,OPTIMISED
Logistics & Warehousing,Logistics Operations Head,"How do you ensure 24/7 dock leveller and shutter availability across multiple regional hubs?",/logistics-facilities-management,/resources/guides/asset-register-guide,/tools/fm-health-check,/building-maintenance,OPTIMISED
Logistics & Warehousing,Compliance Manager,"What evidence is provided for statutory high-bay electrical and fire safety audits?",/logistics-facilities-management,/compliance,/tools/fm-health-check,/mechanical-electrical,OPTIMISED
Retail & Shopping Centres,Retail Estate Director,"How is consistent maintenance quality maintained across 50+ geographically dispersed stores?",/retail-facilities-management,/resources/guides/fm-tender-guide,/tools/tender-brief,/ppm,OPTIMISED
Retail & Shopping Centres,Procurement Lead,"What asset data must be collated before issuing a multi-site retail FM tender?",/retail-facilities-management,/resources/guides/fm-tender-guide,/tools/tender-brief,/contact-us,OPTIMISED
Education & Universities,Estates Director,"How are major boiler overhauls and fixed wire testing phased around term times?",/education-facilities-management,/compliance,/tools/fm-health-check,/mechanical-electrical,ACTIVE
Healthcare & Clinical,Facilities Head,"How are non-clinical contractor controls and clean-work hygiene protocols enforced?",/healthcare-facilities-management,/compliance,/tools/fm-health-check,/services,ACTIVE
