path,url,sources,httpStatus,verifiedByHttp
"/","https://www.entirefm.com/","XML_SITEMAP;HTML_SITEMAP;HOMEPAGE;HUB_NAVIGATION",200,TRUE
"/about","https://www.entirefm.com/about","XML_SITEMAP;HTML_SITEMAP;HOMEPAGE;HUB_NAVIGATION",200,TRUE
"/academy","https://www.entirefm.com/academy","XML_SITEMAP;HTML_SITEMAP;HOMEPAGE;HUB_NAVIGATION",200,TRUE
"/academy/drone-inspection-guide","https://www.entirefm.com/academy/drone-inspection-guide","XML_SITEMAP",200,TRUE
"/academy/fire-safety-compliance","https://www.entirefm.com/academy/fire-safety-compliance","XML_SITEMAP",200,TRUE
"/academy/legionella-water-safety","https://www.entirefm.com/academy/legionella-water-safety","XML_SITEMAP",200,TRUE
"/academy/multi-site-fm-management","https://www.entirefm.com/academy/multi-site-fm-management","XML_SITEMAP",200,TRUE
"/academy/understanding-ppm","https://www.entirefm.com/academy/understanding-ppm","XML_SITEMAP",200,TRUE
"/aerial-drone-building-inspection","https://www.entirefm.com/aerial-drone-building-inspection","XML_SITEMAP",200,TRUE
"/airport-facilities-management","https://www.entirefm.com/airport-facilities-management","XML_SITEMAP",200,TRUE
"/arena-facilities-management","https://www.entirefm.com/arena-facilities-management","XML_SITEMAP",200,TRUE
"/awards","https://www.entirefm.com/awards","XML_SITEMAP;HTML_SITEMAP",200,TRUE
"/blog","https://www.entirefm.com/blog","XML_SITEMAP",200,TRUE
"/building-walk","https://www.entirefm.com/building-walk","XML_SITEMAP;HTML_SITEMAP;HOMEPAGE;HUB_NAVIGATION",200,TRUE
"/building-walk/hotel-fm-guest-experience","https://www.entirefm.com/building-walk/hotel-fm-guest-experience","XML_SITEMAP",200,TRUE
"/building-walk/industrial-cleaning-before-after","https://www.entirefm.com/building-walk/industrial-cleaning-before-after","XML_SITEMAP",200,TRUE
"/building-walk/office-building-fm-walkthrough","https://www.entirefm.com/building-walk/office-building-fm-walkthrough","XML_SITEMAP",200,TRUE
"/building-walk/residential-block-fm-issues","https://www.entirefm.com/building-walk/residential-block-fm-issues","XML_SITEMAP",200,TRUE
"/building-walk/retail-unit-compliance-walkthrough","https://www.entirefm.com/building-walk/retail-unit-compliance-walkthrough","XML_SITEMAP",200,TRUE
"/careers","https://www.entirefm.com/careers","XML_SITEMAP;HTML_SITEMAP",200,TRUE
"/case-studies","https://www.entirefm.com/case-studies","XML_SITEMAP;HTML_SITEMAP;HOMEPAGE;HUB_NAVIGATION",200,TRUE
"/case-studies/aviation","https://www.entirefm.com/case-studies/aviation","HTML_SITEMAP",200,TRUE
"/case-studies/corporate","https://www.entirefm.com/case-studies/corporate","HTML_SITEMAP",200,TRUE
"/case-studies/corporate-office-campus-fm","https://www.entirefm.com/case-studies/corporate-office-campus-fm","XML_SITEMAP;HUB_NAVIGATION",200,TRUE
"/case-studies/corporate-office-london","https://www.entirefm.com/case-studies/corporate-office-london","HTML_SITEMAP",200,TRUE
"/case-studies/engineering","https://www.entirefm.com/case-studies/engineering","HTML_SITEMAP",200,TRUE
"/case-studies/healthcare","https://www.entirefm.com/case-studies/healthcare","HTML_SITEMAP",200,TRUE
"/case-studies/hospitality","https://www.entirefm.com/case-studies/hospitality","HTML_SITEMAP",200,TRUE
"/case-studies/hotel-fm-transformation","https://www.entirefm.com/case-studies/hotel-fm-transformation","XML_SITEMAP;HUB_NAVIGATION",200,TRUE
"/case-studies/industrial-cleaning-restoration","https://www.entirefm.com/case-studies/industrial-cleaning-restoration","XML_SITEMAP;HUB_NAVIGATION",200,TRUE
"/case-studies/industrial-warehouse-sheffield","https://www.entirefm.com/case-studies/industrial-warehouse-sheffield","HTML_SITEMAP",404,TRUE
"/case-studies/logistics","https://www.entirefm.com/case-studies/logistics","HTML_SITEMAP",200,TRUE
"/case-studies/motorway-services-fm-contract","https://www.entirefm.com/case-studies/motorway-services-fm-contract","XML_SITEMAP;HUB_NAVIGATION",200,TRUE
"/case-studies/pbsa","https://www.entirefm.com/case-studies/pbsa","HTML_SITEMAP",404,TRUE
"/case-studies/pbsa-estate-manchester","https://www.entirefm.com/case-studies/pbsa-estate-manchester","HTML_SITEMAP",404,TRUE
"/case-studies/residential-estate-management","https://www.entirefm.com/case-studies/residential-estate-management","XML_SITEMAP;HUB_NAVIGATION",200,TRUE
"/case-studies/retail","https://www.entirefm.com/case-studies/retail","HTML_SITEMAP",404,TRUE
"/case-studies/retail-complex-birmingham","https://www.entirefm.com/case-studies/retail-complex-birmingham","HTML_SITEMAP",404,TRUE
"/case-studies/retail-estate-ppm-rollout","https://www.entirefm.com/case-studies/retail-estate-ppm-rollout","XML_SITEMAP;HUB_NAVIGATION",200,TRUE
"/case-studies/service-stations","https://www.entirefm.com/case-studies/service-stations","HTML_SITEMAP",200,TRUE
"/commercial-facilities-management","https://www.entirefm.com/commercial-facilities-management","XML_SITEMAP",200,TRUE
"/compare","https://www.entirefm.com/compare","XML_SITEMAP;HTML_SITEMAP",200,TRUE
"/compare/entirefm-vs-call-out-only","https://www.entirefm.com/compare/entirefm-vs-call-out-only","HTML_SITEMAP",200,TRUE
"/compare/entirefm-vs-cbre","https://www.entirefm.com/compare/entirefm-vs-cbre","HTML_SITEMAP",200,TRUE
"/compare/entirefm-vs-freelance","https://www.entirefm.com/compare/entirefm-vs-freelance","HTML_SITEMAP",200,TRUE
"/compare/entirefm-vs-in-house","https://www.entirefm.com/compare/entirefm-vs-in-house","HTML_SITEMAP",200,TRUE
"/compare/entirefm-vs-jll","https://www.entirefm.com/compare/entirefm-vs-jll","HTML_SITEMAP",200,TRUE
"/compare/entirefm-vs-mitie","https://www.entirefm.com/compare/entirefm-vs-mitie","HTML_SITEMAP",200,TRUE
"/compare/entirefm-vs-sodexo","https://www.entirefm.com/compare/entirefm-vs-sodexo","HTML_SITEMAP",200,TRUE
"/compliance-diagnostic","https://www.entirefm.com/compliance-diagnostic","HTML_SITEMAP",200,TRUE
"/compliance-pack","https://www.entirefm.com/compliance-pack","XML_SITEMAP;HTML_SITEMAP",200,TRUE
"/compliance-risk-diagnostic","https://www.entirefm.com/compliance-risk-diagnostic","XML_SITEMAP",200,TRUE
"/contact","https://www.entirefm.com/contact","XML_SITEMAP;HTML_SITEMAP;HOMEPAGE;HUB_NAVIGATION",200,TRUE
"/coverage","https://www.entirefm.com/coverage","XML_SITEMAP",200,TRUE
"/education-facilities-management","https://www.entirefm.com/education-facilities-management","XML_SITEMAP",200,TRUE
"/entirecafm","https://www.entirefm.com/entirecafm","XML_SITEMAP;HTML_SITEMAP;HOMEPAGE;HUB_NAVIGATION",200,TRUE
"/esg","https://www.entirefm.com/esg","XML_SITEMAP;HTML_SITEMAP",200,TRUE
"/facilities-management-birmingham","https://www.entirefm.com/facilities-management-birmingham","HTML_SITEMAP",200,TRUE
"/facilities-management-bradford","https://www.entirefm.com/facilities-management-bradford","XML_SITEMAP;HTML_SITEMAP",200,TRUE
"/facilities-management-chesterfield","https://www.entirefm.com/facilities-management-chesterfield","HTML_SITEMAP",200,TRUE
"/facilities-management-derby","https://www.entirefm.com/facilities-management-derby","HTML_SITEMAP",200,TRUE
"/facilities-management-doncaster","https://www.entirefm.com/facilities-management-doncaster","HTML_SITEMAP",200,TRUE
"/facilities-management-in-telford","https://www.entirefm.com/facilities-management-in-telford","XML_SITEMAP",200,TRUE
"/facilities-management-in-the-midlands","https://www.entirefm.com/facilities-management-in-the-midlands","XML_SITEMAP",200,TRUE
"/facilities-management-leeds","https://www.entirefm.com/facilities-management-leeds","HTML_SITEMAP",200,TRUE
"/facilities-management-lincoln","https://www.entirefm.com/facilities-management-lincoln","HTML_SITEMAP",200,TRUE
"/facilities-management-liverpool","https://www.entirefm.com/facilities-management-liverpool","HTML_SITEMAP",200,TRUE
"/facilities-management-london","https://www.entirefm.com/facilities-management-london","HTML_SITEMAP",200,TRUE
"/facilities-management-manchester","https://www.entirefm.com/facilities-management-manchester","XML_SITEMAP;HTML_SITEMAP",200,TRUE
"/facilities-management-midlands","https://www.entirefm.com/facilities-management-midlands","HTML_SITEMAP",200,TRUE
"/facilities-management-nottingham","https://www.entirefm.com/facilities-management-nottingham","HTML_SITEMAP",200,TRUE
"/facilities-management-oxford","https://www.entirefm.com/facilities-management-oxford","HTML_SITEMAP",200,TRUE
"/facilities-management-rotherham","https://www.entirefm.com/facilities-management-rotherham","HTML_SITEMAP",404,TRUE
"/facilities-management-sheffield","https://www.entirefm.com/facilities-management-sheffield","HTML_SITEMAP",200,TRUE
"/facilities-management-telford","https://www.entirefm.com/facilities-management-telford","HTML_SITEMAP",200,TRUE
"/fm-birmingham","https://www.entirefm.com/fm-birmingham","XML_SITEMAP;HTML_SITEMAP",200,TRUE
"/fm-chesterfield","https://www.entirefm.com/fm-chesterfield","XML_SITEMAP;HTML_SITEMAP",200,TRUE
"/fm-derby","https://www.entirefm.com/fm-derby","XML_SITEMAP;HTML_SITEMAP",200,TRUE
"/fm-doncaster","https://www.entirefm.com/fm-doncaster","HTML_SITEMAP",200,TRUE
"/fm-insights","https://www.entirefm.com/fm-insights","XML_SITEMAP;HTML_SITEMAP",200,TRUE
"/fm-insights/hard-fm-vs-soft-fm","https://www.entirefm.com/fm-insights/hard-fm-vs-soft-fm","HTML_SITEMAP",404,TRUE
"/fm-insights/how-often-emergency-lighting-tested","https://www.entirefm.com/fm-insights/how-often-emergency-lighting-tested","HTML_SITEMAP",404,TRUE
"/fm-insights/how-often-fire-alarms-tested","https://www.entirefm.com/fm-insights/how-often-fire-alarms-tested","HTML_SITEMAP",404,TRUE
"/fm-insights/what-are-rams","https://www.entirefm.com/fm-insights/what-are-rams","HTML_SITEMAP",404,TRUE
"/fm-insights/what-is-a-compliance-calendar","https://www.entirefm.com/fm-insights/what-is-a-compliance-calendar","HTML_SITEMAP",200,TRUE
"/fm-insights/what-is-a-fire-risk-assessment","https://www.entirefm.com/fm-insights/what-is-a-fire-risk-assessment","HTML_SITEMAP",404,TRUE
"/fm-insights/what-is-a-ppm-planner","https://www.entirefm.com/fm-insights/what-is-a-ppm-planner","HTML_SITEMAP",200,TRUE
"/fm-insights/what-is-a-tm44","https://www.entirefm.com/fm-insights/what-is-a-tm44","HTML_SITEMAP",404,TRUE
"/fm-insights/what-is-acop-l8","https://www.entirefm.com/fm-insights/what-is-acop-l8","HTML_SITEMAP",404,TRUE
"/fm-insights/what-is-an-asset-register","https://www.entirefm.com/fm-insights/what-is-an-asset-register","HTML_SITEMAP",200,TRUE
"/fm-insights/what-is-an-eicr","https://www.entirefm.com/fm-insights/what-is-an-eicr","HTML_SITEMAP",404,TRUE
"/fm-insights/what-is-f-gas-compliance","https://www.entirefm.com/fm-insights/what-is-f-gas-compliance","HTML_SITEMAP",404,TRUE
"/fm-insights/what-is-facilities-management","https://www.entirefm.com/fm-insights/what-is-facilities-management","HTML_SITEMAP",404,TRUE
"/fm-insights/what-is-hard-fm","https://www.entirefm.com/fm-insights/what-is-hard-fm","HTML_SITEMAP",404,TRUE
"/fm-insights/what-is-ifm","https://www.entirefm.com/fm-insights/what-is-ifm","HTML_SITEMAP",404,TRUE
"/fm-insights/what-is-lock-out-tag-out","https://www.entirefm.com/fm-insights/what-is-lock-out-tag-out","HTML_SITEMAP",404,TRUE
"/fm-insights/what-is-ppm","https://www.entirefm.com/fm-insights/what-is-ppm","HTML_SITEMAP",404,TRUE
"/fm-insights/what-is-soft-fm","https://www.entirefm.com/fm-insights/what-is-soft-fm","HTML_SITEMAP",404,TRUE
"/fm-insights/what-is-statutory-maintenance","https://www.entirefm.com/fm-insights/what-is-statutory-maintenance","HTML_SITEMAP",404,TRUE
"/fm-insights/what-is-tfm","https://www.entirefm.com/fm-insights/what-is-tfm","HTML_SITEMAP",404,TRUE
"/fm-insights/who-is-the-responsible-person","https://www.entirefm.com/fm-insights/who-is-the-responsible-person","HTML_SITEMAP",404,TRUE
"/fm-intelligence","https://www.entirefm.com/fm-intelligence","HTML_SITEMAP;HOMEPAGE;HUB_NAVIGATION",200,TRUE
"/fm-leeds","https://www.entirefm.com/fm-leeds","XML_SITEMAP;HTML_SITEMAP",200,TRUE
"/fm-lincoln","https://www.entirefm.com/fm-lincoln","XML_SITEMAP;HTML_SITEMAP",200,TRUE
"/fm-liverpool","https://www.entirefm.com/fm-liverpool","XML_SITEMAP;HTML_SITEMAP",200,TRUE
"/fm-london","https://www.entirefm.com/fm-london","XML_SITEMAP;HTML_SITEMAP",200,TRUE
"/fm-manchester","https://www.entirefm.com/fm-manchester","HTML_SITEMAP",200,TRUE
"/fm-market-report","https://www.entirefm.com/fm-market-report","HTML_SITEMAP;HOMEPAGE;HUB_NAVIGATION",200,TRUE
"/fm-nottingham","https://www.entirefm.com/fm-nottingham","XML_SITEMAP;HTML_SITEMAP",200,TRUE
"/fm-operations","https://www.entirefm.com/fm-operations","HTML_SITEMAP",200,TRUE
"/fm-operations/asset-lifecycle","https://www.entirefm.com/fm-operations/asset-lifecycle","HTML_SITEMAP",200,TRUE
"/fm-operations/business-continuity","https://www.entirefm.com/fm-operations/business-continuity","HTML_SITEMAP",404,TRUE
"/fm-operations/fm-strategy","https://www.entirefm.com/fm-operations/fm-strategy","HTML_SITEMAP",200,TRUE
"/fm-operations/helpdesk","https://www.entirefm.com/fm-operations/helpdesk","HTML_SITEMAP",404,TRUE
"/fm-operations/knowledge-base","https://www.entirefm.com/fm-operations/knowledge-base","HTML_SITEMAP",200,TRUE
"/fm-operations/leads","https://www.entirefm.com/fm-operations/leads","HTML_SITEMAP",200,TRUE
"/fm-operations/mobilisation","https://www.entirefm.com/fm-operations/mobilisation","HTML_SITEMAP",404,TRUE
"/fm-operations/occupier-experience","https://www.entirefm.com/fm-operations/occupier-experience","HTML_SITEMAP",200,TRUE
"/fm-operations/platform","https://www.entirefm.com/fm-operations/platform","HTML_SITEMAP",404,TRUE
"/fm-operations/ppm-delivery","https://www.entirefm.com/fm-operations/ppm-delivery","HTML_SITEMAP",200,TRUE
"/fm-operations/reactive-maintenance","https://www.entirefm.com/fm-operations/reactive-maintenance","HTML_SITEMAP",404,TRUE
"/fm-operations/report-issue","https://www.entirefm.com/fm-operations/report-issue","HTML_SITEMAP",404,TRUE
"/fm-operations/tender-support","https://www.entirefm.com/fm-operations/tender-support","HTML_SITEMAP",404,TRUE
"/fm-oxford","https://www.entirefm.com/fm-oxford","HTML_SITEMAP",404,TRUE
"/fm-rotherham","https://www.entirefm.com/fm-rotherham","HTML_SITEMAP",404,TRUE
"/fm-sheffield","https://www.entirefm.com/fm-sheffield","XML_SITEMAP;HTML_SITEMAP",200,TRUE
"/fm-telford","https://www.entirefm.com/fm-telford","HTML_SITEMAP",200,TRUE
"/hard-services","https://www.entirefm.com/hard-services","XML_SITEMAP",200,TRUE
"/health-safety","https://www.entirefm.com/health-safety","XML_SITEMAP;HTML_SITEMAP",200,TRUE
"/healthcare-facilities-management","https://www.entirefm.com/healthcare-facilities-management","XML_SITEMAP",200,TRUE
"/hotel-facilities-management","https://www.entirefm.com/hotel-facilities-management","XML_SITEMAP",200,TRUE
"/hvac-contractor","https://www.entirefm.com/hvac-contractor","XML_SITEMAP",200,TRUE
"/industrial-cleaning","https://www.entirefm.com/industrial-cleaning","XML_SITEMAP",200,TRUE
"/industrial-facilities-management","https://www.entirefm.com/industrial-facilities-management","XML_SITEMAP",200,TRUE
"/innovation","https://www.entirefm.com/innovation","XML_SITEMAP;HTML_SITEMAP",200,TRUE
"/integrations","https://www.entirefm.com/integrations","XML_SITEMAP;HTML_SITEMAP",200,TRUE
"/integrations/concept-evolution","https://www.entirefm.com/integrations/concept-evolution","HTML_SITEMAP",200,TRUE
"/integrations/dwellant","https://www.entirefm.com/integrations/dwellant","HTML_SITEMAP",404,TRUE
"/integrations/elogbooks","https://www.entirefm.com/integrations/elogbooks","HTML_SITEMAP",404,TRUE
"/integrations/mri-qube","https://www.entirefm.com/integrations/mri-qube","HTML_SITEMAP",200,TRUE
"/integrations/mycompliance","https://www.entirefm.com/integrations/mycompliance","HTML_SITEMAP",200,TRUE
"/integrations/planon","https://www.entirefm.com/integrations/planon","HTML_SITEMAP",404,TRUE
"/integrations/verisae","https://www.entirefm.com/integrations/verisae","HTML_SITEMAP",404,TRUE
"/landmark-facilities-management","https://www.entirefm.com/landmark-facilities-management","XML_SITEMAP",200,TRUE
"/leadership","https://www.entirefm.com/leadership","XML_SITEMAP;HTML_SITEMAP",200,TRUE
"/link-health","https://www.entirefm.com/link-health","XML_SITEMAP",200,TRUE
"/locations","https://www.entirefm.com/locations","XML_SITEMAP;HTML_SITEMAP",200,TRUE
"/locations/birmingham","https://www.entirefm.com/locations/birmingham","HTML_SITEMAP;HUB_NAVIGATION",200,TRUE
"/locations/chesterfield","https://www.entirefm.com/locations/chesterfield","HTML_SITEMAP;HUB_NAVIGATION",200,TRUE
"/locations/derby","https://www.entirefm.com/locations/derby","HTML_SITEMAP;HUB_NAVIGATION",200,TRUE
"/locations/leeds","https://www.entirefm.com/locations/leeds","HTML_SITEMAP;HUB_NAVIGATION",200,TRUE
"/locations/leicester","https://www.entirefm.com/locations/leicester","HTML_SITEMAP;HUB_NAVIGATION",404,TRUE
"/locations/lincoln","https://www.entirefm.com/locations/lincoln","HTML_SITEMAP;HUB_NAVIGATION",200,TRUE
"/locations/liverpool","https://www.entirefm.com/locations/liverpool","HTML_SITEMAP;HUB_NAVIGATION",200,TRUE
"/locations/london","https://www.entirefm.com/locations/london","HTML_SITEMAP;HUB_NAVIGATION",200,TRUE
"/locations/manchester","https://www.entirefm.com/locations/manchester","HTML_SITEMAP;HUB_NAVIGATION",200,TRUE
"/locations/nottingham","https://www.entirefm.com/locations/nottingham","HTML_SITEMAP;HUB_NAVIGATION",200,TRUE
"/locations/sheffield","https://www.entirefm.com/locations/sheffield","HTML_SITEMAP;HUB_NAVIGATION",200,TRUE
"/london-facilities-management","https://www.entirefm.com/london-facilities-management","HTML_SITEMAP",404,TRUE
"/marketplace","https://www.entirefm.com/marketplace","XML_SITEMAP;HTML_SITEMAP;HOMEPAGE;HUB_NAVIGATION",200,TRUE
"/mechanical-electrical","https://www.entirefm.com/mechanical-electrical","XML_SITEMAP",200,TRUE
"/partners","https://www.entirefm.com/partners","XML_SITEMAP;HTML_SITEMAP;HOMEPAGE;HUB_NAVIGATION",200,TRUE
"/partners/commercial-surveyors","https://www.entirefm.com/partners/commercial-surveyors","XML_SITEMAP",200,TRUE
"/partners/construction-developers","https://www.entirefm.com/partners/construction-developers","XML_SITEMAP",200,TRUE
"/partners/insurance-brokers","https://www.entirefm.com/partners/insurance-brokers","XML_SITEMAP",200,TRUE
"/partners/property-management","https://www.entirefm.com/partners/property-management","XML_SITEMAP",200,TRUE
"/partnerships","https://www.entirefm.com/partnerships","XML_SITEMAP;HTML_SITEMAP",200,TRUE
"/plumbing-gas","https://www.entirefm.com/plumbing-gas","XML_SITEMAP",200,TRUE
"/ppm","https://www.entirefm.com/ppm","XML_SITEMAP",200,TRUE
"/privacy","https://www.entirefm.com/privacy","HTML_SITEMAP;HOMEPAGE;HUB_NAVIGATION",200,TRUE
"/request-proposal","https://www.entirefm.com/request-proposal","XML_SITEMAP;HTML_SITEMAP;HUB_NAVIGATION",200,TRUE
"/residential-facilities-management","https://www.entirefm.com/residential-facilities-management","XML_SITEMAP",200,TRUE
"/resources","https://www.entirefm.com/resources","XML_SITEMAP;HTML_SITEMAP;HUB_NAVIGATION",200,TRUE
"/resources/audit-framework","https://www.entirefm.com/resources/audit-framework","HTML_SITEMAP",200,TRUE
"/resources/compliance-calendar","https://www.entirefm.com/resources/compliance-calendar","HTML_SITEMAP",200,TRUE
"/resources/compliance-calendar-2025","https://www.entirefm.com/resources/compliance-calendar-2025","XML_SITEMAP;HUB_NAVIGATION",200,TRUE
"/resources/document-vault","https://www.entirefm.com/resources/document-vault","HTML_SITEMAP;HOMEPAGE;HUB_NAVIGATION",200,TRUE
"/resources/eicr-manual","https://www.entirefm.com/resources/eicr-manual","HTML_SITEMAP",200,TRUE
"/resources/electrical-eicr-survival-manual","https://www.entirefm.com/resources/electrical-eicr-survival-manual","XML_SITEMAP;HUB_NAVIGATION",200,TRUE
"/resources/emergency-lighting-checklist","https://www.entirefm.com/resources/emergency-lighting-checklist","HTML_SITEMAP",200,TRUE
"/resources/emergency-lighting-testing","https://www.entirefm.com/resources/emergency-lighting-testing","XML_SITEMAP;HUB_NAVIGATION",200,TRUE
"/resources/energy-esg","https://www.entirefm.com/resources/energy-esg","HTML_SITEMAP",404,TRUE
"/resources/engineer-standards","https://www.entirefm.com/resources/engineer-standards","HTML_SITEMAP",404,TRUE
"/resources/facilities-management-checklist-2025","https://www.entirefm.com/resources/facilities-management-checklist-2025","XML_SITEMAP;HUB_NAVIGATION",200,TRUE
"/resources/fgas-tracker","https://www.entirefm.com/resources/fgas-tracker","HTML_SITEMAP",404,TRUE
"/resources/fire-alarm-testing-frequency","https://www.entirefm.com/resources/fire-alarm-testing-frequency","HTML_SITEMAP",404,TRUE
"/resources/fire-risk-assessment-guide","https://www.entirefm.com/resources/fire-risk-assessment-guide","XML_SITEMAP;HUB_NAVIGATION",200,TRUE
"/resources/fire-risk-guide","https://www.entirefm.com/resources/fire-risk-guide","HTML_SITEMAP",200,TRUE
"/resources/hard-fm-vs-soft-fm-vs-specialist-engineering","https://www.entirefm.com/resources/hard-fm-vs-soft-fm-vs-specialist-engineering","XML_SITEMAP;HUB_NAVIGATION",200,TRUE
"/resources/legionella-governance-guide","https://www.entirefm.com/resources/legionella-governance-guide","XML_SITEMAP;HUB_NAVIGATION",200,TRUE
"/resources/legionella-guide","https://www.entirefm.com/resources/legionella-guide","HTML_SITEMAP",200,TRUE
"/resources/ppm-vs-reactive-maintenance","https://www.entirefm.com/resources/ppm-vs-reactive-maintenance","XML_SITEMAP;HUB_NAVIGATION",200,TRUE
"/resources/switch-playbook","https://www.entirefm.com/resources/switch-playbook","HTML_SITEMAP",404,TRUE
"/resources/tender-support","https://www.entirefm.com/resources/tender-support","HTML_SITEMAP",404,TRUE
"/resources/top-fm-providers-uk","https://www.entirefm.com/resources/top-fm-providers-uk","XML_SITEMAP;HTML_SITEMAP;HUB_NAVIGATION",200,TRUE
"/resources/what-is-a-compliance-calendar","https://www.entirefm.com/resources/what-is-a-compliance-calendar","XML_SITEMAP;HUB_NAVIGATION",200,TRUE
"/resources/what-is-a-ppm-planner","https://www.entirefm.com/resources/what-is-a-ppm-planner","XML_SITEMAP;HUB_NAVIGATION",200,TRUE
"/resources/what-is-an-asset-register","https://www.entirefm.com/resources/what-is-an-asset-register","XML_SITEMAP;HUB_NAVIGATION",200,TRUE
"/resources/what-is-integrated-facilities-management","https://www.entirefm.com/resources/what-is-integrated-facilities-management","XML_SITEMAP;HUB_NAVIGATION",200,TRUE
"/resources/what-is-total-facilities-management","https://www.entirefm.com/resources/what-is-total-facilities-management","XML_SITEMAP;HUB_NAVIGATION",200,TRUE
"/retail-facilities-management","https://www.entirefm.com/retail-facilities-management","XML_SITEMAP",200,TRUE
"/safety-critical-emergency-systems","https://www.entirefm.com/safety-critical-emergency-systems","XML_SITEMAP",200,TRUE
"/search","https://www.entirefm.com/search","XML_SITEMAP;HTML_SITEMAP",200,TRUE
"/sectors","https://www.entirefm.com/sectors","XML_SITEMAP;HTML_SITEMAP;HOMEPAGE;HUB_NAVIGATION",200,TRUE
"/sectors/airports","https://www.entirefm.com/sectors/airports","HTML_SITEMAP;HUB_NAVIGATION",200,TRUE
"/sectors/aviation","https://www.entirefm.com/sectors/aviation","HTML_SITEMAP;HUB_NAVIGATION",200,TRUE
"/sectors/construction-developments","https://www.entirefm.com/sectors/construction-developments","HUB_NAVIGATION",200,TRUE
"/sectors/education","https://www.entirefm.com/sectors/education","HTML_SITEMAP;HUB_NAVIGATION",200,TRUE
"/sectors/healthcare-public","https://www.entirefm.com/sectors/healthcare-public","HTML_SITEMAP;HOMEPAGE;HUB_NAVIGATION",200,TRUE
"/sectors/hospitality-leisure","https://www.entirefm.com/sectors/hospitality-leisure","HTML_SITEMAP;HUB_NAVIGATION",200,TRUE
"/sectors/hotels-leisure","https://www.entirefm.com/sectors/hotels-leisure","HTML_SITEMAP",200,TRUE
"/sectors/industrial-logistics","https://www.entirefm.com/sectors/industrial-logistics","HTML_SITEMAP;HOMEPAGE;HUB_NAVIGATION",200,TRUE
"/sectors/logistics-parks","https://www.entirefm.com/sectors/logistics-parks","HTML_SITEMAP;HUB_NAVIGATION",200,TRUE
"/sectors/offices","https://www.entirefm.com/sectors/offices","HTML_SITEMAP;HOMEPAGE",200,TRUE
"/sectors/offices-corporate","https://www.entirefm.com/sectors/offices-corporate","HTML_SITEMAP;HUB_NAVIGATION",200,TRUE
"/sectors/pbsa","https://www.entirefm.com/sectors/pbsa","HTML_SITEMAP;HOMEPAGE",404,TRUE
"/sectors/residential","https://www.entirefm.com/sectors/residential","HTML_SITEMAP;HUB_NAVIGATION",200,TRUE
"/sectors/residential-pbsa","https://www.entirefm.com/sectors/residential-pbsa","HTML_SITEMAP;HUB_NAVIGATION",200,TRUE
"/sectors/retail-hospitality","https://www.entirefm.com/sectors/retail-hospitality","HTML_SITEMAP;HOMEPAGE",200,TRUE
"/sectors/retail-service-stations","https://www.entirefm.com/sectors/retail-service-stations","HTML_SITEMAP;HUB_NAVIGATION",200,TRUE
"/sectors/venues","https://www.entirefm.com/sectors/venues","HTML_SITEMAP;HUB_NAVIGATION",200,TRUE
"/service-station-fm","https://www.entirefm.com/service-station-fm","XML_SITEMAP",200,TRUE
"/services","https://www.entirefm.com/services","XML_SITEMAP;HTML_SITEMAP;HOMEPAGE;HUB_NAVIGATION",200,TRUE
"/services/abseil-rail-certification","https://www.entirefm.com/services/abseil-rail-certification","HTML_SITEMAP",200,TRUE
"/services/access-control","https://www.entirefm.com/services/access-control","HTML_SITEMAP",200,TRUE
"/services/access-control-advanced","https://www.entirefm.com/services/access-control-advanced","HTML_SITEMAP",200,TRUE
"/services/air-filtration-hepa","https://www.entirefm.com/services/air-filtration-hepa","HTML_SITEMAP",200,TRUE
"/services/anpr-systems","https://www.entirefm.com/services/anpr-systems","HTML_SITEMAP",200,TRUE
"/services/bms-integration-testing","https://www.entirefm.com/services/bms-integration-testing","HTML_SITEMAP",200,TRUE
"/services/bmu-cradle-servicing","https://www.entirefm.com/services/bmu-cradle-servicing","HTML_SITEMAP",200,TRUE
"/services/building-fabric","https://www.entirefm.com/services/building-fabric","XML_SITEMAP;HTML_SITEMAP;HUB_NAVIGATION",200,TRUE
"/services/building-inspections","https://www.entirefm.com/services/building-inspections","XML_SITEMAP;HTML_SITEMAP",200,TRUE
"/services/car-park-co-monitoring","https://www.entirefm.com/services/car-park-co-monitoring","HTML_SITEMAP",200,TRUE
"/services/car-park-fume-extraction","https://www.entirefm.com/services/car-park-fume-extraction","HTML_SITEMAP",200,TRUE
"/services/cctv-maintenance","https://www.entirefm.com/services/cctv-maintenance","HTML_SITEMAP",200,TRUE
"/services/commercial-plumbing","https://www.entirefm.com/services/commercial-plumbing","XML_SITEMAP;HTML_SITEMAP",200,TRUE
"/services/compressor-maintenance","https://www.entirefm.com/services/compressor-maintenance","HTML_SITEMAP",200,TRUE
"/services/critical-infrastructure","https://www.entirefm.com/services/critical-infrastructure","XML_SITEMAP",200,TRUE
"/services/critical/arc-flash-assessment","https://www.entirefm.com/services/critical/arc-flash-assessment","HTML_SITEMAP",200,TRUE
"/services/critical/arc-flash-assessment/Birmingham","https://www.entirefm.com/services/critical/arc-flash-assessment/Birmingham","HTML_SITEMAP",404,TRUE
"/services/critical/arc-flash-assessment/Chesterfield","https://www.entirefm.com/services/critical/arc-flash-assessment/Chesterfield","HTML_SITEMAP",404,TRUE
"/services/critical/arc-flash-assessment/Derby","https://www.entirefm.com/services/critical/arc-flash-assessment/Derby","HTML_SITEMAP",404,TRUE
"/services/critical/arc-flash-assessment/Leeds","https://www.entirefm.com/services/critical/arc-flash-assessment/Leeds","HTML_SITEMAP",404,TRUE
"/services/critical/arc-flash-assessment/Lincoln","https://www.entirefm.com/services/critical/arc-flash-assessment/Lincoln","HTML_SITEMAP",404,TRUE
"/services/critical/arc-flash-assessment/London","https://www.entirefm.com/services/critical/arc-flash-assessment/London","HTML_SITEMAP",404,TRUE
"/services/critical/arc-flash-assessment/Manchester","https://www.entirefm.com/services/critical/arc-flash-assessment/Manchester","HTML_SITEMAP",404,TRUE
"/services/critical/arc-flash-assessment/Nottingham","https://www.entirefm.com/services/critical/arc-flash-assessment/Nottingham","HTML_SITEMAP",404,TRUE
"/services/critical/arc-flash-assessment/Sheffield","https://www.entirefm.com/services/critical/arc-flash-assessment/Sheffield","HTML_SITEMAP",404,TRUE
"/services/critical/data-room-audits","https://www.entirefm.com/services/critical/data-room-audits","HTML_SITEMAP",200,TRUE
"/services/critical/data-room-audits/Birmingham","https://www.entirefm.com/services/critical/data-room-audits/Birmingham","HTML_SITEMAP",404,TRUE
"/services/critical/data-room-audits/Chesterfield","https://www.entirefm.com/services/critical/data-room-audits/Chesterfield","HTML_SITEMAP",404,TRUE
"/services/critical/data-room-audits/Derby","https://www.entirefm.com/services/critical/data-room-audits/Derby","HTML_SITEMAP",404,TRUE
"/services/critical/data-room-audits/Leeds","https://www.entirefm.com/services/critical/data-room-audits/Leeds","HTML_SITEMAP",404,TRUE
"/services/critical/data-room-audits/Lincoln","https://www.entirefm.com/services/critical/data-room-audits/Lincoln","HTML_SITEMAP",404,TRUE
"/services/critical/data-room-audits/London","https://www.entirefm.com/services/critical/data-room-audits/London","HTML_SITEMAP",404,TRUE
"/services/critical/data-room-audits/Manchester","https://www.entirefm.com/services/critical/data-room-audits/Manchester","HTML_SITEMAP",404,TRUE
"/services/critical/data-room-audits/Nottingham","https://www.entirefm.com/services/critical/data-room-audits/Nottingham","HTML_SITEMAP",404,TRUE
"/services/critical/data-room-audits/Sheffield","https://www.entirefm.com/services/critical/data-room-audits/Sheffield","HTML_SITEMAP",404,TRUE
"/services/critical/generator-maintenance","https://www.entirefm.com/services/critical/generator-maintenance","HTML_SITEMAP",200,TRUE
"/services/critical/generator-maintenance/Birmingham","https://www.entirefm.com/services/critical/generator-maintenance/Birmingham","HTML_SITEMAP",404,TRUE
"/services/critical/generator-maintenance/Chesterfield","https://www.entirefm.com/services/critical/generator-maintenance/Chesterfield","HTML_SITEMAP",404,TRUE
"/services/critical/generator-maintenance/Derby","https://www.entirefm.com/services/critical/generator-maintenance/Derby","HTML_SITEMAP",404,TRUE
"/services/critical/generator-maintenance/Leeds","https://www.entirefm.com/services/critical/generator-maintenance/Leeds","HTML_SITEMAP",404,TRUE
"/services/critical/generator-maintenance/Lincoln","https://www.entirefm.com/services/critical/generator-maintenance/Lincoln","HTML_SITEMAP",404,TRUE
"/services/critical/generator-maintenance/London","https://www.entirefm.com/services/critical/generator-maintenance/London","HTML_SITEMAP",404,TRUE
"/services/critical/generator-maintenance/Manchester","https://www.entirefm.com/services/critical/generator-maintenance/Manchester","HTML_SITEMAP",404,TRUE
"/services/critical/generator-maintenance/Nottingham","https://www.entirefm.com/services/critical/generator-maintenance/Nottingham","HTML_SITEMAP",404,TRUE
"/services/critical/generator-maintenance/Sheffield","https://www.entirefm.com/services/critical/generator-maintenance/Sheffield","HTML_SITEMAP",404,TRUE
"/services/critical/hv-switching","https://www.entirefm.com/services/critical/hv-switching","HTML_SITEMAP",200,TRUE
"/services/critical/hv-switching/Birmingham","https://www.entirefm.com/services/critical/hv-switching/Birmingham","HTML_SITEMAP",404,TRUE
"/services/critical/hv-switching/Chesterfield","https://www.entirefm.com/services/critical/hv-switching/Chesterfield","HTML_SITEMAP",404,TRUE
"/services/critical/hv-switching/Derby","https://www.entirefm.com/services/critical/hv-switching/Derby","HTML_SITEMAP",404,TRUE
"/services/critical/hv-switching/Leeds","https://www.entirefm.com/services/critical/hv-switching/Leeds","HTML_SITEMAP",404,TRUE
"/services/critical/hv-switching/Lincoln","https://www.entirefm.com/services/critical/hv-switching/Lincoln","HTML_SITEMAP",404,TRUE
"/services/critical/hv-switching/London","https://www.entirefm.com/services/critical/hv-switching/London","HTML_SITEMAP",404,TRUE
"/services/critical/hv-switching/Manchester","https://www.entirefm.com/services/critical/hv-switching/Manchester","HTML_SITEMAP",404,TRUE
"/services/critical/hv-switching/Nottingham","https://www.entirefm.com/services/critical/hv-switching/Nottingham","HTML_SITEMAP",404,TRUE
"/services/critical/hv-switching/Sheffield","https://www.entirefm.com/services/critical/hv-switching/Sheffield","HTML_SITEMAP",404,TRUE
"/services/critical/lightning-protection","https://www.entirefm.com/services/critical/lightning-protection","HTML_SITEMAP",200,TRUE
"/services/critical/lightning-protection/Birmingham","https://www.entirefm.com/services/critical/lightning-protection/Birmingham","HTML_SITEMAP",404,TRUE
"/services/critical/lightning-protection/Chesterfield","https://www.entirefm.com/services/critical/lightning-protection/Chesterfield","HTML_SITEMAP",404,TRUE
"/services/critical/lightning-protection/Derby","https://www.entirefm.com/services/critical/lightning-protection/Derby","HTML_SITEMAP",404,TRUE
"/services/critical/lightning-protection/Leeds","https://www.entirefm.com/services/critical/lightning-protection/Leeds","HTML_SITEMAP",404,TRUE
"/services/critical/lightning-protection/Lincoln","https://www.entirefm.com/services/critical/lightning-protection/Lincoln","HTML_SITEMAP",404,TRUE
"/services/critical/lightning-protection/London","https://www.entirefm.com/services/critical/lightning-protection/London","HTML_SITEMAP",404,TRUE
"/services/critical/lightning-protection/Manchester","https://www.entirefm.com/services/critical/lightning-protection/Manchester","HTML_SITEMAP",404,TRUE
"/services/critical/lightning-protection/Nottingham","https://www.entirefm.com/services/critical/lightning-protection/Nottingham","HTML_SITEMAP",404,TRUE
"/services/critical/lightning-protection/Sheffield","https://www.entirefm.com/services/critical/lightning-protection/Sheffield","HTML_SITEMAP",404,TRUE
"/services/critical/power-quality","https://www.entirefm.com/services/critical/power-quality","HTML_SITEMAP",200,TRUE
"/services/critical/power-quality/Birmingham","https://www.entirefm.com/services/critical/power-quality/Birmingham","HTML_SITEMAP",404,TRUE
"/services/critical/power-quality/Chesterfield","https://www.entirefm.com/services/critical/power-quality/Chesterfield","HTML_SITEMAP",404,TRUE
"/services/critical/power-quality/Derby","https://www.entirefm.com/services/critical/power-quality/Derby","HTML_SITEMAP",404,TRUE
"/services/critical/power-quality/Leeds","https://www.entirefm.com/services/critical/power-quality/Leeds","HTML_SITEMAP",404,TRUE
"/services/critical/power-quality/Lincoln","https://www.entirefm.com/services/critical/power-quality/Lincoln","HTML_SITEMAP",404,TRUE
"/services/critical/power-quality/London","https://www.entirefm.com/services/critical/power-quality/London","HTML_SITEMAP",404,TRUE
"/services/critical/power-quality/Manchester","https://www.entirefm.com/services/critical/power-quality/Manchester","HTML_SITEMAP",404,TRUE
"/services/critical/power-quality/Nottingham","https://www.entirefm.com/services/critical/power-quality/Nottingham","HTML_SITEMAP",404,TRUE
"/services/critical/power-quality/Sheffield","https://www.entirefm.com/services/critical/power-quality/Sheffield","HTML_SITEMAP",404,TRUE
"/services/critical/power-redundancy","https://www.entirefm.com/services/critical/power-redundancy","HTML_SITEMAP",200,TRUE
"/services/critical/power-redundancy/Birmingham","https://www.entirefm.com/services/critical/power-redundancy/Birmingham","HTML_SITEMAP",404,TRUE
"/services/critical/power-redundancy/Chesterfield","https://www.entirefm.com/services/critical/power-redundancy/Chesterfield","HTML_SITEMAP",404,TRUE
"/services/critical/power-redundancy/Derby","https://www.entirefm.com/services/critical/power-redundancy/Derby","HTML_SITEMAP",404,TRUE
"/services/critical/power-redundancy/Leeds","https://www.entirefm.com/services/critical/power-redundancy/Leeds","HTML_SITEMAP",404,TRUE
"/services/critical/power-redundancy/Lincoln","https://www.entirefm.com/services/critical/power-redundancy/Lincoln","HTML_SITEMAP",404,TRUE
"/services/critical/power-redundancy/London","https://www.entirefm.com/services/critical/power-redundancy/London","HTML_SITEMAP",404,TRUE
"/services/critical/power-redundancy/Manchester","https://www.entirefm.com/services/critical/power-redundancy/Manchester","HTML_SITEMAP",404,TRUE
"/services/critical/power-redundancy/Nottingham","https://www.entirefm.com/services/critical/power-redundancy/Nottingham","HTML_SITEMAP",404,TRUE
"/services/critical/power-redundancy/Sheffield","https://www.entirefm.com/services/critical/power-redundancy/Sheffield","HTML_SITEMAP",404,TRUE
"/services/critical/thermal-imaging","https://www.entirefm.com/services/critical/thermal-imaging","HTML_SITEMAP",200,TRUE
"/services/critical/thermal-imaging/Birmingham","https://www.entirefm.com/services/critical/thermal-imaging/Birmingham","HTML_SITEMAP",404,TRUE
"/services/critical/thermal-imaging/Chesterfield","https://www.entirefm.com/services/critical/thermal-imaging/Chesterfield","HTML_SITEMAP",404,TRUE
"/services/critical/thermal-imaging/Derby","https://www.entirefm.com/services/critical/thermal-imaging/Derby","HTML_SITEMAP",404,TRUE
"/services/critical/thermal-imaging/Leeds","https://www.entirefm.com/services/critical/thermal-imaging/Leeds","HTML_SITEMAP",404,TRUE
"/services/critical/thermal-imaging/Lincoln","https://www.entirefm.com/services/critical/thermal-imaging/Lincoln","HTML_SITEMAP",404,TRUE
"/services/critical/thermal-imaging/London","https://www.entirefm.com/services/critical/thermal-imaging/London","HTML_SITEMAP",404,TRUE
"/services/critical/thermal-imaging/Manchester","https://www.entirefm.com/services/critical/thermal-imaging/Manchester","HTML_SITEMAP",404,TRUE
"/services/critical/thermal-imaging/Nottingham","https://www.entirefm.com/services/critical/thermal-imaging/Nottingham","HTML_SITEMAP",404,TRUE
"/services/critical/thermal-imaging/Sheffield","https://www.entirefm.com/services/critical/thermal-imaging/Sheffield","HTML_SITEMAP",404,TRUE
"/services/critical/ups-maintenance","https://www.entirefm.com/services/critical/ups-maintenance","HTML_SITEMAP",200,TRUE
"/services/critical/ups-maintenance/Birmingham","https://www.entirefm.com/services/critical/ups-maintenance/Birmingham","HTML_SITEMAP",404,TRUE
"/services/critical/ups-maintenance/Chesterfield","https://www.entirefm.com/services/critical/ups-maintenance/Chesterfield","HTML_SITEMAP",404,TRUE
"/services/critical/ups-maintenance/Derby","https://www.entirefm.com/services/critical/ups-maintenance/Derby","HTML_SITEMAP",404,TRUE
"/services/critical/ups-maintenance/Leeds","https://www.entirefm.com/services/critical/ups-maintenance/Leeds","HTML_SITEMAP",404,TRUE
"/services/critical/ups-maintenance/Lincoln","https://www.entirefm.com/services/critical/ups-maintenance/Lincoln","HTML_SITEMAP",404,TRUE
"/services/critical/ups-maintenance/London","https://www.entirefm.com/services/critical/ups-maintenance/London","HTML_SITEMAP",404,TRUE
"/services/critical/ups-maintenance/Manchester","https://www.entirefm.com/services/critical/ups-maintenance/Manchester","HTML_SITEMAP",404,TRUE
"/services/critical/ups-maintenance/Nottingham","https://www.entirefm.com/services/critical/ups-maintenance/Nottingham","HTML_SITEMAP",404,TRUE
"/services/critical/ups-maintenance/Sheffield","https://www.entirefm.com/services/critical/ups-maintenance/Sheffield","HTML_SITEMAP",404,TRUE
"/services/data-centre-cooling-compliance","https://www.entirefm.com/services/data-centre-cooling-compliance","XML_SITEMAP;HTML_SITEMAP",200,TRUE
"/services/dilapidation-compliance","https://www.entirefm.com/services/dilapidation-compliance","XML_SITEMAP;HTML_SITEMAP",200,TRUE
"/services/disaster-recovery","https://www.entirefm.com/services/disaster-recovery","XML_SITEMAP;HTML_SITEMAP",200,TRUE
"/services/dock-leveller-maintenance","https://www.entirefm.com/services/dock-leveller-maintenance","XML_SITEMAP;HTML_SITEMAP",200,TRUE
"/services/drainage-cctv-surveys","https://www.entirefm.com/services/drainage-cctv-surveys","XML_SITEMAP;HTML_SITEMAP",200,TRUE
"/services/drone-inspections","https://www.entirefm.com/services/drone-inspections","XML_SITEMAP;HTML_SITEMAP",200,TRUE
"/services/dry-riser-testing","https://www.entirefm.com/services/dry-riser-testing","XML_SITEMAP;HTML_SITEMAP",200,TRUE
"/services/electrical","https://www.entirefm.com/services/electrical","XML_SITEMAP;HTML_SITEMAP;HUB_NAVIGATION",200,TRUE
"/services/electrical-compliance","https://www.entirefm.com/services/electrical-compliance","XML_SITEMAP;HTML_SITEMAP",200,TRUE
"/services/electrical/Birmingham","https://www.entirefm.com/services/electrical/Birmingham","HTML_SITEMAP",200,TRUE
"/services/electrical/Chesterfield","https://www.entirefm.com/services/electrical/Chesterfield","HTML_SITEMAP",200,TRUE
"/services/electrical/Derby","https://www.entirefm.com/services/electrical/Derby","HTML_SITEMAP",200,TRUE
"/services/electrical/Leeds","https://www.entirefm.com/services/electrical/Leeds","HTML_SITEMAP",200,TRUE
"/services/electrical/Lincoln","https://www.entirefm.com/services/electrical/Lincoln","HTML_SITEMAP",200,TRUE
"/services/electrical/London","https://www.entirefm.com/services/electrical/London","HTML_SITEMAP",200,TRUE
"/services/electrical/Manchester","https://www.entirefm.com/services/electrical/Manchester","HTML_SITEMAP",200,TRUE
"/services/electrical/Nottingham","https://www.entirefm.com/services/electrical/Nottingham","HTML_SITEMAP",200,TRUE
"/services/electrical/Sheffield","https://www.entirefm.com/services/electrical/Sheffield","HTML_SITEMAP",200,TRUE
"/services/emergency-lighting","https://www.entirefm.com/services/emergency-lighting","XML_SITEMAP;HTML_SITEMAP;HUB_NAVIGATION",200,TRUE
"/services/emergency-lighting/Birmingham","https://www.entirefm.com/services/emergency-lighting/Birmingham","HTML_SITEMAP",200,TRUE
"/services/emergency-lighting/Chesterfield","https://www.entirefm.com/services/emergency-lighting/Chesterfield","HTML_SITEMAP",200,TRUE
"/services/emergency-lighting/Derby","https://www.entirefm.com/services/emergency-lighting/Derby","HTML_SITEMAP",200,TRUE
"/services/emergency-lighting/Leeds","https://www.entirefm.com/services/emergency-lighting/Leeds","HTML_SITEMAP",200,TRUE
"/services/emergency-lighting/Lincoln","https://www.entirefm.com/services/emergency-lighting/Lincoln","HTML_SITEMAP",200,TRUE
"/services/emergency-lighting/London","https://www.entirefm.com/services/emergency-lighting/London","HTML_SITEMAP",200,TRUE
"/services/emergency-lighting/Manchester","https://www.entirefm.com/services/emergency-lighting/Manchester","HTML_SITEMAP",200,TRUE
"/services/emergency-lighting/Nottingham","https://www.entirefm.com/services/emergency-lighting/Nottingham","HTML_SITEMAP",200,TRUE
"/services/emergency-lighting/Sheffield","https://www.entirefm.com/services/emergency-lighting/Sheffield","HTML_SITEMAP",200,TRUE
"/services/emergency-response","https://www.entirefm.com/services/emergency-response","XML_SITEMAP;HTML_SITEMAP",200,TRUE
"/services/emergency-systems","https://www.entirefm.com/services/emergency-systems","XML_SITEMAP;HTML_SITEMAP",200,TRUE
"/services/energy-audits","https://www.entirefm.com/services/energy-audits","XML_SITEMAP",200,TRUE
"/services/energy-optimisation","https://www.entirefm.com/services/energy-optimisation","XML_SITEMAP;HTML_SITEMAP",200,TRUE
"/services/environmental-noise-surveys","https://www.entirefm.com/services/environmental-noise-surveys","HTML_SITEMAP",200,TRUE
"/services/evacuation-chair-servicing","https://www.entirefm.com/services/evacuation-chair-servicing","XML_SITEMAP;HTML_SITEMAP",200,TRUE
"/services/fire-alarms","https://www.entirefm.com/services/fire-alarms","XML_SITEMAP;HTML_SITEMAP;HUB_NAVIGATION",200,TRUE
"/services/fire-compartmentation-surveys","https://www.entirefm.com/services/fire-compartmentation-surveys","HTML_SITEMAP",200,TRUE
"/services/fire-safety","https://www.entirefm.com/services/fire-safety","XML_SITEMAP;HTML_SITEMAP",200,TRUE
"/services/fire/Birmingham","https://www.entirefm.com/services/fire/Birmingham","HTML_SITEMAP",200,TRUE
"/services/fire/Chesterfield","https://www.entirefm.com/services/fire/Chesterfield","HTML_SITEMAP",200,TRUE
"/services/fire/Derby","https://www.entirefm.com/services/fire/Derby","HTML_SITEMAP",200,TRUE
"/services/fire/Leeds","https://www.entirefm.com/services/fire/Leeds","HTML_SITEMAP",200,TRUE
"/services/fire/Lincoln","https://www.entirefm.com/services/fire/Lincoln","HTML_SITEMAP",200,TRUE
"/services/fire/London","https://www.entirefm.com/services/fire/London","HTML_SITEMAP",200,TRUE
"/services/fire/Manchester","https://www.entirefm.com/services/fire/Manchester","HTML_SITEMAP",200,TRUE
"/services/fire/Nottingham","https://www.entirefm.com/services/fire/Nottingham","HTML_SITEMAP",200,TRUE
"/services/fire/Sheffield","https://www.entirefm.com/services/fire/Sheffield","HTML_SITEMAP",200,TRUE
"/services/front-of-house","https://www.entirefm.com/services/front-of-house","HTML_SITEMAP",200,TRUE
"/services/fume-extraction-lev","https://www.entirefm.com/services/fume-extraction-lev","HTML_SITEMAP",200,TRUE
"/services/gas-safety","https://www.entirefm.com/services/gas-safety","XML_SITEMAP;HTML_SITEMAP;HUB_NAVIGATION",200,TRUE
"/services/gas/Birmingham","https://www.entirefm.com/services/gas/Birmingham","HTML_SITEMAP",200,TRUE
"/services/gas/Chesterfield","https://www.entirefm.com/services/gas/Chesterfield","HTML_SITEMAP",200,TRUE
"/services/gas/Derby","https://www.entirefm.com/services/gas/Derby","HTML_SITEMAP",200,TRUE
"/services/gas/Leeds","https://www.entirefm.com/services/gas/Leeds","HTML_SITEMAP",200,TRUE
"/services/gas/Lincoln","https://www.entirefm.com/services/gas/Lincoln","HTML_SITEMAP",200,TRUE
"/services/gas/London","https://www.entirefm.com/services/gas/London","HTML_SITEMAP",200,TRUE
"/services/gas/Manchester","https://www.entirefm.com/services/gas/Manchester","HTML_SITEMAP",200,TRUE
"/services/gas/Nottingham","https://www.entirefm.com/services/gas/Nottingham","HTML_SITEMAP",200,TRUE
"/services/gas/Sheffield","https://www.entirefm.com/services/gas/Sheffield","HTML_SITEMAP",200,TRUE
"/services/general-maintenance","https://www.entirefm.com/services/general-maintenance","XML_SITEMAP",200,TRUE
"/services/generator-maintenance","https://www.entirefm.com/services/generator-maintenance","XML_SITEMAP;HTML_SITEMAP",200,TRUE
"/services/grease-trap-maintenance","https://www.entirefm.com/services/grease-trap-maintenance","HTML_SITEMAP",200,TRUE
"/services/hard-fm","https://www.entirefm.com/services/hard-fm","XML_SITEMAP;HTML_SITEMAP",200,TRUE
"/services/hard-services","https://www.entirefm.com/services/hard-services","XML_SITEMAP;HTML_SITEMAP;HOMEPAGE;HUB_NAVIGATION",200,TRUE
"/services/hard-services-fm","https://www.entirefm.com/services/hard-services-fm","HTML_SITEMAP",200,TRUE
"/services/height-safety","https://www.entirefm.com/services/height-safety","HTML_SITEMAP",200,TRUE
"/services/hvac","https://www.entirefm.com/services/hvac","XML_SITEMAP;HTML_SITEMAP;HUB_NAVIGATION",200,TRUE
"/services/hvac-compliance","https://www.entirefm.com/services/hvac-compliance","XML_SITEMAP;HTML_SITEMAP",200,TRUE
"/services/hvac/Birmingham","https://www.entirefm.com/services/hvac/Birmingham","HTML_SITEMAP",200,TRUE
"/services/hvac/Chesterfield","https://www.entirefm.com/services/hvac/Chesterfield","HTML_SITEMAP",200,TRUE
"/services/hvac/Derby","https://www.entirefm.com/services/hvac/Derby","HTML_SITEMAP",200,TRUE
"/services/hvac/Leeds","https://www.entirefm.com/services/hvac/Leeds","HTML_SITEMAP",200,TRUE
"/services/hvac/Lincoln","https://www.entirefm.com/services/hvac/Lincoln","HTML_SITEMAP",200,TRUE
"/services/hvac/London","https://www.entirefm.com/services/hvac/London","HTML_SITEMAP",200,TRUE
"/services/hvac/Manchester","https://www.entirefm.com/services/hvac/Manchester","HTML_SITEMAP",200,TRUE
"/services/hvac/Nottingham","https://www.entirefm.com/services/hvac/Nottingham","HTML_SITEMAP",200,TRUE
"/services/hvac/Sheffield","https://www.entirefm.com/services/hvac/Sheffield","HTML_SITEMAP",200,TRUE
"/services/indoor-air-quality-testing","https://www.entirefm.com/services/indoor-air-quality-testing","HTML_SITEMAP",200,TRUE
"/services/industrial-cleaning","https://www.entirefm.com/services/industrial-cleaning","XML_SITEMAP",404,TRUE
"/services/industrial-refrigeration","https://www.entirefm.com/services/industrial-refrigeration","HTML_SITEMAP",200,TRUE
"/services/interceptor-maintenance","https://www.entirefm.com/services/interceptor-maintenance","HTML_SITEMAP",200,TRUE
"/services/leak-detection-repair","https://www.entirefm.com/services/leak-detection-repair","XML_SITEMAP",200,TRUE
"/services/lifting-equipment","https://www.entirefm.com/services/lifting-equipment","XML_SITEMAP;HTML_SITEMAP",200,TRUE
"/services/lightning-protection-testing","https://www.entirefm.com/services/lightning-protection-testing","XML_SITEMAP",200,TRUE
"/services/load-bank-testing","https://www.entirefm.com/services/load-bank-testing","XML_SITEMAP;HTML_SITEMAP",200,TRUE
"/services/loading-bay-safety-systems","https://www.entirefm.com/services/loading-bay-safety-systems","XML_SITEMAP;HTML_SITEMAP",200,TRUE
"/services/mansafe-testing","https://www.entirefm.com/services/mansafe-testing","HTML_SITEMAP",200,TRUE
"/services/me-services","https://www.entirefm.com/services/me-services","XML_SITEMAP;HTML_SITEMAP",200,TRUE
"/services/mewp-safety-checks","https://www.entirefm.com/services/mewp-safety-checks","HTML_SITEMAP",200,TRUE
"/services/out-of-hours-support","https://www.entirefm.com/services/out-of-hours-support","XML_SITEMAP",200,TRUE
"/services/plant-room-risk-assessments","https://www.entirefm.com/services/plant-room-risk-assessments","HTML_SITEMAP",200,TRUE
"/services/plumbing","https://www.entirefm.com/services/plumbing","XML_SITEMAP;HTML_SITEMAP",200,TRUE
"/services/power-quality-analysis","https://www.entirefm.com/services/power-quality-analysis","HTML_SITEMAP",200,TRUE
"/services/ppm","https://www.entirefm.com/services/ppm","XML_SITEMAP;HTML_SITEMAP;HOMEPAGE;HUB_NAVIGATION",200,TRUE
"/services/ppm/Birmingham","https://www.entirefm.com/services/ppm/Birmingham","HTML_SITEMAP",200,TRUE
"/services/ppm/Chesterfield","https://www.entirefm.com/services/ppm/Chesterfield","HTML_SITEMAP",200,TRUE
"/services/ppm/Derby","https://www.entirefm.com/services/ppm/Derby","HTML_SITEMAP",200,TRUE
"/services/ppm/Leeds","https://www.entirefm.com/services/ppm/Leeds","HTML_SITEMAP",200,TRUE
"/services/ppm/Lincoln","https://www.entirefm.com/services/ppm/Lincoln","HTML_SITEMAP",200,TRUE
"/services/ppm/London","https://www.entirefm.com/services/ppm/London","HTML_SITEMAP",200,TRUE
"/services/ppm/Manchester","https://www.entirefm.com/services/ppm/Manchester","HTML_SITEMAP",200,TRUE
"/services/ppm/Nottingham","https://www.entirefm.com/services/ppm/Nottingham","HTML_SITEMAP",200,TRUE
"/services/ppm/Sheffield","https://www.entirefm.com/services/ppm/Sheffield","HTML_SITEMAP",200,TRUE
"/services/pump-room-maintenance","https://www.entirefm.com/services/pump-room-maintenance","XML_SITEMAP;HTML_SITEMAP",200,TRUE
"/services/pump-station-servicing","https://www.entirefm.com/services/pump-station-servicing","XML_SITEMAP;HTML_SITEMAP",200,TRUE
"/services/rising-mains","https://www.entirefm.com/services/rising-mains","HTML_SITEMAP",200,TRUE
"/services/roller-shutter-maintenance","https://www.entirefm.com/services/roller-shutter-maintenance","XML_SITEMAP;HTML_SITEMAP",200,TRUE
"/services/roof-safety-inspections","https://www.entirefm.com/services/roof-safety-inspections","HTML_SITEMAP",200,TRUE
"/services/security-systems-healthcheck","https://www.entirefm.com/services/security-systems-healthcheck","HTML_SITEMAP",200,TRUE
"/services/smart-building-iot","https://www.entirefm.com/services/smart-building-iot","HTML_SITEMAP",200,TRUE
"/services/smoke-vent-systems","https://www.entirefm.com/services/smoke-vent-systems","XML_SITEMAP;HTML_SITEMAP",200,TRUE
"/services/soft-fm","https://www.entirefm.com/services/soft-fm","XML_SITEMAP;HTML_SITEMAP;HOMEPAGE;HUB_NAVIGATION",200,TRUE
"/services/space-planning","https://www.entirefm.com/services/space-planning","HTML_SITEMAP",200,TRUE
"/services/sprinklers","https://www.entirefm.com/services/sprinklers","HTML_SITEMAP",200,TRUE
"/services/staircase-pressurisation","https://www.entirefm.com/services/staircase-pressurisation","HTML_SITEMAP",404,TRUE
"/services/sustainability-monitoring","https://www.entirefm.com/services/sustainability-monitoring","HTML_SITEMAP",200,TRUE
"/services/thermal-imaging-surveys","https://www.entirefm.com/services/thermal-imaging-surveys","HTML_SITEMAP",200,TRUE
"/services/total-facilities-management","https://www.entirefm.com/services/total-facilities-management","XML_SITEMAP",200,TRUE
"/services/ups-maintenance","https://www.entirefm.com/services/ups-maintenance","XML_SITEMAP;HTML_SITEMAP",200,TRUE
"/services/waste-compliance","https://www.entirefm.com/services/waste-compliance","XML_SITEMAP;HTML_SITEMAP",200,TRUE
"/services/water-hygiene","https://www.entirefm.com/services/water-hygiene","XML_SITEMAP;HTML_SITEMAP;HUB_NAVIGATION",200,TRUE
"/services/water-optimisation","https://www.entirefm.com/services/water-optimisation","HTML_SITEMAP",200,TRUE
"/services/water-treatment-plant-maintenance","https://www.entirefm.com/services/water-treatment-plant-maintenance","HTML_SITEMAP",200,TRUE
"/services/water/Birmingham","https://www.entirefm.com/services/water/Birmingham","HTML_SITEMAP",200,TRUE
"/services/water/Chesterfield","https://www.entirefm.com/services/water/Chesterfield","HTML_SITEMAP",200,TRUE
"/services/water/Derby","https://www.entirefm.com/services/water/Derby","HTML_SITEMAP",200,TRUE
"/services/water/Leeds","https://www.entirefm.com/services/water/Leeds","HTML_SITEMAP",200,TRUE
"/services/water/Lincoln","https://www.entirefm.com/services/water/Lincoln","HTML_SITEMAP",200,TRUE
"/services/water/London","https://www.entirefm.com/services/water/London","HTML_SITEMAP",200,TRUE
"/services/water/Manchester","https://www.entirefm.com/services/water/Manchester","HTML_SITEMAP",200,TRUE
"/services/water/Nottingham","https://www.entirefm.com/services/water/Nottingham","HTML_SITEMAP",200,TRUE
"/services/water/Sheffield","https://www.entirefm.com/services/water/Sheffield","HTML_SITEMAP",200,TRUE
"/sitemap","https://www.entirefm.com/sitemap","XML_SITEMAP;HTML_SITEMAP;HOMEPAGE;HUB_NAVIGATION",200,TRUE
"/social-value","https://www.entirefm.com/social-value","XML_SITEMAP;HTML_SITEMAP",200,TRUE
"/soft-services/concierge","https://www.entirefm.com/soft-services/concierge","HTML_SITEMAP",200,TRUE
"/soft-services/grounds-maintenance","https://www.entirefm.com/soft-services/grounds-maintenance","HTML_SITEMAP",200,TRUE
"/soft-services/specialist-cleaning","https://www.entirefm.com/soft-services/specialist-cleaning","HTML_SITEMAP",200,TRUE
"/soft-services/waste-recycling","https://www.entirefm.com/soft-services/waste-recycling","HTML_SITEMAP",200,TRUE
"/suppliers","https://www.entirefm.com/suppliers","XML_SITEMAP;HTML_SITEMAP",200,TRUE
"/sustainability","https://www.entirefm.com/sustainability","XML_SITEMAP;HTML_SITEMAP",200,TRUE
"/technology","https://www.entirefm.com/technology","XML_SITEMAP;HTML_SITEMAP;HUB_NAVIGATION",200,TRUE
"/terms","https://www.entirefm.com/terms","HTML_SITEMAP;HOMEPAGE;HUB_NAVIGATION",200,TRUE
"/tools/compliance-calendar","https://www.entirefm.com/tools/compliance-calendar","HTML_SITEMAP;HOMEPAGE;HUB_NAVIGATION",200,TRUE
"/tools/compliance-checker","https://www.entirefm.com/tools/compliance-checker","XML_SITEMAP;HTML_SITEMAP;HOMEPAGE;HUB_NAVIGATION",200,TRUE
"/tools/cost-savings-calculator","https://www.entirefm.com/tools/cost-savings-calculator","HTML_SITEMAP",404,TRUE
"/tools/fm-health-check","https://www.entirefm.com/tools/fm-health-check","XML_SITEMAP;HTML_SITEMAP;HOMEPAGE;HUB_NAVIGATION",200,TRUE
"/tools/fm-roi-calculator","https://www.entirefm.com/tools/fm-roi-calculator","XML_SITEMAP;HTML_SITEMAP;HOMEPAGE;HUB_NAVIGATION",200,TRUE
"/tools/ppm-calculator","https://www.entirefm.com/tools/ppm-calculator","HTML_SITEMAP",404,TRUE
"/tools/ppm-estimator","https://www.entirefm.com/tools/ppm-estimator","XML_SITEMAP;HTML_SITEMAP;HOMEPAGE;HUB_NAVIGATION",200,TRUE
"/tools/ppm-schedule-builder","https://www.entirefm.com/tools/ppm-schedule-builder","HTML_SITEMAP;HOMEPAGE;HUB_NAVIGATION",200,TRUE
"/tools/risk-diagnostic","https://www.entirefm.com/tools/risk-diagnostic","HTML_SITEMAP",200,TRUE
"/tools/sla-benchmark","https://www.entirefm.com/tools/sla-benchmark","HTML_SITEMAP",404,TRUE
"/tools/tender-brief","https://www.entirefm.com/tools/tender-brief","HTML_SITEMAP;HOMEPAGE;HUB_NAVIGATION",200,TRUE
"/tools/tm44-checker","https://www.entirefm.com/tools/tm44-checker","HTML_SITEMAP",404,TRUE
"/tools/water-risk-grader","https://www.entirefm.com/tools/water-risk-grader","HTML_SITEMAP",200,TRUE
"/visual-standards","https://www.entirefm.com/visual-standards","XML_SITEMAP",200,TRUE
"/warehouse-facilities-management","https://www.entirefm.com/warehouse-facilities-management","XML_SITEMAP",200,TRUE
"/why-entirefm","https://www.entirefm.com/why-entirefm","XML_SITEMAP;HTML_SITEMAP",200,TRUE
"/why-switch","https://www.entirefm.com/why-switch","XML_SITEMAP",200,TRUE