Current URL,HTTP Status,Title,Canonical,Indexability,Internal Links,Traffic Value if Known,New Equivalent,Final Behaviour,Redirect Target,Reason,Priority
"https://entirefm.com","200","Entire FM | Total Facilities Management Services UK","https://entirefm.com","INDEXABLE","Connected via Hub Architecture","HIGH COMMERCIAL","/","KEEP_200","NONE (Direct 200 Serve)","Protected Historic / Core Route","P0"
"https://entirefm.com/24-7-fm-support","200","24 7 Fm Support | Entire FM","https://entirefm.com/24-7-fm-support","INDEXABLE","Connected via Hub Architecture","COMMERCIAL","/24-7-fm-support","KEEP_200","NONE (Direct 200 Serve)","Protected Historic / Core Route","P1"
"https://entirefm.com/about-entire-facilities-management","200","About Entire Facilities Management | Entire FM","https://entirefm.com/about-entire-facilities-management","INDEXABLE","Connected via Hub Architecture","COMMERCIAL","/about-entire-facilities-management","KEEP_200","NONE (Direct 200 Serve)","Protected Historic / Core Route","P1"
"https://entirefm.com/accessibility-statement","200","Accessibility Statement | Entire FM","https://entirefm.com/accessibility-statement","INDEXABLE","Connected via Hub Architecture","COMMERCIAL","/accessibility-statement","KEEP_200","NONE (Direct 200 Serve)","Protected Historic / Core Route","P1"
"https://entirefm.com/aerial-drone-building-inspection","200","Aerial Drone Building Inspection | Entire FM","https://entirefm.com/aerial-drone-building-inspection","INDEXABLE","Connected via Hub Architecture","COMMERCIAL","/aerial-drone-building-inspection","KEEP_200","NONE (Direct 200 Serve)","Protected Historic / Core Route","P1"
"https://entirefm.com/airport-facilities-management","200","Airport Facilities Management Solutions | Entire FM","https://entirefm.com/airport-facilities-management","INDEXABLE","Connected via Hub Architecture","COMMERCIAL","/airport-facilities-management","KEEP_200","NONE (Direct 200 Serve)","Protected Historic / Core Route","P1"
"https://entirefm.com/arena-facilities-management","200","Arena Facilities Management Solutions | Entire FM","https://entirefm.com/arena-facilities-management","INDEXABLE","Connected via Hub Architecture","COMMERCIAL","/arena-facilities-management","KEEP_200","NONE (Direct 200 Serve)","Protected Historic / Core Route","P1"
"https://entirefm.com/best-facilities-management-company","200","Best Facilities Management Company | Entire FM","https://entirefm.com/best-facilities-management-company","INDEXABLE","Connected via Hub Architecture","COMMERCIAL","/best-facilities-management-company","KEEP_200","NONE (Direct 200 Serve)","Protected Historic / Core Route","P1"
"https://entirefm.com/birmingham-facilities-management","200","Birmingham Facilities Management | Commercial Property Maintenance | Entire FM","https://entirefm.com/birmingham-facilities-management","INDEXABLE","Connected via Hub Architecture","HIGH COMMERCIAL","/birmingham-facilities-management","KEEP_200","NONE (Direct 200 Serve)","Protected Historic / Core Route","P0"
"https://entirefm.com/blog","200","Blog | Facilities Management Insights | Entire FM","https://entirefm.com/blog","INDEXABLE","Connected via Hub Architecture","COMMERCIAL","/blog","KEEP_200","NONE (Direct 200 Serve)","Protected Historic / Core Route","P2"
"https://entirefm.com/bocker-crane-hire","200","Bocker Crane Hire | Entire FM","https://entirefm.com/bocker-crane-hire","INDEXABLE","Connected via Hub Architecture","COMMERCIAL","/bocker-crane-hire","KEEP_200","NONE (Direct 200 Serve)","Protected Historic / Core Route","P1"
"https://entirefm.com/bolton-facilities-management","200","Bolton Facilities Management | Commercial Property Maintenance | Entire FM","https://entirefm.com/bolton-facilities-management","INDEXABLE","Connected via Hub Architecture","COMMERCIAL","/bolton-facilities-management","KEEP_200","NONE (Direct 200 Serve)","Protected Historic / Core Route","P2"
"https://entirefm.com/bradford-facilities-management","200","Bradford Facilities Management | Commercial Property Maintenance | Entire FM","https://entirefm.com/bradford-facilities-management","INDEXABLE","Connected via Hub Architecture","COMMERCIAL","/bradford-facilities-management","KEEP_200","NONE (Direct 200 Serve)","Protected Historic / Core Route","P1"
"https://entirefm.com/building-inspecting-testing","200","Building Inspecting Testing | Entire FM","https://entirefm.com/building-inspecting-testing","INDEXABLE","Connected via Hub Architecture","COMMERCIAL","/building-inspecting-testing","KEEP_200","NONE (Direct 200 Serve)","Protected Historic / Core Route","P1"
"https://entirefm.com/building-maintenance","200","Building Maintenance | Entire FM","https://entirefm.com/building-maintenance","INDEXABLE","Connected via Hub Architecture","COMMERCIAL","/building-maintenance","KEEP_200","NONE (Direct 200 Serve)","Protected Historic / Core Route","P1"
"https://entirefm.com/bury-facilities-management","200","Bury Facilities Management | Commercial Property Maintenance | Entire FM","https://entirefm.com/bury-facilities-management","INDEXABLE","Connected via Hub Architecture","COMMERCIAL","/bury-facilities-management","KEEP_200","NONE (Direct 200 Serve)","Protected Historic / Core Route","P2"
"https://entirefm.com/caretaker","200","Caretaker | Entire FM","https://entirefm.com/caretaker","INDEXABLE","Connected via Hub Architecture","COMMERCIAL","/caretaker","KEEP_200","NONE (Direct 200 Serve)","Protected Historic / Core Route","P1"
"https://entirefm.com/carpark-management","200","Carpark Management | Entire FM","https://entirefm.com/carpark-management","INDEXABLE","Connected via Hub Architecture","COMMERCIAL","/carpark-management","KEEP_200","NONE (Direct 200 Serve)","Protected Historic / Core Route","P1"
"https://entirefm.com/chesterfield-facilities-management","200","Chesterfield Facilities Management | Commercial Property Maintenance | Entire FM","https://entirefm.com/chesterfield-facilities-management","INDEXABLE","Connected via Hub Architecture","COMMERCIAL","/chesterfield-facilities-management","KEEP_200","NONE (Direct 200 Serve)","Protected Historic / Core Route","P1"
"https://entirefm.com/cleaning-services","200","Cleaning Services | Entire FM","https://entirefm.com/cleaning-services","INDEXABLE","Connected via Hub Architecture","HIGH COMMERCIAL","/cleaning-services","KEEP_200","NONE (Direct 200 Serve)","Protected Historic / Core Route","P0"
"https://entirefm.com/client-login","200","Client Login | Entire FM","https://entirefm.com/client-login","INDEXABLE","Connected via Hub Architecture","COMMERCIAL","/client-login","KEEP_200","NONE (Direct 200 Serve)","Protected Historic / Core Route","P1"
"https://entirefm.com/client-login/account-registration","200","Client Login/Account Registration | Entire FM","https://entirefm.com/client-login/account-registration","INDEXABLE","Connected via Hub Architecture","COMMERCIAL","/client-login/account-registration","KEEP_200","NONE (Direct 200 Serve)","Protected Historic / Core Route","P1"
"https://entirefm.com/commercial-cleaning-birmingham","200","Commercial Cleaning Birmingham | Specialist Commercial Services | Entire FM","https://entirefm.com/commercial-cleaning-birmingham","INDEXABLE","Connected via Hub Architecture","COMMERCIAL","/commercial-cleaning-birmingham","KEEP_200","NONE (Direct 200 Serve)","Protected Historic / Core Route","P1"
"https://entirefm.com/commercial-cleaning-chesterfield","200","Commercial Cleaning Chesterfield | Specialist Commercial Services | Entire FM","https://entirefm.com/commercial-cleaning-chesterfield","INDEXABLE","Connected via Hub Architecture","COMMERCIAL","/commercial-cleaning-chesterfield","KEEP_200","NONE (Direct 200 Serve)","Protected Historic / Core Route","P1"
"https://entirefm.com/commercial-cleaning-leeds","200","Commercial Cleaning Leeds | Specialist Commercial Services | Entire FM","https://entirefm.com/commercial-cleaning-leeds","INDEXABLE","Connected via Hub Architecture","COMMERCIAL","/commercial-cleaning-leeds","KEEP_200","NONE (Direct 200 Serve)","Protected Historic / Core Route","P1"
"https://entirefm.com/commercial-cleaning-lincoln","200","Commercial Cleaning Lincoln | Specialist Commercial Services | Entire FM","https://entirefm.com/commercial-cleaning-lincoln","INDEXABLE","Connected via Hub Architecture","COMMERCIAL","/commercial-cleaning-lincoln","KEEP_200","NONE (Direct 200 Serve)","Protected Historic / Core Route","P1"
"https://entirefm.com/commercial-cleaning-london","200","Commercial Cleaning London | Specialist Commercial Services | Entire FM","https://entirefm.com/commercial-cleaning-london","INDEXABLE","Connected via Hub Architecture","COMMERCIAL","/commercial-cleaning-london","KEEP_200","NONE (Direct 200 Serve)","Protected Historic / Core Route","P1"
"https://entirefm.com/commercial-cleaning-manchester","200","Commercial Cleaning Manchester | Specialist Commercial Services | Entire FM","https://entirefm.com/commercial-cleaning-manchester","INDEXABLE","Connected via Hub Architecture","COMMERCIAL","/commercial-cleaning-manchester","KEEP_200","NONE (Direct 200 Serve)","Protected Historic / Core Route","P1"
"https://entirefm.com/commercial-cleaning-nottingham","200","Commercial Cleaning Nottingham | Specialist Commercial Services | Entire FM","https://entirefm.com/commercial-cleaning-nottingham","INDEXABLE","Connected via Hub Architecture","COMMERCIAL","/commercial-cleaning-nottingham","KEEP_200","NONE (Direct 200 Serve)","Protected Historic / Core Route","P1"
"https://entirefm.com/commercial-cleaning-sheffield","200","Commercial Cleaning Sheffield | Specialist Commercial Services | Entire FM","https://entirefm.com/commercial-cleaning-sheffield","INDEXABLE","Connected via Hub Architecture","COMMERCIAL","/commercial-cleaning-sheffield","KEEP_200","NONE (Direct 200 Serve)","Protected Historic / Core Route","P1"
"https://entirefm.com/commercial-facilities-management","200","Commercial Facilities Management Solutions | Entire FM","https://entirefm.com/commercial-facilities-management","INDEXABLE","Connected via Hub Architecture","COMMERCIAL","/commercial-facilities-management","KEEP_200","NONE (Direct 200 Serve)","Protected Historic / Core Route","P1"
"https://entirefm.com/commercial-fm-lincoln","200","Lincoln Facilities Management | Commercial Property Maintenance | Entire FM","https://entirefm.com/commercial-fm-lincoln","INDEXABLE","Connected via Hub Architecture","COMMERCIAL","/commercial-fm-lincoln","KEEP_200","NONE (Direct 200 Serve)","Protected Historic / Core Route","P1"
"https://entirefm.com/concierge-services","200","Concierge Services | Entire FM","https://entirefm.com/concierge-services","INDEXABLE","Connected via Hub Architecture","COMMERCIAL","/concierge-services","KEEP_200","NONE (Direct 200 Serve)","Protected Historic / Core Route","P1"
"https://entirefm.com/construction-facilities-management","200","Construction Facilities Management Solutions | Entire FM","https://entirefm.com/construction-facilities-management","INDEXABLE","Connected via Hub Architecture","COMMERCIAL","/construction-facilities-management","KEEP_200","NONE (Direct 200 Serve)","Protected Historic / Core Route","P1"
"https://entirefm.com/contact-us","200","Contact Us | Entire FM","https://entirefm.com/contact-us","INDEXABLE","Connected via Hub Architecture","COMMERCIAL","/contact-us","KEEP_200","NONE (Direct 200 Serve)","Protected Historic / Core Route","P1"
"https://entirefm.com/contract-cleaning","200","Contract Cleaning | Entire FM","https://entirefm.com/contract-cleaning","INDEXABLE","Connected via Hub Architecture","COMMERCIAL","/contract-cleaning","KEEP_200","NONE (Direct 200 Serve)","Protected Historic / Core Route","P1"
"https://entirefm.com/contract-cleaning-chesterfield","200","Contract Cleaning Chesterfield | Specialist Commercial Services | Entire FM","https://entirefm.com/contract-cleaning-chesterfield","INDEXABLE","Connected via Hub Architecture","COMMERCIAL","/contract-cleaning-chesterfield","KEEP_200","NONE (Direct 200 Serve)","Protected Historic / Core Route","P1"
"https://entirefm.com/contract-cleaning-leeds","200","Contract Cleaning Leeds | Specialist Commercial Services | Entire FM","https://entirefm.com/contract-cleaning-leeds","INDEXABLE","Connected via Hub Architecture","COMMERCIAL","/contract-cleaning-leeds","KEEP_200","NONE (Direct 200 Serve)","Protected Historic / Core Route","P1"
"https://entirefm.com/contract-cleaning-lincoln","200","Contract Cleaning Lincoln | Specialist Commercial Services | Entire FM","https://entirefm.com/contract-cleaning-lincoln","INDEXABLE","Connected via Hub Architecture","COMMERCIAL","/contract-cleaning-lincoln","KEEP_200","NONE (Direct 200 Serve)","Protected Historic / Core Route","P1"
"https://entirefm.com/contract-cleaning-london","200","Contract Cleaning London | Specialist Commercial Services | Entire FM","https://entirefm.com/contract-cleaning-london","INDEXABLE","Connected via Hub Architecture","COMMERCIAL","/contract-cleaning-london","KEEP_200","NONE (Direct 200 Serve)","Protected Historic / Core Route","P1"
"https://entirefm.com/contract-cleaning-manchester","200","Contract Cleaning Manchester | Specialist Commercial Services | Entire FM","https://entirefm.com/contract-cleaning-manchester","INDEXABLE","Connected via Hub Architecture","COMMERCIAL","/contract-cleaning-manchester","KEEP_200","NONE (Direct 200 Serve)","Protected Historic / Core Route","P1"
"https://entirefm.com/contract-cleaning-sheffield","200","Contract Cleaning Sheffield | Specialist Commercial Services | Entire FM","https://entirefm.com/contract-cleaning-sheffield","INDEXABLE","Connected via Hub Architecture","COMMERCIAL","/contract-cleaning-sheffield","KEEP_200","NONE (Direct 200 Serve)","Protected Historic / Core Route","P1"
"https://entirefm.com/copy-of-helpdesk-registration","200","Copy Of Helpdesk Registration | Entire FM","https://entirefm.com/copy-of-helpdesk-registration","INDEXABLE","Connected via Hub Architecture","COMMERCIAL","/copy-of-helpdesk-registration","KEEP_200","NONE (Direct 200 Serve)","Protected Historic / Core Route","P1"
"https://entirefm.com/copy-of-industrial-cleaning","200","Copy Of Industrial Cleaning | Entire FM","https://entirefm.com/copy-of-industrial-cleaning","INDEXABLE","Connected via Hub Architecture","COMMERCIAL","/copy-of-industrial-cleaning","KEEP_200","NONE (Direct 200 Serve)","Protected Historic / Core Route","P1"
"https://entirefm.com/copy-of-what-is-facilities-manageme","200","Copy Of What Is Facilities Manageme | Entire FM","https://entirefm.com/copy-of-what-is-facilities-manageme","INDEXABLE","Connected via Hub Architecture","COMMERCIAL","/copy-of-what-is-facilities-manageme","KEEP_200","NONE (Direct 200 Serve)","Protected Historic / Core Route","P1"
"https://entirefm.com/derby-facilities-management","200","Derby Facilities Management | Commercial Property Maintenance | Entire FM","https://entirefm.com/derby-facilities-management","INDEXABLE","Connected via Hub Architecture","COMMERCIAL","/derby-facilities-management","KEEP_200","NONE (Direct 200 Serve)","Protected Historic / Core Route","P1"
"https://entirefm.com/doncaster-facilities-management","200","Doncaster Facilities Management | Commercial Property Maintenance | Entire FM","https://entirefm.com/doncaster-facilities-management","INDEXABLE","Connected via Hub Architecture","COMMERCIAL","/doncaster-facilities-management","KEEP_200","NONE (Direct 200 Serve)","Protected Historic / Core Route","P2"
"https://entirefm.com/education-cleaning","200","Education Cleaning | Entire FM","https://entirefm.com/education-cleaning","INDEXABLE","Connected via Hub Architecture","COMMERCIAL","/education-cleaning","KEEP_200","NONE (Direct 200 Serve)","Protected Historic / Core Route","P1"
"https://entirefm.com/education-facilities-management","200","Education Facilities Management Solutions | Entire FM","https://entirefm.com/education-facilities-management","INDEXABLE","Connected via Hub Architecture","COMMERCIAL","/education-facilities-management","KEEP_200","NONE (Direct 200 Serve)","Protected Historic / Core Route","P1"
"https://entirefm.com/employment-portal","200","Employment Portal | Entire FM","https://entirefm.com/employment-portal","INDEXABLE","Connected via Hub Architecture","COMMERCIAL","/employment-portal","KEEP_200","NONE (Direct 200 Serve)","Protected Historic / Core Route","P1"
"https://entirefm.com/external-cleaning-birmingham","200","External Cleaning Birmingham | Specialist Commercial Services | Entire FM","https://entirefm.com/external-cleaning-birmingham","INDEXABLE","Connected via Hub Architecture","COMMERCIAL","/external-cleaning-birmingham","KEEP_200","NONE (Direct 200 Serve)","Protected Historic / Core Route","P1"
"https://entirefm.com/external-cleaning-lincoln","200","External Cleaning Lincoln | Specialist Commercial Services | Entire FM","https://entirefm.com/external-cleaning-lincoln","INDEXABLE","Connected via Hub Architecture","COMMERCIAL","/external-cleaning-lincoln","KEEP_200","NONE (Direct 200 Serve)","Protected Historic / Core Route","P1"
"https://entirefm.com/external-cleaning-london","200","External Cleaning London | Specialist Commercial Services | Entire FM","https://entirefm.com/external-cleaning-london","INDEXABLE","Connected via Hub Architecture","COMMERCIAL","/external-cleaning-london","KEEP_200","NONE (Direct 200 Serve)","Protected Historic / Core Route","P1"
"https://entirefm.com/external-cleaning-manchester","200","External Cleaning Manchester | Specialist Commercial Services | Entire FM","https://entirefm.com/external-cleaning-manchester","INDEXABLE","Connected via Hub Architecture","COMMERCIAL","/external-cleaning-manchester","KEEP_200","NONE (Direct 200 Serve)","Protected Historic / Core Route","P1"
"https://entirefm.com/facilities-management-birmingham","200","Birmingham Facilities Management | Commercial Property Maintenance | Entire FM","https://entirefm.com/facilities-management-birmingham","INDEXABLE","Connected via Hub Architecture","HIGH COMMERCIAL","/facilities-management-birmingham","KEEP_200","NONE (Direct 200 Serve)","Protected Historic / Core Route","P0"
"https://entirefm.com/facilities-management-blog","200","Facilities Management Blog | Facilities Management Insights | Entire FM","https://entirefm.com/facilities-management-blog","INDEXABLE","Connected via Hub Architecture","COMMERCIAL","/facilities-management-blog","KEEP_200","NONE (Direct 200 Serve)","Protected Historic / Core Route","P2"
"https://entirefm.com/facilities-management-bolton","200","Bolton Facilities Management | Commercial Property Maintenance | Entire FM","https://entirefm.com/facilities-management-bolton","INDEXABLE","Connected via Hub Architecture","COMMERCIAL","/facilities-management-bolton","KEEP_200","NONE (Direct 200 Serve)","Protected Historic / Core Route","P2"
"https://entirefm.com/facilities-management-bradford","200","Bradford Facilities Management | Commercial Property Maintenance | Entire FM","https://entirefm.com/facilities-management-bradford","INDEXABLE","Connected via Hub Architecture","COMMERCIAL","/facilities-management-bradford","KEEP_200","NONE (Direct 200 Serve)","Protected Historic / Core Route","P1"
"https://entirefm.com/facilities-management-bury","200","Bury Facilities Management | Commercial Property Maintenance | Entire FM","https://entirefm.com/facilities-management-bury","INDEXABLE","Connected via Hub Architecture","COMMERCIAL","/facilities-management-bury","KEEP_200","NONE (Direct 200 Serve)","Protected Historic / Core Route","P2"
"https://entirefm.com/facilities-management-chesterfield","200","Chesterfield Facilities Management | Commercial Property Maintenance | Entire FM","https://entirefm.com/facilities-management-chesterfield","INDEXABLE","Connected via Hub Architecture","COMMERCIAL","/facilities-management-chesterfield","KEEP_200","NONE (Direct 200 Serve)","Protected Historic / Core Route","P1"
"https://entirefm.com/facilities-management-derby","200","Derby Facilities Management | Commercial Property Maintenance | Entire FM","https://entirefm.com/facilities-management-derby","INDEXABLE","Connected via Hub Architecture","COMMERCIAL","/facilities-management-derby","KEEP_200","NONE (Direct 200 Serve)","Protected Historic / Core Route","P1"
"https://entirefm.com/facilities-management-doncaster","200","Doncaster Facilities Management | Commercial Property Maintenance | Entire FM","https://entirefm.com/facilities-management-doncaster","INDEXABLE","Connected via Hub Architecture","COMMERCIAL","/facilities-management-doncaster","KEEP_200","NONE (Direct 200 Serve)","Protected Historic / Core Route","P2"
"https://entirefm.com/facilities-management-for/construction-facilities-management","200","Facilities Management For/Construction Facilities Management Solutions | Entire FM","https://entirefm.com/facilities-management-for/construction-facilities-management","INDEXABLE","Connected via Hub Architecture","COMMERCIAL","/facilities-management-for/construction-facilities-management","KEEP_200","NONE (Direct 200 Serve)","Protected Historic / Core Route","P1"
"https://entirefm.com/facilities-management-for/education-%26-schools-facilities-management","200","Facilities Management For/Education %26 Schools Facilities Management Solutions | Entire FM","https://entirefm.com/facilities-management-for/education-%26-schools-facilities-management","INDEXABLE","Connected via Hub Architecture","COMMERCIAL","/facilities-management-for/education-%26-schools-facilities-management","KEEP_200","NONE (Direct 200 Serve)","Protected Historic / Core Route","P1"
"https://entirefm.com/facilities-management-for/healthcare-facilities-management","200","Facilities Management For/Healthcare Facilities Management Solutions | Entire FM","https://entirefm.com/facilities-management-for/healthcare-facilities-management","INDEXABLE","Connected via Hub Architecture","COMMERCIAL","/facilities-management-for/healthcare-facilities-management","KEEP_200","NONE (Direct 200 Serve)","Protected Historic / Core Route","P1"
"https://entirefm.com/facilities-management-for/hotels-%26-resort-facilities-management","200","Facilities Management For/Hotels %26 Resort Facilities Management Solutions | Entire FM","https://entirefm.com/facilities-management-for/hotels-%26-resort-facilities-management","INDEXABLE","Connected via Hub Architecture","COMMERCIAL","/facilities-management-for/hotels-%26-resort-facilities-management","KEEP_200","NONE (Direct 200 Serve)","Protected Historic / Core Route","P1"
"https://entirefm.com/facilities-management-for/industrial-facilities-management","200","Facilities Management For/Industrial Facilities Management Solutions | Entire FM","https://entirefm.com/facilities-management-for/industrial-facilities-management","INDEXABLE","Connected via Hub Architecture","COMMERCIAL","/facilities-management-for/industrial-facilities-management","KEEP_200","NONE (Direct 200 Serve)","Protected Historic / Core Route","P1"
"https://entirefm.com/facilities-management-for/leisure-centre-facilities-management","200","Facilities Management For/Leisure Centre Facilities Management Solutions | Entire FM","https://entirefm.com/facilities-management-for/leisure-centre-facilities-management","INDEXABLE","Connected via Hub Architecture","COMMERCIAL","/facilities-management-for/leisure-centre-facilities-management","KEEP_200","NONE (Direct 200 Serve)","Protected Historic / Core Route","P1"
"https://entirefm.com/facilities-management-for/logistics-%26-distribution-facilities-management","200","Facilities Management For/Logistics %26 Distribution Facilities Management Solutions | Entire FM","https://entirefm.com/facilities-management-for/logistics-%26-distribution-facilities-management","INDEXABLE","Connected via Hub Architecture","COMMERCIAL","/facilities-management-for/logistics-%26-distribution-facilities-management","KEEP_200","NONE (Direct 200 Serve)","Protected Historic / Core Route","P1"
"https://entirefm.com/facilities-management-for/managing-agent-facilities-management","200","Facilities Management For/Managing Agent Facilities Management Solutions | Entire FM","https://entirefm.com/facilities-management-for/managing-agent-facilities-management","INDEXABLE","Connected via Hub Architecture","COMMERCIAL","/facilities-management-for/managing-agent-facilities-management","KEEP_200","NONE (Direct 200 Serve)","Protected Historic / Core Route","P1"
"https://entirefm.com/facilities-management-for/offices%2C-corporate-%26-co-working","200","Facilities Management For/Offices%2C Corporate %26 Co Working Facilities Management Solutions | Entire FM","https://entirefm.com/facilities-management-for/offices%2C-corporate-%26-co-working","INDEXABLE","Connected via Hub Architecture","COMMERCIAL","/facilities-management-for/offices%2C-corporate-%26-co-working","KEEP_200","NONE (Direct 200 Serve)","Protected Historic / Core Route","P1"
"https://entirefm.com/facilities-management-for/residential-facilities-management","200","Facilities Management For/Residential Facilities Management Solutions | Entire FM","https://entirefm.com/facilities-management-for/residential-facilities-management","INDEXABLE","Connected via Hub Architecture","COMMERCIAL","/facilities-management-for/residential-facilities-management","KEEP_200","NONE (Direct 200 Serve)","Protected Historic / Core Route","P1"
"https://entirefm.com/facilities-management-for/restaurant-%26-hospitality-facilities-management","200","Facilities Management For/Restaurant %26 Hospitality Facilities Management Solutions | Entire FM","https://entirefm.com/facilities-management-for/restaurant-%26-hospitality-facilities-management","INDEXABLE","Connected via Hub Architecture","COMMERCIAL","/facilities-management-for/restaurant-%26-hospitality-facilities-management","KEEP_200","NONE (Direct 200 Serve)","Protected Historic / Core Route","P1"
"https://entirefm.com/facilities-management-for/retail-%26-shopping-centre-facilities-management","200","Facilities Management For/Retail %26 Shopping Centre Facilities Management Solutions | Entire FM","https://entirefm.com/facilities-management-for/retail-%26-shopping-centre-facilities-management","INDEXABLE","Connected via Hub Architecture","COMMERCIAL","/facilities-management-for/retail-%26-shopping-centre-facilities-management","KEEP_200","NONE (Direct 200 Serve)","Protected Historic / Core Route","P1"
"https://entirefm.com/facilities-management-for/sports-venue-facilities-management","200","Facilities Management For/Sports Venue Facilities Management Solutions | Entire FM","https://entirefm.com/facilities-management-for/sports-venue-facilities-management","INDEXABLE","Connected via Hub Architecture","COMMERCIAL","/facilities-management-for/sports-venue-facilities-management","KEEP_200","NONE (Direct 200 Serve)","Protected Historic / Core Route","P1"
"https://entirefm.com/facilities-management-for/stadium-%26-arena-facilities-management","200","Facilities Management For/Stadium %26 Arena Facilities Management Solutions | Entire FM","https://entirefm.com/facilities-management-for/stadium-%26-arena-facilities-management","INDEXABLE","Connected via Hub Architecture","COMMERCIAL","/facilities-management-for/stadium-%26-arena-facilities-management","KEEP_200","NONE (Direct 200 Serve)","Protected Historic / Core Route","P1"
"https://entirefm.com/facilities-management-for/warehouse-%26-distribution","200","Facilities Management For/Warehouse %26 Distribution Facilities Management Solutions | Entire FM","https://entirefm.com/facilities-management-for/warehouse-%26-distribution","INDEXABLE","Connected via Hub Architecture","COMMERCIAL","/facilities-management-for/warehouse-%26-distribution","KEEP_200","NONE (Direct 200 Serve)","Protected Historic / Core Route","P1"
"https://entirefm.com/facilities-management-grimsby","200","Grimsby Facilities Management | Commercial Property Maintenance | Entire FM","https://entirefm.com/facilities-management-grimsby","INDEXABLE","Connected via Hub Architecture","COMMERCIAL","/facilities-management-grimsby","KEEP_200","NONE (Direct 200 Serve)","Protected Historic / Core Route","P2"
"https://entirefm.com/facilities-management-in-telford","200","Telford Facilities Management | Commercial Property Maintenance | Entire FM","https://entirefm.com/facilities-management-in-telford","INDEXABLE","Connected via Hub Architecture","COMMERCIAL","/facilities-management-in-telford","KEEP_200","NONE (Direct 200 Serve)","Protected Historic / Core Route","P1"
"https://entirefm.com/facilities-management-in-the-midlands","200","Midlands Facilities Management | Commercial Property Maintenance | Entire FM","https://entirefm.com/facilities-management-in-the-midlands","INDEXABLE","Connected via Hub Architecture","COMMERCIAL","/facilities-management-in-the-midlands","KEEP_200","NONE (Direct 200 Serve)","Protected Historic / Core Route","P1"
"https://entirefm.com/facilities-management-leeds","200","Leeds Facilities Management | Commercial Property Maintenance | Entire FM","https://entirefm.com/facilities-management-leeds","INDEXABLE","Connected via Hub Architecture","HIGH COMMERCIAL","/facilities-management-leeds","KEEP_200","NONE (Direct 200 Serve)","Protected Historic / Core Route","P0"
"https://entirefm.com/facilities-management-lincoln","200","Lincoln Facilities Management | Commercial Property Maintenance | Entire FM","https://entirefm.com/facilities-management-lincoln","INDEXABLE","Connected via Hub Architecture","COMMERCIAL","/facilities-management-lincoln","KEEP_200","NONE (Direct 200 Serve)","Protected Historic / Core Route","P1"
"https://entirefm.com/facilities-management-liverpool","200","Liverpool Facilities Management | Commercial Property Maintenance | Entire FM","https://entirefm.com/facilities-management-liverpool","INDEXABLE","Connected via Hub Architecture","COMMERCIAL","/facilities-management-liverpool","KEEP_200","NONE (Direct 200 Serve)","Protected Historic / Core Route","P1"
"https://entirefm.com/facilities-management-london","200","Facilities Management London | Planned Maintenance & Compliance | Entire FM","https://entirefm.com/facilities-management-london","INDEXABLE","Connected via Hub Architecture","HIGH COMMERCIAL","/facilities-management-london","KEEP_200","NONE (Direct 200 Serve)","Protected Historic / Core Route","P0"
"https://entirefm.com/facilities-management-manchester","200","Manchester Facilities Management | Commercial Property Maintenance | Entire FM","https://entirefm.com/facilities-management-manchester","INDEXABLE","Connected via Hub Architecture","HIGH COMMERCIAL","/facilities-management-manchester","KEEP_200","NONE (Direct 200 Serve)","Protected Historic / Core Route","P0"
"https://entirefm.com/facilities-management-midlands","200","Midlands Facilities Management | Commercial Property Maintenance | Entire FM","https://entirefm.com/facilities-management-midlands","INDEXABLE","Connected via Hub Architecture","COMMERCIAL","/facilities-management-midlands","KEEP_200","NONE (Direct 200 Serve)","Protected Historic / Core Route","P1"
"https://entirefm.com/facilities-management-nottingham","200","Nottingham Facilities Management | Commercial Property Maintenance | Entire FM","https://entirefm.com/facilities-management-nottingham","INDEXABLE","Connected via Hub Architecture","COMMERCIAL","/facilities-management-nottingham","KEEP_200","NONE (Direct 200 Serve)","Protected Historic / Core Route","P1"
"https://entirefm.com/facilities-management-offices","200","Facilities Management Offices Facilities Management Solutions | Entire FM","https://entirefm.com/facilities-management-offices","INDEXABLE","Connected via Hub Architecture","COMMERCIAL","/facilities-management-offices","KEEP_200","NONE (Direct 200 Serve)","Protected Historic / Core Route","P1"
"https://entirefm.com/facilities-management-oxford","200","Oxford Facilities Management | Commercial Property Maintenance | Entire FM","https://entirefm.com/facilities-management-oxford","INDEXABLE","Connected via Hub Architecture","COMMERCIAL","/facilities-management-oxford","KEEP_200","NONE (Direct 200 Serve)","Protected Historic / Core Route","P2"
"https://entirefm.com/facilities-management-preston","200","Preston Facilities Management | Commercial Property Maintenance | Entire FM","https://entirefm.com/facilities-management-preston","INDEXABLE","Connected via Hub Architecture","COMMERCIAL","/facilities-management-preston","KEEP_200","NONE (Direct 200 Serve)","Protected Historic / Core Route","P2"
"https://entirefm.com/facilities-management-rotherham","200","Rotherham Facilities Management | Commercial Property Maintenance | Entire FM","https://entirefm.com/facilities-management-rotherham","INDEXABLE","Connected via Hub Architecture","COMMERCIAL","/facilities-management-rotherham","KEEP_200","NONE (Direct 200 Serve)","Protected Historic / Core Route","P2"
"https://entirefm.com/facilities-management-services","200","Facilities Management Services | Entire FM","https://entirefm.com/facilities-management-services","INDEXABLE","Connected via Hub Architecture","HIGH COMMERCIAL","/facilities-management-services","KEEP_200","NONE (Direct 200 Serve)","Protected Historic / Core Route","P0"
"https://entirefm.com/facilities-management-services-lond","200","Facilities Management Services Lond | Entire FM","https://entirefm.com/facilities-management-services-lond","INDEXABLE","Connected via Hub Architecture","COMMERCIAL","/facilities-management-services-lond","KEEP_200","NONE (Direct 200 Serve)","Protected Historic / Core Route","P1"
"https://entirefm.com/facilities-management-sheffield","200","Sheffield Facilities Management | Commercial Property Maintenance | Entire FM","https://entirefm.com/facilities-management-sheffield","INDEXABLE","Connected via Hub Architecture","HIGH COMMERCIAL","/facilities-management-sheffield","KEEP_200","NONE (Direct 200 Serve)","Protected Historic / Core Route","P0"
"https://entirefm.com/facilities-management-team","200","Facilities Management Team | Entire FM","https://entirefm.com/facilities-management-team","INDEXABLE","Connected via Hub Architecture","COMMERCIAL","/facilities-management-team","KEEP_200","NONE (Direct 200 Serve)","Protected Historic / Core Route","P1"
"https://entirefm.com/facilities-management-telford","200","Telford Facilities Management | Commercial Property Maintenance | Entire FM","https://entirefm.com/facilities-management-telford","INDEXABLE","Connected via Hub Architecture","COMMERCIAL","/facilities-management-telford","KEEP_200","NONE (Direct 200 Serve)","Protected Historic / Core Route","P1"
"https://entirefm.com/facilities-management-wigan","200","Wigan Facilities Management | Commercial Property Maintenance | Entire FM","https://entirefm.com/facilities-management-wigan","INDEXABLE","Connected via Hub Architecture","COMMERCIAL","/facilities-management-wigan","KEEP_200","NONE (Direct 200 Serve)","Protected Historic / Core Route","P2"
"https://entirefm.com/fire-emergency-systems","200","Fire Emergency Systems | Entire FM","https://entirefm.com/fire-emergency-systems","INDEXABLE","Connected via Hub Architecture","COMMERCIAL","/fire-emergency-systems","KEEP_200","NONE (Direct 200 Serve)","Protected Historic / Core Route","P1"
"https://entirefm.com/fm-birmingham","200","Birmingham Facilities Management | Commercial Property Maintenance | Entire FM","https://entirefm.com/fm-birmingham","INDEXABLE","Connected via Hub Architecture","HIGH COMMERCIAL","/fm-birmingham","KEEP_200","NONE (Direct 200 Serve)","Protected Historic / Core Route","P0"
"https://entirefm.com/fm-bolton","200","Bolton Facilities Management | Commercial Property Maintenance | Entire FM","https://entirefm.com/fm-bolton","INDEXABLE","Connected via Hub Architecture","COMMERCIAL","/fm-bolton","KEEP_200","NONE (Direct 200 Serve)","Protected Historic / Core Route","P2"
"https://entirefm.com/fm-bradford","200","Bradford Facilities Management | Commercial Property Maintenance | Entire FM","https://entirefm.com/fm-bradford","INDEXABLE","Connected via Hub Architecture","COMMERCIAL","/fm-bradford","KEEP_200","NONE (Direct 200 Serve)","Protected Historic / Core Route","P1"
"https://entirefm.com/fm-bury","200","Bury Facilities Management | Commercial Property Maintenance | Entire FM","https://entirefm.com/fm-bury","INDEXABLE","Connected via Hub Architecture","COMMERCIAL","/fm-bury","KEEP_200","NONE (Direct 200 Serve)","Protected Historic / Core Route","P2"
"https://entirefm.com/fm-chesterfield","200","Chesterfield Facilities Management | Commercial Property Maintenance | Entire FM","https://entirefm.com/fm-chesterfield","INDEXABLE","Connected via Hub Architecture","COMMERCIAL","/fm-chesterfield","KEEP_200","NONE (Direct 200 Serve)","Protected Historic / Core Route","P1"
"https://entirefm.com/fm-client-info","200","Fm Client Info | Entire FM","https://entirefm.com/fm-client-info","INDEXABLE","Connected via Hub Architecture","COMMERCIAL","/fm-client-info","KEEP_200","NONE (Direct 200 Serve)","Protected Historic / Core Route","P1"
"https://entirefm.com/fm-derby","200","Derby Facilities Management | Commercial Property Maintenance | Entire FM","https://entirefm.com/fm-derby","INDEXABLE","Connected via Hub Architecture","COMMERCIAL","/fm-derby","KEEP_200","NONE (Direct 200 Serve)","Protected Historic / Core Route","P1"
"https://entirefm.com/fm-doncaster","200","Doncaster Facilities Management | Commercial Property Maintenance | Entire FM","https://entirefm.com/fm-doncaster","INDEXABLE","Connected via Hub Architecture","COMMERCIAL","/fm-doncaster","KEEP_200","NONE (Direct 200 Serve)","Protected Historic / Core Route","P2"
"https://entirefm.com/fm-grimsby","200","Grimsby Facilities Management | Commercial Property Maintenance | Entire FM","https://entirefm.com/fm-grimsby","INDEXABLE","Connected via Hub Architecture","COMMERCIAL","/fm-grimsby","KEEP_200","NONE (Direct 200 Serve)","Protected Historic / Core Route","P2"
"https://entirefm.com/fm-leeds","200","Leeds Facilities Management | Commercial Property Maintenance | Entire FM","https://entirefm.com/fm-leeds","INDEXABLE","Connected via Hub Architecture","HIGH COMMERCIAL","/fm-leeds","KEEP_200","NONE (Direct 200 Serve)","Protected Historic / Core Route","P0"
"https://entirefm.com/fm-lincoln","200","Lincoln Facilities Management | Commercial Property Maintenance | Entire FM","https://entirefm.com/fm-lincoln","INDEXABLE","Connected via Hub Architecture","COMMERCIAL","/fm-lincoln","KEEP_200","NONE (Direct 200 Serve)","Protected Historic / Core Route","P1"
"https://entirefm.com/fm-liverpool","200","Liverpool Facilities Management | Commercial Property Maintenance | Entire FM","https://entirefm.com/fm-liverpool","INDEXABLE","Connected via Hub Architecture","COMMERCIAL","/fm-liverpool","KEEP_200","NONE (Direct 200 Serve)","Protected Historic / Core Route","P1"
"https://entirefm.com/fm-london","200","FM London | 24/7 Facilities Management & Rapid Response | Entire FM","https://entirefm.com/fm-london","INDEXABLE","Connected via Hub Architecture","HIGH COMMERCIAL","/fm-london","KEEP_200","NONE (Direct 200 Serve)","Protected Historic / Core Route","P0"
"https://entirefm.com/fm-manchester","200","Manchester Facilities Management | Commercial Property Maintenance | Entire FM","https://entirefm.com/fm-manchester","INDEXABLE","Connected via Hub Architecture","HIGH COMMERCIAL","/fm-manchester","KEEP_200","NONE (Direct 200 Serve)","Protected Historic / Core Route","P0"
"https://entirefm.com/fm-matlock","200","Matlock Facilities Management | Commercial Property Maintenance | Entire FM","https://entirefm.com/fm-matlock","INDEXABLE","Connected via Hub Architecture","COMMERCIAL","/fm-matlock","KEEP_200","NONE (Direct 200 Serve)","Protected Historic / Core Route","P1"
"https://entirefm.com/fm-nottingham","200","Nottingham Facilities Management | Commercial Property Maintenance | Entire FM","https://entirefm.com/fm-nottingham","INDEXABLE","Connected via Hub Architecture","COMMERCIAL","/fm-nottingham","KEEP_200","NONE (Direct 200 Serve)","Protected Historic / Core Route","P1"
"https://entirefm.com/fm-oxford","200","Oxford Facilities Management | Commercial Property Maintenance | Entire FM","https://entirefm.com/fm-oxford","INDEXABLE","Connected via Hub Architecture","COMMERCIAL","/fm-oxford","KEEP_200","NONE (Direct 200 Serve)","Protected Historic / Core Route","P2"
"https://entirefm.com/fm-preston","200","Preston Facilities Management | Commercial Property Maintenance | Entire FM","https://entirefm.com/fm-preston","INDEXABLE","Connected via Hub Architecture","COMMERCIAL","/fm-preston","KEEP_200","NONE (Direct 200 Serve)","Protected Historic / Core Route","P2"
"https://entirefm.com/fm-rotherham","200","Rotherham Facilities Management | Commercial Property Maintenance | Entire FM","https://entirefm.com/fm-rotherham","INDEXABLE","Connected via Hub Architecture","COMMERCIAL","/fm-rotherham","KEEP_200","NONE (Direct 200 Serve)","Protected Historic / Core Route","P2"
"https://entirefm.com/fm-services-sheffield","200","Sheffield Facilities Management | Commercial Property Maintenance | Entire FM","https://entirefm.com/fm-services-sheffield","INDEXABLE","Connected via Hub Architecture","HIGH COMMERCIAL","/fm-services-sheffield","KEEP_200","NONE (Direct 200 Serve)","Protected Historic / Core Route","P0"
"https://entirefm.com/fm-sheffield","200","Sheffield Facilities Management | Commercial Property Maintenance | Entire FM","https://entirefm.com/fm-sheffield","INDEXABLE","Connected via Hub Architecture","HIGH COMMERCIAL","/fm-sheffield","KEEP_200","NONE (Direct 200 Serve)","Protected Historic / Core Route","P0"
"https://entirefm.com/fm-supply-chain","200","Fm Supply Chain | Entire FM","https://entirefm.com/fm-supply-chain","INDEXABLE","Connected via Hub Architecture","COMMERCIAL","/fm-supply-chain","KEEP_200","NONE (Direct 200 Serve)","Protected Historic / Core Route","P1"
"https://entirefm.com/fm-supply-form","200","Fm Supply Form | Entire FM","https://entirefm.com/fm-supply-form","INDEXABLE","Connected via Hub Architecture","COMMERCIAL","/fm-supply-form","KEEP_200","NONE (Direct 200 Serve)","Protected Historic / Core Route","P1"
"https://entirefm.com/fm-support-n-contact","200","Fm Support N Contact | Entire FM","https://entirefm.com/fm-support-n-contact","INDEXABLE","Connected via Hub Architecture","COMMERCIAL","/fm-support-n-contact","KEEP_200","NONE (Direct 200 Serve)","Protected Historic / Core Route","P1"
"https://entirefm.com/fm-support-n-contact/facilities-management-glossary","200","Fm Support N Contact/Facilities Management Glossary | Entire FM","https://entirefm.com/fm-support-n-contact/facilities-management-glossary","INDEXABLE","Connected via Hub Architecture","COMMERCIAL","/fm-support-n-contact/facilities-management-glossary","KEEP_200","NONE (Direct 200 Serve)","Protected Historic / Core Route","P1"
"https://entirefm.com/fm-technical-services","200","Fm Technical Services | Entire FM","https://entirefm.com/fm-technical-services","INDEXABLE","Connected via Hub Architecture","COMMERCIAL","/fm-technical-services","KEEP_200","NONE (Direct 200 Serve)","Protected Historic / Core Route","P1"
"https://entirefm.com/fm-telford","200","Telford Facilities Management | Commercial Property Maintenance | Entire FM","https://entirefm.com/fm-telford","INDEXABLE","Connected via Hub Architecture","COMMERCIAL","/fm-telford","KEEP_200","NONE (Direct 200 Serve)","Protected Historic / Core Route","P1"
"https://entirefm.com/fm-wigan","200","Wigan Facilities Management | Commercial Property Maintenance | Entire FM","https://entirefm.com/fm-wigan","INDEXABLE","Connected via Hub Architecture","COMMERCIAL","/fm-wigan","KEEP_200","NONE (Direct 200 Serve)","Protected Historic / Core Route","P2"
"https://entirefm.com/gates-barriers","200","Gates Barriers | Entire FM","https://entirefm.com/gates-barriers","INDEXABLE","Connected via Hub Architecture","COMMERCIAL","/gates-barriers","KEEP_200","NONE (Direct 200 Serve)","Protected Historic / Core Route","P1"
"https://entirefm.com/grimsby-facilities-management","200","Grimsby Facilities Management | Commercial Property Maintenance | Entire FM","https://entirefm.com/grimsby-facilities-management","INDEXABLE","Connected via Hub Architecture","COMMERCIAL","/grimsby-facilities-management","KEEP_200","NONE (Direct 200 Serve)","Protected Historic / Core Route","P2"
"https://entirefm.com/grounds-maintenance","200","Grounds Maintenance | Entire FM","https://entirefm.com/grounds-maintenance","INDEXABLE","Connected via Hub Architecture","COMMERCIAL","/grounds-maintenance","KEEP_200","NONE (Direct 200 Serve)","Protected Historic / Core Route","P1"
"https://entirefm.com/hard-services","200","Hard Services | Entire FM","https://entirefm.com/hard-services","INDEXABLE","Connected via Hub Architecture","HIGH COMMERCIAL","/hard-services","KEEP_200","NONE (Direct 200 Serve)","Protected Historic / Core Route","P0"
"https://entirefm.com/healthcare-facilities-management","200","Healthcare Facilities Management Solutions | Entire FM","https://entirefm.com/healthcare-facilities-management","INDEXABLE","Connected via Hub Architecture","COMMERCIAL","/healthcare-facilities-management","KEEP_200","NONE (Direct 200 Serve)","Protected Historic / Core Route","P1"
"https://entirefm.com/helpdesk","200","Helpdesk | Entire FM","https://entirefm.com/helpdesk","INDEXABLE","Connected via Hub Architecture","COMMERCIAL","/helpdesk","KEEP_200","NONE (Direct 200 Serve)","Protected Historic / Core Route","P1"
"https://entirefm.com/helpdesk-registration","200","Helpdesk Registration | Entire FM","https://entirefm.com/helpdesk-registration","INDEXABLE","Connected via Hub Architecture","COMMERCIAL","/helpdesk-registration","KEEP_200","NONE (Direct 200 Serve)","Protected Historic / Core Route","P1"
"https://entirefm.com/hot-tub-relocation","200","Hot Tub Relocation | Entire FM","https://entirefm.com/hot-tub-relocation","INDEXABLE","Connected via Hub Architecture","COMMERCIAL","/hot-tub-relocation","KEEP_200","NONE (Direct 200 Serve)","Protected Historic / Core Route","P1"
"https://entirefm.com/hotel-facilities-management","200","Hotel Facilities Management Solutions | Entire FM","https://entirefm.com/hotel-facilities-management","INDEXABLE","Connected via Hub Architecture","COMMERCIAL","/hotel-facilities-management","KEEP_200","NONE (Direct 200 Serve)","Protected Historic / Core Route","P1"
"https://entirefm.com/hvac-contractor","200","Commercial HVAC Contractor | Heating, Ventilation & Air Conditioning | Entire FM","https://entirefm.com/hvac-contractor","INDEXABLE","Connected via Hub Architecture","HIGH COMMERCIAL","/hvac-contractor","KEEP_200","NONE (Direct 200 Serve)","Protected Historic / Core Route","P0"
"https://entirefm.com/industrial-cleaning","200","Industrial Cleaning Services | Factory Deep Cleans & High Access | Entire FM","https://entirefm.com/industrial-cleaning","INDEXABLE","Connected via Hub Architecture","HIGH COMMERCIAL","/industrial-cleaning","KEEP_200","NONE (Direct 200 Serve)","Protected Historic / Core Route","P0"
"https://entirefm.com/industrial-cleaning-birmingham","200","Industrial Cleaning Birmingham | Specialist Commercial Services | Entire FM","https://entirefm.com/industrial-cleaning-birmingham","INDEXABLE","Connected via Hub Architecture","COMMERCIAL","/industrial-cleaning-birmingham","KEEP_200","NONE (Direct 200 Serve)","Protected Historic / Core Route","P1"
"https://entirefm.com/industrial-cleaning-chesterfield","200","Industrial Cleaning Chesterfield | Specialist Commercial Services | Entire FM","https://entirefm.com/industrial-cleaning-chesterfield","INDEXABLE","Connected via Hub Architecture","COMMERCIAL","/industrial-cleaning-chesterfield","KEEP_200","NONE (Direct 200 Serve)","Protected Historic / Core Route","P1"
"https://entirefm.com/industrial-cleaning-derby","200","Industrial Cleaning Derby | Specialist Commercial Services | Entire FM","https://entirefm.com/industrial-cleaning-derby","INDEXABLE","Connected via Hub Architecture","COMMERCIAL","/industrial-cleaning-derby","KEEP_200","NONE (Direct 200 Serve)","Protected Historic / Core Route","P1"
"https://entirefm.com/industrial-cleaning-leeds","200","Industrial Cleaning Leeds | Specialist Commercial Services | Entire FM","https://entirefm.com/industrial-cleaning-leeds","INDEXABLE","Connected via Hub Architecture","COMMERCIAL","/industrial-cleaning-leeds","KEEP_200","NONE (Direct 200 Serve)","Protected Historic / Core Route","P1"
"https://entirefm.com/industrial-cleaning-lincoln","200","Industrial Cleaning Lincoln | Specialist Commercial Services | Entire FM","https://entirefm.com/industrial-cleaning-lincoln","INDEXABLE","Connected via Hub Architecture","COMMERCIAL","/industrial-cleaning-lincoln","KEEP_200","NONE (Direct 200 Serve)","Protected Historic / Core Route","P1"
"https://entirefm.com/industrial-cleaning-london","200","Industrial Cleaning London | Specialist Commercial Services | Entire FM","https://entirefm.com/industrial-cleaning-london","INDEXABLE","Connected via Hub Architecture","COMMERCIAL","/industrial-cleaning-london","KEEP_200","NONE (Direct 200 Serve)","Protected Historic / Core Route","P1"
"https://entirefm.com/industrial-cleaning-manchester","200","Industrial Cleaning Manchester | Specialist Commercial Services | Entire FM","https://entirefm.com/industrial-cleaning-manchester","INDEXABLE","Connected via Hub Architecture","COMMERCIAL","/industrial-cleaning-manchester","KEEP_200","NONE (Direct 200 Serve)","Protected Historic / Core Route","P1"
"https://entirefm.com/industrial-cleaning-nottingham","200","Industrial Cleaning Nottingham | Specialist Commercial Services | Entire FM","https://entirefm.com/industrial-cleaning-nottingham","INDEXABLE","Connected via Hub Architecture","COMMERCIAL","/industrial-cleaning-nottingham","KEEP_200","NONE (Direct 200 Serve)","Protected Historic / Core Route","P1"
"https://entirefm.com/industrial-cleaning-sheffield","200","Industrial Cleaning Sheffield | Specialist Commercial Services | Entire FM","https://entirefm.com/industrial-cleaning-sheffield","INDEXABLE","Connected via Hub Architecture","COMMERCIAL","/industrial-cleaning-sheffield","KEEP_200","NONE (Direct 200 Serve)","Protected Historic / Core Route","P1"
"https://entirefm.com/industrial-facilities-management","200","Industrial Facilities Management Solutions | Entire FM","https://entirefm.com/industrial-facilities-management","INDEXABLE","Connected via Hub Architecture","COMMERCIAL","/industrial-facilities-management","KEEP_200","NONE (Direct 200 Serve)","Protected Historic / Core Route","P1"
"https://entirefm.com/industrial-fm-lincoln","200","Lincoln Facilities Management | Commercial Property Maintenance | Entire FM","https://entirefm.com/industrial-fm-lincoln","INDEXABLE","Connected via Hub Architecture","COMMERCIAL","/industrial-fm-lincoln","KEEP_200","NONE (Direct 200 Serve)","Protected Historic / Core Route","P1"
"https://entirefm.com/internal-cleaning","200","Internal Cleaning | Entire FM","https://entirefm.com/internal-cleaning","INDEXABLE","Connected via Hub Architecture","COMMERCIAL","/internal-cleaning","KEEP_200","NONE (Direct 200 Serve)","Protected Historic / Core Route","P1"
"https://entirefm.com/items","200","Items | Entire FM","https://entirefm.com/items","INDEXABLE","Connected via Hub Architecture","COMMERCIAL","/items","KEEP_200","NONE (Direct 200 Serve)","Protected Historic / Core Route","P1"
"https://entirefm.com/job-board","200","Job Board | Entire FM","https://entirefm.com/job-board","INDEXABLE","Connected via Hub Architecture","COMMERCIAL","/job-board","KEEP_200","NONE (Direct 200 Serve)","Protected Historic / Core Route","P1"
"https://entirefm.com/landmark-facilities-management","200","Landmark Facilities Management Solutions | Entire FM","https://entirefm.com/landmark-facilities-management","INDEXABLE","Connected via Hub Architecture","COMMERCIAL","/landmark-facilities-management","KEEP_200","NONE (Direct 200 Serve)","Protected Historic / Core Route","P1"
"https://entirefm.com/landscaping","200","Landscaping | Entire FM","https://entirefm.com/landscaping","INDEXABLE","Connected via Hub Architecture","COMMERCIAL","/landscaping","KEEP_200","NONE (Direct 200 Serve)","Protected Historic / Core Route","P1"
"https://entirefm.com/leeds-facilities-management","200","Leeds Facilities Management | Commercial Property Maintenance | Entire FM","https://entirefm.com/leeds-facilities-management","INDEXABLE","Connected via Hub Architecture","HIGH COMMERCIAL","/leeds-facilities-management","KEEP_200","NONE (Direct 200 Serve)","Protected Historic / Core Route","P0"
"https://entirefm.com/lincoln-facilities-management","200","Lincoln Facilities Management | Commercial Property Maintenance | Entire FM","https://entirefm.com/lincoln-facilities-management","INDEXABLE","Connected via Hub Architecture","COMMERCIAL","/lincoln-facilities-management","KEEP_200","NONE (Direct 200 Serve)","Protected Historic / Core Route","P1"
"https://entirefm.com/lincoln-facilities-management-areas","200","Lincoln Facilities Management | Commercial Property Maintenance | Entire FM","https://entirefm.com/lincoln-facilities-management-areas","INDEXABLE","Connected via Hub Architecture","COMMERCIAL","/lincoln-facilities-management-areas","KEEP_200","NONE (Direct 200 Serve)","Protected Historic / Core Route","P1"
"https://entirefm.com/liverpool-facilities-management","200","Liverpool Facilities Management | Commercial Property Maintenance | Entire FM","https://entirefm.com/liverpool-facilities-management","INDEXABLE","Connected via Hub Architecture","COMMERCIAL","/liverpool-facilities-management","KEEP_200","NONE (Direct 200 Serve)","Protected Historic / Core Route","P1"
"https://entirefm.com/logistics-facilities-management","200","Logistics Facilities Management Solutions | Entire FM","https://entirefm.com/logistics-facilities-management","INDEXABLE","Connected via Hub Architecture","COMMERCIAL","/logistics-facilities-management","KEEP_200","NONE (Direct 200 Serve)","Protected Historic / Core Route","P1"
"https://entirefm.com/london-facilities-management","200","London Facilities Management | Managing Agents & Corporate Estates | Entire FM","https://entirefm.com/london-facilities-management","INDEXABLE","Connected via Hub Architecture","HIGH COMMERCIAL","/london-facilities-management","KEEP_200","NONE (Direct 200 Serve)","Protected Historic / Core Route","P0"
"https://entirefm.com/london-facilities-management-areas","200","London Facilities Management | Commercial Property Maintenance | Entire FM","https://entirefm.com/london-facilities-management-areas","INDEXABLE","Connected via Hub Architecture","HIGH COMMERCIAL","/london-facilities-management-areas","KEEP_200","NONE (Direct 200 Serve)","Protected Historic / Core Route","P0"
"https://entirefm.com/manchester-facilities-management","200","Manchester Facilities Management | Commercial Property Maintenance | Entire FM","https://entirefm.com/manchester-facilities-management","INDEXABLE","Connected via Hub Architecture","HIGH COMMERCIAL","/manchester-facilities-management","KEEP_200","NONE (Direct 200 Serve)","Protected Historic / Core Route","P0"
"https://entirefm.com/manchester-facilities-managment","200","Manchester Facilities Managment | Entire FM","https://entirefm.com/manchester-facilities-managment","INDEXABLE","Connected via Hub Architecture","COMMERCIAL","/manchester-facilities-managment","KEEP_200","NONE (Direct 200 Serve)","Protected Historic / Core Route","P1"
"https://entirefm.com/manchester-office-cleaning","200","Office Cleaning Manchester | Specialist Commercial Services | Entire FM","https://entirefm.com/manchester-office-cleaning","INDEXABLE","Connected via Hub Architecture","COMMERCIAL","/manchester-office-cleaning","KEEP_200","NONE (Direct 200 Serve)","Protected Historic / Core Route","P1"
"https://entirefm.com/mechanical-electrical","200","Mechanical & Electrical Services | M&E Contractor | Entire FM","https://entirefm.com/mechanical-electrical","INDEXABLE","Connected via Hub Architecture","HIGH COMMERCIAL","/mechanical-electrical","KEEP_200","NONE (Direct 200 Serve)","Protected Historic / Core Route","P0"
"https://entirefm.com/mechanical-electrical/access-control","200","Mechanical Electrical/Access Control | Entire FM","https://entirefm.com/mechanical-electrical/access-control","INDEXABLE","Connected via Hub Architecture","COMMERCIAL","/mechanical-electrical/access-control","KEEP_200","NONE (Direct 200 Serve)","Protected Historic / Core Route","P1"
"https://entirefm.com/mechanical-electrical/emergency-light-testing","200","Mechanical Electrical/Emergency Light Testing | Entire FM","https://entirefm.com/mechanical-electrical/emergency-light-testing","INDEXABLE","Connected via Hub Architecture","COMMERCIAL","/mechanical-electrical/emergency-light-testing","KEEP_200","NONE (Direct 200 Serve)","Protected Historic / Core Route","P1"
"https://entirefm.com/media-digital-displays","200","Media Digital Displays | Entire FM","https://entirefm.com/media-digital-displays","INDEXABLE","Connected via Hub Architecture","COMMERCIAL","/media-digital-displays","KEEP_200","NONE (Direct 200 Serve)","Protected Historic / Core Route","P1"
"https://entirefm.com/medical-cleaning","200","Medical Cleaning | Entire FM","https://entirefm.com/medical-cleaning","INDEXABLE","Connected via Hub Architecture","COMMERCIAL","/medical-cleaning","KEEP_200","NONE (Direct 200 Serve)","Protected Historic / Core Route","P1"
"https://entirefm.com/mobile-crane-hire","200","Mobile Crane Hire | Entire FM","https://entirefm.com/mobile-crane-hire","INDEXABLE","Connected via Hub Architecture","COMMERCIAL","/mobile-crane-hire","KEEP_200","NONE (Direct 200 Serve)","Protected Historic / Core Route","P1"
"https://entirefm.com/mobile-crane-hire/chesterfield","200","Mobile Crane Hire/Chesterfield | Entire FM","https://entirefm.com/mobile-crane-hire/chesterfield","INDEXABLE","Connected via Hub Architecture","COMMERCIAL","/mobile-crane-hire/chesterfield","KEEP_200","NONE (Direct 200 Serve)","Protected Historic / Core Route","P1"
"https://entirefm.com/mobile-crane-hire/sheffield","200","Mobile Crane Hire/Sheffield | Entire FM","https://entirefm.com/mobile-crane-hire/sheffield","INDEXABLE","Connected via Hub Architecture","COMMERCIAL","/mobile-crane-hire/sheffield","KEEP_200","NONE (Direct 200 Serve)","Protected Historic / Core Route","P1"
"https://entirefm.com/mobile-crane-hire/truck-mount-crane-hire","200","Mobile Crane Hire/Truck Mount Crane Hire | Entire FM","https://entirefm.com/mobile-crane-hire/truck-mount-crane-hire","INDEXABLE","Connected via Hub Architecture","COMMERCIAL","/mobile-crane-hire/truck-mount-crane-hire","KEEP_200","NONE (Direct 200 Serve)","Protected Historic / Core Route","P1"
"https://entirefm.com/nottingham-facilities-management","200","Nottingham Facilities Management | Commercial Property Maintenance | Entire FM","https://entirefm.com/nottingham-facilities-management","INDEXABLE","Connected via Hub Architecture","COMMERCIAL","/nottingham-facilities-management","KEEP_200","NONE (Direct 200 Serve)","Protected Historic / Core Route","P1"
"https://entirefm.com/office-cleaning","200","Office Cleaning | Entire FM","https://entirefm.com/office-cleaning","INDEXABLE","Connected via Hub Architecture","COMMERCIAL","/office-cleaning","KEEP_200","NONE (Direct 200 Serve)","Protected Historic / Core Route","P1"
"https://entirefm.com/office-cleaning-lincoln","200","Office Cleaning Lincoln | Specialist Commercial Services | Entire FM","https://entirefm.com/office-cleaning-lincoln","INDEXABLE","Connected via Hub Architecture","COMMERCIAL","/office-cleaning-lincoln","KEEP_200","NONE (Direct 200 Serve)","Protected Historic / Core Route","P1"
"https://entirefm.com/office-cleaning-london","200","Office Cleaning London | Specialist Commercial Services | Entire FM","https://entirefm.com/office-cleaning-london","INDEXABLE","Connected via Hub Architecture","COMMERCIAL","/office-cleaning-london","KEEP_200","NONE (Direct 200 Serve)","Protected Historic / Core Route","P1"
"https://entirefm.com/oxford-facilities-management","200","Oxford Facilities Management | Commercial Property Maintenance | Entire FM","https://entirefm.com/oxford-facilities-management","INDEXABLE","Connected via Hub Architecture","COMMERCIAL","/oxford-facilities-management","KEEP_200","NONE (Direct 200 Serve)","Protected Historic / Core Route","P2"
"https://entirefm.com/plumbing-gas","200","Plumbing Gas | Entire FM","https://entirefm.com/plumbing-gas","INDEXABLE","Connected via Hub Architecture","COMMERCIAL","/plumbing-gas","KEEP_200","NONE (Direct 200 Serve)","Protected Historic / Core Route","P1"
"https://entirefm.com/portfolio","200","Portfolio | Entire FM","https://entirefm.com/portfolio","INDEXABLE","Connected via Hub Architecture","COMMERCIAL","/portfolio","KEEP_200","NONE (Direct 200 Serve)","Protected Historic / Core Route","P1"
"https://entirefm.com/post/facilities-management-in-different-sectors-similarities-differences-and-the-need-for-agility","200","Facilities Management In Different Sectors Similarities Differences And The Need For Agility | Facilities Management Insights | Entire FM","https://entirefm.com/post/facilities-management-in-different-sectors-similarities-differences-and-the-need-for-agility","INDEXABLE","Connected via Hub Architecture","COMMERCIAL","/post/facilities-management-in-different-sectors-similarities-differences-and-the-need-for-agility","KEEP_200","NONE (Direct 200 Serve)","Protected Historic / Core Route","P2"
"https://entirefm.com/post/facilities-management-services-in-lincoln","200","Facilities Management Services In Lincoln | Facilities Management Insights | Entire FM","https://entirefm.com/post/facilities-management-services-in-lincoln","INDEXABLE","Connected via Hub Architecture","COMMERCIAL","/post/facilities-management-services-in-lincoln","KEEP_200","NONE (Direct 200 Serve)","Protected Historic / Core Route","P2"
"https://entirefm.com/post/facilities-management-to-birmingham","200","Facilities Management To Birmingham | Facilities Management Insights | Entire FM","https://entirefm.com/post/facilities-management-to-birmingham","INDEXABLE","Connected via Hub Architecture","COMMERCIAL","/post/facilities-management-to-birmingham","KEEP_200","NONE (Direct 200 Serve)","Protected Historic / Core Route","P2"
"https://entirefm.com/post/the-importance-of-regular-maintenance-and-inspections","200","The Importance Of Regular Maintenance And Inspections | Facilities Management Insights | Entire FM","https://entirefm.com/post/the-importance-of-regular-maintenance-and-inspections","INDEXABLE","Connected via Hub Architecture","COMMERCIAL","/post/the-importance-of-regular-maintenance-and-inspections","KEEP_200","NONE (Direct 200 Serve)","Protected Historic / Core Route","P2"
"https://entirefm.com/post/the-importance-of-regular-maintenance-and-inspections-1","200","The Importance Of Regular Maintenance And Inspections 1 | Facilities Management Insights | Entire FM","https://entirefm.com/post/the-importance-of-regular-maintenance-and-inspections-1","INDEXABLE","Connected via Hub Architecture","COMMERCIAL","/post/the-importance-of-regular-maintenance-and-inspections-1","KEEP_200","NONE (Direct 200 Serve)","Protected Historic / Core Route","P2"
"https://entirefm.com/post/what-are-hard-services","200","What Are Hard Services | Facilities Management Insights | Entire FM","https://entirefm.com/post/what-are-hard-services","INDEXABLE","Connected via Hub Architecture","COMMERCIAL","/post/what-are-hard-services","KEEP_200","NONE (Direct 200 Serve)","Protected Historic / Core Route","P2"
"https://entirefm.com/post/what-are-hard-services-in-facilities-management","200","What Are Hard Services In Facilities Management | Facilities Management Insights | Entire FM","https://entirefm.com/post/what-are-hard-services-in-facilities-management","INDEXABLE","Connected via Hub Architecture","COMMERCIAL","/post/what-are-hard-services-in-facilities-management","KEEP_200","NONE (Direct 200 Serve)","Protected Historic / Core Route","P2"
"https://entirefm.com/post/what-are-hard-services-in-facilities-management-1","200","What Are Hard Services In Facilities Management 1 | Facilities Management Insights | Entire FM","https://entirefm.com/post/what-are-hard-services-in-facilities-management-1","INDEXABLE","Connected via Hub Architecture","COMMERCIAL","/post/what-are-hard-services-in-facilities-management-1","KEEP_200","NONE (Direct 200 Serve)","Protected Historic / Core Route","P2"
"https://entirefm.com/post/what-is-facilities-management","200","What Is Facilities Management | Facilities Management Insights | Entire FM","https://entirefm.com/post/what-is-facilities-management","INDEXABLE","Connected via Hub Architecture","COMMERCIAL","/post/what-is-facilities-management","KEEP_200","NONE (Direct 200 Serve)","Protected Historic / Core Route","P2"
"https://entirefm.com/post/what-is-facilities-management-1","200","What Is Facilities Management 1 | Facilities Management Insights | Entire FM","https://entirefm.com/post/what-is-facilities-management-1","INDEXABLE","Connected via Hub Architecture","COMMERCIAL","/post/what-is-facilities-management-1","KEEP_200","NONE (Direct 200 Serve)","Protected Historic / Core Route","P2"
"https://entirefm.com/post/what-is-facilities-management-1-1","200","What Is Facilities Management 1 1 | Facilities Management Insights | Entire FM","https://entirefm.com/post/what-is-facilities-management-1-1","INDEXABLE","Connected via Hub Architecture","COMMERCIAL","/post/what-is-facilities-management-1-1","KEEP_200","NONE (Direct 200 Serve)","Protected Historic / Core Route","P2"
"https://entirefm.com/ppm","200","Planned Preventative Maintenance (PPM) | SFG20 Scheduling | Entire FM","https://entirefm.com/ppm","INDEXABLE","Connected via Hub Architecture","HIGH COMMERCIAL","/ppm","KEEP_200","NONE (Direct 200 Serve)","Protected Historic / Core Route","P0"
"https://entirefm.com/pressure-washing","200","Pressure Washing | Entire FM","https://entirefm.com/pressure-washing","INDEXABLE","Connected via Hub Architecture","COMMERCIAL","/pressure-washing","KEEP_200","NONE (Direct 200 Serve)","Protected Historic / Core Route","P1"
"https://entirefm.com/pressure-washing-birmingham","200","Pressure Washing Birmingham | Specialist Commercial Services | Entire FM","https://entirefm.com/pressure-washing-birmingham","INDEXABLE","Connected via Hub Architecture","COMMERCIAL","/pressure-washing-birmingham","KEEP_200","NONE (Direct 200 Serve)","Protected Historic / Core Route","P1"
"https://entirefm.com/pressure-washing-lincoln","200","Pressure Washing Lincoln | Specialist Commercial Services | Entire FM","https://entirefm.com/pressure-washing-lincoln","INDEXABLE","Connected via Hub Architecture","COMMERCIAL","/pressure-washing-lincoln","KEEP_200","NONE (Direct 200 Serve)","Protected Historic / Core Route","P1"
"https://entirefm.com/pressure-washing-london","200","Pressure Washing London | Specialist Commercial Services | Entire FM","https://entirefm.com/pressure-washing-london","INDEXABLE","Connected via Hub Architecture","COMMERCIAL","/pressure-washing-london","KEEP_200","NONE (Direct 200 Serve)","Protected Historic / Core Route","P1"
"https://entirefm.com/pressure-washing-manchester","200","Pressure Washing Manchester | Specialist Commercial Services | Entire FM","https://entirefm.com/pressure-washing-manchester","INDEXABLE","Connected via Hub Architecture","COMMERCIAL","/pressure-washing-manchester","KEEP_200","NONE (Direct 200 Serve)","Protected Historic / Core Route","P1"
"https://entirefm.com/pressure-washing-sheffield","200","Pressure Washing Sheffield | Specialist Commercial Services | Entire FM","https://entirefm.com/pressure-washing-sheffield","INDEXABLE","Connected via Hub Architecture","COMMERCIAL","/pressure-washing-sheffield","KEEP_200","NONE (Direct 200 Serve)","Protected Historic / Core Route","P1"
"https://entirefm.com/preston-facilities-management","200","Preston Facilities Management | Commercial Property Maintenance | Entire FM","https://entirefm.com/preston-facilities-management","INDEXABLE","Connected via Hub Architecture","COMMERCIAL","/preston-facilities-management","KEEP_200","NONE (Direct 200 Serve)","Protected Historic / Core Route","P2"
"https://entirefm.com/privacy-policy","200","Privacy Policy | Entire FM","https://entirefm.com/privacy-policy","INDEXABLE","Connected via Hub Architecture","COMMERCIAL","/privacy-policy","KEEP_200","NONE (Direct 200 Serve)","Protected Historic / Core Route","P1"
"https://entirefm.com/property-manager-fm-services","200","Property Manager Fm Services Facilities Management Solutions | Entire FM","https://entirefm.com/property-manager-fm-services","INDEXABLE","Connected via Hub Architecture","COMMERCIAL","/property-manager-fm-services","KEEP_200","NONE (Direct 200 Serve)","Protected Historic / Core Route","P1"
"https://entirefm.com/public-sector-facilities-management","200","Public Sector Facilities Management Solutions | Entire FM","https://entirefm.com/public-sector-facilities-management","INDEXABLE","Connected via Hub Architecture","COMMERCIAL","/public-sector-facilities-management","KEEP_200","NONE (Direct 200 Serve)","Protected Historic / Core Route","P1"
"https://entirefm.com/reactive-cleaning-services","200","Reactive Cleaning Services | Entire FM","https://entirefm.com/reactive-cleaning-services","INDEXABLE","Connected via Hub Architecture","COMMERCIAL","/reactive-cleaning-services","KEEP_200","NONE (Direct 200 Serve)","Protected Historic / Core Route","P1"
"https://entirefm.com/residential-cleaning","200","Residential Cleaning | Entire FM","https://entirefm.com/residential-cleaning","INDEXABLE","Connected via Hub Architecture","COMMERCIAL","/residential-cleaning","KEEP_200","NONE (Direct 200 Serve)","Protected Historic / Core Route","P1"
"https://entirefm.com/residential-facilities-management","200","Residential Facilities Management Solutions | Entire FM","https://entirefm.com/residential-facilities-management","INDEXABLE","Connected via Hub Architecture","COMMERCIAL","/residential-facilities-management","KEEP_200","NONE (Direct 200 Serve)","Protected Historic / Core Route","P1"
"https://entirefm.com/residential-fm-lincoln","200","Lincoln Facilities Management | Commercial Property Maintenance | Entire FM","https://entirefm.com/residential-fm-lincoln","INDEXABLE","Connected via Hub Architecture","COMMERCIAL","/residential-fm-lincoln","KEEP_200","NONE (Direct 200 Serve)","Protected Historic / Core Route","P1"
"https://entirefm.com/restaurant-facilities-management","200","Restaurant Facilities Management Solutions | Entire FM","https://entirefm.com/restaurant-facilities-management","INDEXABLE","Connected via Hub Architecture","COMMERCIAL","/restaurant-facilities-management","KEEP_200","NONE (Direct 200 Serve)","Protected Historic / Core Route","P1"
"https://entirefm.com/retail-cleaning","200","Retail Cleaning | Entire FM","https://entirefm.com/retail-cleaning","INDEXABLE","Connected via Hub Architecture","COMMERCIAL","/retail-cleaning","KEEP_200","NONE (Direct 200 Serve)","Protected Historic / Core Route","P1"
"https://entirefm.com/retail-facilities-management","200","Retail Facilities Management Solutions | Entire FM","https://entirefm.com/retail-facilities-management","INDEXABLE","Connected via Hub Architecture","COMMERCIAL","/retail-facilities-management","KEEP_200","NONE (Direct 200 Serve)","Protected Historic / Core Route","P1"
"https://entirefm.com/retail-fm-lincoln","200","Lincoln Facilities Management | Commercial Property Maintenance | Entire FM","https://entirefm.com/retail-fm-lincoln","INDEXABLE","Connected via Hub Architecture","COMMERCIAL","/retail-fm-lincoln","KEEP_200","NONE (Direct 200 Serve)","Protected Historic / Core Route","P1"
"https://entirefm.com/rotherham-facilities-management","200","Rotherham Facilities Management | Commercial Property Maintenance | Entire FM","https://entirefm.com/rotherham-facilities-management","INDEXABLE","Connected via Hub Architecture","COMMERCIAL","/rotherham-facilities-management","KEEP_200","NONE (Direct 200 Serve)","Protected Historic / Core Route","P2"
"https://entirefm.com/safety-critical-emergency-systems","200","Safety Critical Emergency Systems | Entire FM","https://entirefm.com/safety-critical-emergency-systems","INDEXABLE","Connected via Hub Architecture","COMMERCIAL","/safety-critical-emergency-systems","KEEP_200","NONE (Direct 200 Serve)","Protected Historic / Core Route","P1"
"https://entirefm.com/security-services","200","Security Services | Entire FM","https://entirefm.com/security-services","INDEXABLE","Connected via Hub Architecture","COMMERCIAL","/security-services","KEEP_200","NONE (Direct 200 Serve)","Protected Historic / Core Route","P1"
"https://entirefm.com/service-station-fm","200","Service Station Facilities Management Solutions | Entire FM","https://entirefm.com/service-station-fm","INDEXABLE","Connected via Hub Architecture","COMMERCIAL","/service-station-fm","KEEP_200","NONE (Direct 200 Serve)","Protected Historic / Core Route","P1"
"https://entirefm.com/services","200","Services | Entire FM","https://entirefm.com/services","INDEXABLE","Connected via Hub Architecture","COMMERCIAL","/services","KEEP_200","NONE (Direct 200 Serve)","Protected Historic / Core Route","P1"
"https://entirefm.com/sheffield-facilities-management","200","Sheffield Facilities Management | Commercial Property Maintenance | Entire FM","https://entirefm.com/sheffield-facilities-management","INDEXABLE","Connected via Hub Architecture","HIGH COMMERCIAL","/sheffield-facilities-management","KEEP_200","NONE (Direct 200 Serve)","Protected Historic / Core Route","P0"
"https://entirefm.com/soft-services","200","Soft Services | Entire FM","https://entirefm.com/soft-services","INDEXABLE","Connected via Hub Architecture","HIGH COMMERCIAL","/soft-services","KEEP_200","NONE (Direct 200 Serve)","Protected Historic / Core Route","P0"
"https://entirefm.com/sport-centre-facilities-management","200","Sport Centre Facilities Management Solutions | Entire FM","https://entirefm.com/sport-centre-facilities-management","INDEXABLE","Connected via Hub Architecture","COMMERCIAL","/sport-centre-facilities-management","KEEP_200","NONE (Direct 200 Serve)","Protected Historic / Core Route","P1"
"https://entirefm.com/telford-facilities-management","200","Telford Facilities Management | Commercial Property Maintenance | Entire FM","https://entirefm.com/telford-facilities-management","INDEXABLE","Connected via Hub Architecture","COMMERCIAL","/telford-facilities-management","KEEP_200","NONE (Direct 200 Serve)","Protected Historic / Core Route","P1"
"https://entirefm.com/terms-and-conditions","200","Terms And Conditions | Entire FM","https://entirefm.com/terms-and-conditions","INDEXABLE","Connected via Hub Architecture","COMMERCIAL","/terms-and-conditions","KEEP_200","NONE (Direct 200 Serve)","Protected Historic / Core Route","P1"
"https://entirefm.com/tier-one-facilities-management","200","Tier One Facilities Management Solutions | Entire FM","https://entirefm.com/tier-one-facilities-management","INDEXABLE","Connected via Hub Architecture","COMMERCIAL","/tier-one-facilities-management","KEEP_200","NONE (Direct 200 Serve)","Protected Historic / Core Route","P1"
"https://entirefm.com/tierone-facilities-managment","200","Tierone Facilities Managment Facilities Management Solutions | Entire FM","https://entirefm.com/tierone-facilities-managment","INDEXABLE","Connected via Hub Architecture","COMMERCIAL","/tierone-facilities-managment","KEEP_200","NONE (Direct 200 Serve)","Protected Historic / Core Route","P1"
"https://entirefm.com/transport-facilities-management","200","Transport Facilities Management Solutions | Entire FM","https://entirefm.com/transport-facilities-management","INDEXABLE","Connected via Hub Architecture","COMMERCIAL","/transport-facilities-management","KEEP_200","NONE (Direct 200 Serve)","Protected Historic / Core Route","P1"
"https://entirefm.com/vending-supplier","200","Vending Supplier | Entire FM","https://entirefm.com/vending-supplier","INDEXABLE","Connected via Hub Architecture","COMMERCIAL","/vending-supplier","KEEP_200","NONE (Direct 200 Serve)","Protected Historic / Core Route","P1"
"https://entirefm.com/warehouse-facilities-management","200","Warehouse Facilities Management Solutions | Entire FM","https://entirefm.com/warehouse-facilities-management","INDEXABLE","Connected via Hub Architecture","COMMERCIAL","/warehouse-facilities-management","KEEP_200","NONE (Direct 200 Serve)","Protected Historic / Core Route","P1"
"https://entirefm.com/washroom-management","200","Washroom Management | Entire FM","https://entirefm.com/washroom-management","INDEXABLE","Connected via Hub Architecture","COMMERCIAL","/washroom-management","KEEP_200","NONE (Direct 200 Serve)","Protected Historic / Core Route","P1"
"https://entirefm.com/what-is-facilities-management","200","What Is Facilities Management | Entire FM","https://entirefm.com/what-is-facilities-management","INDEXABLE","Connected via Hub Architecture","COMMERCIAL","/what-is-facilities-management","KEEP_200","NONE (Direct 200 Serve)","Protected Historic / Core Route","P1"
"https://entirefm.com/wigan-facilities-management","200","Wigan Facilities Management | Commercial Property Maintenance | Entire FM","https://entirefm.com/wigan-facilities-management","INDEXABLE","Connected via Hub Architecture","COMMERCIAL","/wigan-facilities-management","KEEP_200","NONE (Direct 200 Serve)","Protected Historic / Core Route","P2"
"https://entirefm.com/window-cleaning","200","Window Cleaning | Entire FM","https://entirefm.com/window-cleaning","INDEXABLE","Connected via Hub Architecture","COMMERCIAL","/window-cleaning","KEEP_200","NONE (Direct 200 Serve)","Protected Historic / Core Route","P1"
"https://entirefm.com/working-at-heights","200","Working At Heights | Entire FM","https://entirefm.com/working-at-heights","INDEXABLE","Connected via Hub Architecture","COMMERCIAL","/working-at-heights","KEEP_200","NONE (Direct 200 Serve)","Protected Historic / Core Route","P1"