currentPath,currentUrl,migrationDecision,targetDestination,rationale
"/","https://www.entirefm.com/","KEEP_200","/","Path matches registered 200 route"
"/about","https://www.entirefm.com/about","301_TO_HISTORIC","/about-entire-facilities-management","Semantic intent consolidation into protected historic page"
"/academy","https://www.entirefm.com/academy","301_TO_HISTORIC","/","General legacy redirect to homepage"
"/academy/drone-inspection-guide","https://www.entirefm.com/academy/drone-inspection-guide","301_TO_HISTORIC","/","Consolidation of legacy programmatic experiment to homepage"
"/academy/fire-safety-compliance","https://www.entirefm.com/academy/fire-safety-compliance","301_TO_HISTORIC","/","Consolidation of legacy programmatic experiment to homepage"
"/academy/legionella-water-safety","https://www.entirefm.com/academy/legionella-water-safety","301_TO_HISTORIC","/","Consolidation of legacy programmatic experiment to homepage"
"/academy/multi-site-fm-management","https://www.entirefm.com/academy/multi-site-fm-management","301_TO_HISTORIC","/","Consolidation of legacy programmatic experiment to homepage"
"/academy/understanding-ppm","https://www.entirefm.com/academy/understanding-ppm","301_TO_HISTORIC","/","Consolidation of legacy programmatic experiment to homepage"
"/aerial-drone-building-inspection","https://www.entirefm.com/aerial-drone-building-inspection","KEEP_200","/aerial-drone-building-inspection","Path matches registered 200 route"
"/airport-facilities-management","https://www.entirefm.com/airport-facilities-management","KEEP_200","/airport-facilities-management","Path matches registered 200 route"
"/arena-facilities-management","https://www.entirefm.com/arena-facilities-management","KEEP_200","/arena-facilities-management","Path matches registered 200 route"
"/awards","https://www.entirefm.com/awards","301_TO_HISTORIC","/","General legacy redirect to homepage"
"/blog","https://www.entirefm.com/blog","KEEP_200","/blog","Path matches registered 200 route"
"/building-walk","https://www.entirefm.com/building-walk","301_TO_HISTORIC","/","General legacy redirect to homepage"
"/building-walk/hotel-fm-guest-experience","https://www.entirefm.com/building-walk/hotel-fm-guest-experience","301_TO_HISTORIC","/","Consolidation of legacy programmatic experiment to homepage"
"/building-walk/industrial-cleaning-before-after","https://www.entirefm.com/building-walk/industrial-cleaning-before-after","301_TO_HISTORIC","/","Consolidation of legacy programmatic experiment to homepage"
"/building-walk/office-building-fm-walkthrough","https://www.entirefm.com/building-walk/office-building-fm-walkthrough","301_TO_HISTORIC","/","Consolidation of legacy programmatic experiment to homepage"
"/building-walk/residential-block-fm-issues","https://www.entirefm.com/building-walk/residential-block-fm-issues","301_TO_HISTORIC","/","Consolidation of legacy programmatic experiment to homepage"
"/building-walk/retail-unit-compliance-walkthrough","https://www.entirefm.com/building-walk/retail-unit-compliance-walkthrough","301_TO_HISTORIC","/","Consolidation of legacy programmatic experiment to homepage"
"/careers","https://www.entirefm.com/careers","301_TO_HISTORIC","/job-board","Semantic intent consolidation into protected historic page"
"/case-studies","https://www.entirefm.com/case-studies","301_TO_HISTORIC","/case-studies","Semantic intent consolidation into protected historic page"
"/case-studies/aviation","https://www.entirefm.com/case-studies/aviation","301_TO_HISTORIC","/case-studies","Consolidation to case studies portfolio hub"
"/case-studies/corporate","https://www.entirefm.com/case-studies/corporate","301_TO_HISTORIC","/case-studies","Consolidation to case studies portfolio hub"
"/case-studies/corporate-office-campus-fm","https://www.entirefm.com/case-studies/corporate-office-campus-fm","301_TO_HISTORIC","/case-studies","Consolidation to case studies portfolio hub"
"/case-studies/corporate-office-london","https://www.entirefm.com/case-studies/corporate-office-london","301_TO_HISTORIC","/case-studies","Consolidation to case studies portfolio hub"
"/case-studies/engineering","https://www.entirefm.com/case-studies/engineering","301_TO_HISTORIC","/case-studies","Consolidation to case studies portfolio hub"
"/case-studies/healthcare","https://www.entirefm.com/case-studies/healthcare","301_TO_HISTORIC","/case-studies","Consolidation to case studies portfolio hub"
"/case-studies/hospitality","https://www.entirefm.com/case-studies/hospitality","301_TO_HISTORIC","/case-studies","Consolidation to case studies portfolio hub"
"/case-studies/hotel-fm-transformation","https://www.entirefm.com/case-studies/hotel-fm-transformation","301_TO_HISTORIC","/case-studies","Consolidation to case studies portfolio hub"
"/case-studies/industrial-cleaning-restoration","https://www.entirefm.com/case-studies/industrial-cleaning-restoration","301_TO_HISTORIC","/case-studies","Consolidation to case studies portfolio hub"
"/case-studies/industrial-warehouse-sheffield","https://www.entirefm.com/case-studies/industrial-warehouse-sheffield","301_TO_HISTORIC","/case-studies","Consolidation to case studies portfolio hub"
"/case-studies/logistics","https://www.entirefm.com/case-studies/logistics","301_TO_HISTORIC","/case-studies","Consolidation to case studies portfolio hub"
"/case-studies/motorway-services-fm-contract","https://www.entirefm.com/case-studies/motorway-services-fm-contract","301_TO_HISTORIC","/case-studies","Consolidation to case studies portfolio hub"
"/case-studies/pbsa","https://www.entirefm.com/case-studies/pbsa","301_TO_HISTORIC","/case-studies","Consolidation to case studies portfolio hub"
"/case-studies/pbsa-estate-manchester","https://www.entirefm.com/case-studies/pbsa-estate-manchester","301_TO_HISTORIC","/case-studies","Consolidation to case studies portfolio hub"
"/case-studies/residential-estate-management","https://www.entirefm.com/case-studies/residential-estate-management","301_TO_HISTORIC","/case-studies","Consolidation to case studies portfolio hub"
"/case-studies/retail","https://www.entirefm.com/case-studies/retail","301_TO_HISTORIC","/case-studies","Consolidation to case studies portfolio hub"
"/case-studies/retail-complex-birmingham","https://www.entirefm.com/case-studies/retail-complex-birmingham","301_TO_HISTORIC","/case-studies","Consolidation to case studies portfolio hub"
"/case-studies/retail-estate-ppm-rollout","https://www.entirefm.com/case-studies/retail-estate-ppm-rollout","301_TO_HISTORIC","/case-studies","Consolidation to case studies portfolio hub"
"/case-studies/service-stations","https://www.entirefm.com/case-studies/service-stations","301_TO_HISTORIC","/case-studies","Consolidation to case studies portfolio hub"
"/commercial-facilities-management","https://www.entirefm.com/commercial-facilities-management","KEEP_200","/commercial-facilities-management","Path matches registered 200 route"
"/compare","https://www.entirefm.com/compare","301_TO_HISTORIC","/","General legacy redirect to homepage"
"/compare/entirefm-vs-call-out-only","https://www.entirefm.com/compare/entirefm-vs-call-out-only","301_TO_HISTORIC","/","General legacy redirect to homepage"
"/compare/entirefm-vs-cbre","https://www.entirefm.com/compare/entirefm-vs-cbre","301_TO_HISTORIC","/","General legacy redirect to homepage"
"/compare/entirefm-vs-freelance","https://www.entirefm.com/compare/entirefm-vs-freelance","301_TO_HISTORIC","/","General legacy redirect to homepage"
"/compare/entirefm-vs-in-house","https://www.entirefm.com/compare/entirefm-vs-in-house","301_TO_HISTORIC","/","General legacy redirect to homepage"
"/compare/entirefm-vs-jll","https://www.entirefm.com/compare/entirefm-vs-jll","301_TO_HISTORIC","/","General legacy redirect to homepage"
"/compare/entirefm-vs-mitie","https://www.entirefm.com/compare/entirefm-vs-mitie","301_TO_HISTORIC","/","General legacy redirect to homepage"
"/compare/entirefm-vs-sodexo","https://www.entirefm.com/compare/entirefm-vs-sodexo","301_TO_HISTORIC","/","General legacy redirect to homepage"
"/compliance-diagnostic","https://www.entirefm.com/compliance-diagnostic","301_TO_HISTORIC","/","General legacy redirect to homepage"
"/compliance-pack","https://www.entirefm.com/compliance-pack","301_TO_HISTORIC","/","General legacy redirect to homepage"
"/compliance-risk-diagnostic","https://www.entirefm.com/compliance-risk-diagnostic","301_TO_HISTORIC","/","General legacy redirect to homepage"
"/contact","https://www.entirefm.com/contact","301_TO_HISTORIC","/contact-us","Semantic intent consolidation into protected historic page"
"/coverage","https://www.entirefm.com/coverage","301_TO_HISTORIC","/","General legacy redirect to homepage"
"/education-facilities-management","https://www.entirefm.com/education-facilities-management","KEEP_200","/education-facilities-management","Path matches registered 200 route"
"/entirecafm","https://www.entirefm.com/entirecafm","301_TO_HISTORIC","/","General legacy redirect to homepage"
"/esg","https://www.entirefm.com/esg","301_TO_HISTORIC","/","General legacy redirect to homepage"
"/facilities-management-birmingham","https://www.entirefm.com/facilities-management-birmingham","KEEP_200","/facilities-management-birmingham","Path matches registered 200 route"
"/facilities-management-bradford","https://www.entirefm.com/facilities-management-bradford","KEEP_200","/facilities-management-bradford","Path matches registered 200 route"
"/facilities-management-chesterfield","https://www.entirefm.com/facilities-management-chesterfield","KEEP_200","/facilities-management-chesterfield","Path matches registered 200 route"
"/facilities-management-derby","https://www.entirefm.com/facilities-management-derby","KEEP_200","/facilities-management-derby","Path matches registered 200 route"
"/facilities-management-doncaster","https://www.entirefm.com/facilities-management-doncaster","KEEP_200","/facilities-management-doncaster","Path matches registered 200 route"
"/facilities-management-in-telford","https://www.entirefm.com/facilities-management-in-telford","KEEP_200","/facilities-management-in-telford","Path matches registered 200 route"
"/facilities-management-in-the-midlands","https://www.entirefm.com/facilities-management-in-the-midlands","KEEP_200","/facilities-management-in-the-midlands","Path matches registered 200 route"
"/facilities-management-leeds","https://www.entirefm.com/facilities-management-leeds","KEEP_200","/facilities-management-leeds","Path matches registered 200 route"
"/facilities-management-lincoln","https://www.entirefm.com/facilities-management-lincoln","KEEP_200","/facilities-management-lincoln","Path matches registered 200 route"
"/facilities-management-liverpool","https://www.entirefm.com/facilities-management-liverpool","KEEP_200","/facilities-management-liverpool","Path matches registered 200 route"
"/facilities-management-london","https://www.entirefm.com/facilities-management-london","KEEP_200","/facilities-management-london","Path matches registered 200 route"
"/facilities-management-manchester","https://www.entirefm.com/facilities-management-manchester","KEEP_200","/facilities-management-manchester","Path matches registered 200 route"
"/facilities-management-midlands","https://www.entirefm.com/facilities-management-midlands","KEEP_200","/facilities-management-midlands","Path matches registered 200 route"
"/facilities-management-nottingham","https://www.entirefm.com/facilities-management-nottingham","KEEP_200","/facilities-management-nottingham","Path matches registered 200 route"
"/facilities-management-oxford","https://www.entirefm.com/facilities-management-oxford","KEEP_200","/facilities-management-oxford","Path matches registered 200 route"
"/facilities-management-rotherham","https://www.entirefm.com/facilities-management-rotherham","KEEP_200","/facilities-management-rotherham","Path matches registered 200 route"
"/facilities-management-sheffield","https://www.entirefm.com/facilities-management-sheffield","KEEP_200","/facilities-management-sheffield","Path matches registered 200 route"
"/facilities-management-telford","https://www.entirefm.com/facilities-management-telford","KEEP_200","/facilities-management-telford","Path matches registered 200 route"
"/fm-birmingham","https://www.entirefm.com/fm-birmingham","KEEP_200","/fm-birmingham","Path matches registered 200 route"
"/fm-chesterfield","https://www.entirefm.com/fm-chesterfield","KEEP_200","/fm-chesterfield","Path matches registered 200 route"
"/fm-derby","https://www.entirefm.com/fm-derby","KEEP_200","/fm-derby","Path matches registered 200 route"
"/fm-doncaster","https://www.entirefm.com/fm-doncaster","KEEP_200","/fm-doncaster","Path matches registered 200 route"
"/fm-insights","https://www.entirefm.com/fm-insights","301_TO_HISTORIC","/blog","Semantic intent consolidation into protected historic page"
"/fm-insights/hard-fm-vs-soft-fm","https://www.entirefm.com/fm-insights/hard-fm-vs-soft-fm","301_TO_HISTORIC","/","General legacy redirect to homepage"
"/fm-insights/how-often-emergency-lighting-tested","https://www.entirefm.com/fm-insights/how-often-emergency-lighting-tested","301_TO_HISTORIC","/","General legacy redirect to homepage"
"/fm-insights/how-often-fire-alarms-tested","https://www.entirefm.com/fm-insights/how-often-fire-alarms-tested","301_TO_HISTORIC","/","General legacy redirect to homepage"
"/fm-insights/what-are-rams","https://www.entirefm.com/fm-insights/what-are-rams","301_TO_HISTORIC","/","General legacy redirect to homepage"
"/fm-insights/what-is-a-compliance-calendar","https://www.entirefm.com/fm-insights/what-is-a-compliance-calendar","301_TO_HISTORIC","/","General legacy redirect to homepage"
"/fm-insights/what-is-a-fire-risk-assessment","https://www.entirefm.com/fm-insights/what-is-a-fire-risk-assessment","301_TO_HISTORIC","/","General legacy redirect to homepage"
"/fm-insights/what-is-a-ppm-planner","https://www.entirefm.com/fm-insights/what-is-a-ppm-planner","301_TO_HISTORIC","/","General legacy redirect to homepage"
"/fm-insights/what-is-a-tm44","https://www.entirefm.com/fm-insights/what-is-a-tm44","301_TO_HISTORIC","/","General legacy redirect to homepage"
"/fm-insights/what-is-acop-l8","https://www.entirefm.com/fm-insights/what-is-acop-l8","301_TO_HISTORIC","/","General legacy redirect to homepage"
"/fm-insights/what-is-an-asset-register","https://www.entirefm.com/fm-insights/what-is-an-asset-register","301_TO_HISTORIC","/","General legacy redirect to homepage"
"/fm-insights/what-is-an-eicr","https://www.entirefm.com/fm-insights/what-is-an-eicr","301_TO_HISTORIC","/","General legacy redirect to homepage"
"/fm-insights/what-is-f-gas-compliance","https://www.entirefm.com/fm-insights/what-is-f-gas-compliance","301_TO_HISTORIC","/","General legacy redirect to homepage"
"/fm-insights/what-is-facilities-management","https://www.entirefm.com/fm-insights/what-is-facilities-management","301_TO_HISTORIC","/","General legacy redirect to homepage"
"/fm-insights/what-is-hard-fm","https://www.entirefm.com/fm-insights/what-is-hard-fm","301_TO_HISTORIC","/","General legacy redirect to homepage"
"/fm-insights/what-is-ifm","https://www.entirefm.com/fm-insights/what-is-ifm","301_TO_HISTORIC","/","General legacy redirect to homepage"
"/fm-insights/what-is-lock-out-tag-out","https://www.entirefm.com/fm-insights/what-is-lock-out-tag-out","301_TO_HISTORIC","/","General legacy redirect to homepage"
"/fm-insights/what-is-ppm","https://www.entirefm.com/fm-insights/what-is-ppm","301_TO_HISTORIC","/","General legacy redirect to homepage"
"/fm-insights/what-is-soft-fm","https://www.entirefm.com/fm-insights/what-is-soft-fm","301_TO_HISTORIC","/","General legacy redirect to homepage"
"/fm-insights/what-is-statutory-maintenance","https://www.entirefm.com/fm-insights/what-is-statutory-maintenance","301_TO_HISTORIC","/","General legacy redirect to homepage"
"/fm-insights/what-is-tfm","https://www.entirefm.com/fm-insights/what-is-tfm","301_TO_HISTORIC","/","General legacy redirect to homepage"
"/fm-insights/who-is-the-responsible-person","https://www.entirefm.com/fm-insights/who-is-the-responsible-person","301_TO_HISTORIC","/","General legacy redirect to homepage"
"/fm-intelligence","https://www.entirefm.com/fm-intelligence","301_TO_HISTORIC","/","General legacy redirect to homepage"
"/fm-leeds","https://www.entirefm.com/fm-leeds","KEEP_200","/fm-leeds","Path matches registered 200 route"
"/fm-lincoln","https://www.entirefm.com/fm-lincoln","KEEP_200","/fm-lincoln","Path matches registered 200 route"
"/fm-liverpool","https://www.entirefm.com/fm-liverpool","KEEP_200","/fm-liverpool","Path matches registered 200 route"
"/fm-london","https://www.entirefm.com/fm-london","KEEP_200","/fm-london","Path matches registered 200 route"
"/fm-manchester","https://www.entirefm.com/fm-manchester","KEEP_200","/fm-manchester","Path matches registered 200 route"
"/fm-market-report","https://www.entirefm.com/fm-market-report","301_TO_HISTORIC","/","General legacy redirect to homepage"
"/fm-nottingham","https://www.entirefm.com/fm-nottingham","KEEP_200","/fm-nottingham","Path matches registered 200 route"
"/fm-operations","https://www.entirefm.com/fm-operations","301_TO_HISTORIC","/","General legacy redirect to homepage"
"/fm-operations/asset-lifecycle","https://www.entirefm.com/fm-operations/asset-lifecycle","301_TO_HISTORIC","/","General legacy redirect to homepage"
"/fm-operations/business-continuity","https://www.entirefm.com/fm-operations/business-continuity","301_TO_HISTORIC","/","General legacy redirect to homepage"
"/fm-operations/fm-strategy","https://www.entirefm.com/fm-operations/fm-strategy","301_TO_HISTORIC","/","General legacy redirect to homepage"
"/fm-operations/helpdesk","https://www.entirefm.com/fm-operations/helpdesk","301_TO_HISTORIC","/","General legacy redirect to homepage"
"/fm-operations/knowledge-base","https://www.entirefm.com/fm-operations/knowledge-base","301_TO_HISTORIC","/","General legacy redirect to homepage"
"/fm-operations/leads","https://www.entirefm.com/fm-operations/leads","301_TO_HISTORIC","/","General legacy redirect to homepage"
"/fm-operations/mobilisation","https://www.entirefm.com/fm-operations/mobilisation","301_TO_HISTORIC","/","General legacy redirect to homepage"
"/fm-operations/occupier-experience","https://www.entirefm.com/fm-operations/occupier-experience","301_TO_HISTORIC","/","General legacy redirect to homepage"
"/fm-operations/platform","https://www.entirefm.com/fm-operations/platform","301_TO_HISTORIC","/","General legacy redirect to homepage"
"/fm-operations/ppm-delivery","https://www.entirefm.com/fm-operations/ppm-delivery","301_TO_HISTORIC","/","General legacy redirect to homepage"
"/fm-operations/reactive-maintenance","https://www.entirefm.com/fm-operations/reactive-maintenance","301_TO_HISTORIC","/","General legacy redirect to homepage"
"/fm-operations/report-issue","https://www.entirefm.com/fm-operations/report-issue","301_TO_HISTORIC","/","General legacy redirect to homepage"
"/fm-operations/tender-support","https://www.entirefm.com/fm-operations/tender-support","301_TO_HISTORIC","/","General legacy redirect to homepage"
"/fm-oxford","https://www.entirefm.com/fm-oxford","KEEP_200","/fm-oxford","Path matches registered 200 route"
"/fm-rotherham","https://www.entirefm.com/fm-rotherham","KEEP_200","/fm-rotherham","Path matches registered 200 route"
"/fm-sheffield","https://www.entirefm.com/fm-sheffield","KEEP_200","/fm-sheffield","Path matches registered 200 route"
"/fm-telford","https://www.entirefm.com/fm-telford","KEEP_200","/fm-telford","Path matches registered 200 route"
"/hard-services","https://www.entirefm.com/hard-services","KEEP_200","/hard-services","Path matches registered 200 route"
"/health-safety","https://www.entirefm.com/health-safety","301_TO_HISTORIC","/","General legacy redirect to homepage"
"/healthcare-facilities-management","https://www.entirefm.com/healthcare-facilities-management","KEEP_200","/healthcare-facilities-management","Path matches registered 200 route"
"/hotel-facilities-management","https://www.entirefm.com/hotel-facilities-management","KEEP_200","/hotel-facilities-management","Path matches registered 200 route"
"/hvac-contractor","https://www.entirefm.com/hvac-contractor","KEEP_200","/hvac-contractor","Path matches registered 200 route"
"/industrial-cleaning","https://www.entirefm.com/industrial-cleaning","KEEP_200","/industrial-cleaning","Path matches registered 200 route"
"/industrial-facilities-management","https://www.entirefm.com/industrial-facilities-management","KEEP_200","/industrial-facilities-management","Path matches registered 200 route"
"/innovation","https://www.entirefm.com/innovation","301_TO_HISTORIC","/","General legacy redirect to homepage"
"/integrations","https://www.entirefm.com/integrations","301_TO_HISTORIC","/","General legacy redirect to homepage"
"/integrations/concept-evolution","https://www.entirefm.com/integrations/concept-evolution","301_TO_HISTORIC","/","General legacy redirect to homepage"
"/integrations/dwellant","https://www.entirefm.com/integrations/dwellant","301_TO_HISTORIC","/","General legacy redirect to homepage"
"/integrations/elogbooks","https://www.entirefm.com/integrations/elogbooks","301_TO_HISTORIC","/","General legacy redirect to homepage"
"/integrations/mri-qube","https://www.entirefm.com/integrations/mri-qube","301_TO_HISTORIC","/","General legacy redirect to homepage"
"/integrations/mycompliance","https://www.entirefm.com/integrations/mycompliance","301_TO_HISTORIC","/","General legacy redirect to homepage"
"/integrations/planon","https://www.entirefm.com/integrations/planon","301_TO_HISTORIC","/","General legacy redirect to homepage"
"/integrations/verisae","https://www.entirefm.com/integrations/verisae","301_TO_HISTORIC","/","General legacy redirect to homepage"
"/landmark-facilities-management","https://www.entirefm.com/landmark-facilities-management","KEEP_200","/landmark-facilities-management","Path matches registered 200 route"
"/leadership","https://www.entirefm.com/leadership","301_TO_HISTORIC","/facilities-management-team","Semantic intent consolidation into protected historic page"
"/link-health","https://www.entirefm.com/link-health","301_TO_HISTORIC","/","General legacy redirect to homepage"
"/locations","https://www.entirefm.com/locations","301_TO_HISTORIC","/","General legacy redirect to homepage"
"/locations/birmingham","https://www.entirefm.com/locations/birmingham","301_TO_HISTORIC","/locations","Consolidation of legacy nested location to location hub"
"/locations/chesterfield","https://www.entirefm.com/locations/chesterfield","301_TO_HISTORIC","/locations","Consolidation of legacy nested location to location hub"
"/locations/derby","https://www.entirefm.com/locations/derby","301_TO_HISTORIC","/locations","Consolidation of legacy nested location to location hub"
"/locations/leeds","https://www.entirefm.com/locations/leeds","301_TO_HISTORIC","/locations","Consolidation of legacy nested location to location hub"
"/locations/leicester","https://www.entirefm.com/locations/leicester","301_TO_HISTORIC","/locations","Consolidation of legacy nested location to location hub"
"/locations/lincoln","https://www.entirefm.com/locations/lincoln","301_TO_HISTORIC","/locations","Consolidation of legacy nested location to location hub"
"/locations/liverpool","https://www.entirefm.com/locations/liverpool","301_TO_HISTORIC","/locations","Consolidation of legacy nested location to location hub"
"/locations/london","https://www.entirefm.com/locations/london","301_TO_HISTORIC","/locations","Consolidation of legacy nested location to location hub"
"/locations/manchester","https://www.entirefm.com/locations/manchester","301_TO_HISTORIC","/locations","Consolidation of legacy nested location to location hub"
"/locations/nottingham","https://www.entirefm.com/locations/nottingham","301_TO_HISTORIC","/locations","Consolidation of legacy nested location to location hub"
"/locations/sheffield","https://www.entirefm.com/locations/sheffield","301_TO_HISTORIC","/locations","Consolidation of legacy nested location to location hub"
"/london-facilities-management","https://www.entirefm.com/london-facilities-management","KEEP_200","/london-facilities-management","Path matches registered 200 route"
"/marketplace","https://www.entirefm.com/marketplace","301_TO_HISTORIC","/fm-supply-form","Semantic intent consolidation into protected historic page"
"/mechanical-electrical","https://www.entirefm.com/mechanical-electrical","KEEP_200","/mechanical-electrical","Path matches registered 200 route"
"/partners","https://www.entirefm.com/partners","301_TO_HISTORIC","/partnerships","Semantic intent consolidation into protected historic page"
"/partners/commercial-surveyors","https://www.entirefm.com/partners/commercial-surveyors","301_TO_HISTORIC","/","General legacy redirect to homepage"
"/partners/construction-developers","https://www.entirefm.com/partners/construction-developers","301_TO_HISTORIC","/","General legacy redirect to homepage"
"/partners/insurance-brokers","https://www.entirefm.com/partners/insurance-brokers","301_TO_HISTORIC","/","General legacy redirect to homepage"
"/partners/property-management","https://www.entirefm.com/partners/property-management","301_TO_HISTORIC","/","General legacy redirect to homepage"
"/partnerships","https://www.entirefm.com/partnerships","301_TO_HISTORIC","/partnerships","Semantic intent consolidation into protected historic page"
"/plumbing-gas","https://www.entirefm.com/plumbing-gas","KEEP_200","/plumbing-gas","Path matches registered 200 route"
"/ppm","https://www.entirefm.com/ppm","KEEP_200","/ppm","Path matches registered 200 route"
"/privacy","https://www.entirefm.com/privacy","301_TO_HISTORIC","/privacy-policy","Semantic intent consolidation into protected historic page"
"/request-proposal","https://www.entirefm.com/request-proposal","301_TO_HISTORIC","/","General legacy redirect to homepage"
"/residential-facilities-management","https://www.entirefm.com/residential-facilities-management","KEEP_200","/residential-facilities-management","Path matches registered 200 route"
"/resources","https://www.entirefm.com/resources","301_TO_HISTORIC","/blog","Semantic intent consolidation into protected historic page"
"/resources/audit-framework","https://www.entirefm.com/resources/audit-framework","301_TO_HISTORIC","/","General legacy redirect to homepage"
"/resources/compliance-calendar","https://www.entirefm.com/resources/compliance-calendar","301_TO_HISTORIC","/","General legacy redirect to homepage"
"/resources/compliance-calendar-2025","https://www.entirefm.com/resources/compliance-calendar-2025","301_TO_HISTORIC","/","General legacy redirect to homepage"
"/resources/document-vault","https://www.entirefm.com/resources/document-vault","301_TO_HISTORIC","/","General legacy redirect to homepage"
"/resources/eicr-manual","https://www.entirefm.com/resources/eicr-manual","301_TO_HISTORIC","/","General legacy redirect to homepage"
"/resources/electrical-eicr-survival-manual","https://www.entirefm.com/resources/electrical-eicr-survival-manual","301_TO_HISTORIC","/","General legacy redirect to homepage"
"/resources/emergency-lighting-checklist","https://www.entirefm.com/resources/emergency-lighting-checklist","301_TO_HISTORIC","/","General legacy redirect to homepage"
"/resources/emergency-lighting-testing","https://www.entirefm.com/resources/emergency-lighting-testing","301_TO_HISTORIC","/","General legacy redirect to homepage"
"/resources/energy-esg","https://www.entirefm.com/resources/energy-esg","301_TO_HISTORIC","/","General legacy redirect to homepage"
"/resources/engineer-standards","https://www.entirefm.com/resources/engineer-standards","301_TO_HISTORIC","/","General legacy redirect to homepage"
"/resources/facilities-management-checklist-2025","https://www.entirefm.com/resources/facilities-management-checklist-2025","301_TO_HISTORIC","/","General legacy redirect to homepage"
"/resources/fgas-tracker","https://www.entirefm.com/resources/fgas-tracker","301_TO_HISTORIC","/","General legacy redirect to homepage"
"/resources/fire-alarm-testing-frequency","https://www.entirefm.com/resources/fire-alarm-testing-frequency","301_TO_HISTORIC","/","General legacy redirect to homepage"
"/resources/fire-risk-assessment-guide","https://www.entirefm.com/resources/fire-risk-assessment-guide","301_TO_HISTORIC","/","General legacy redirect to homepage"
"/resources/fire-risk-guide","https://www.entirefm.com/resources/fire-risk-guide","301_TO_HISTORIC","/","General legacy redirect to homepage"
"/resources/hard-fm-vs-soft-fm-vs-specialist-engineering","https://www.entirefm.com/resources/hard-fm-vs-soft-fm-vs-specialist-engineering","301_TO_HISTORIC","/","General legacy redirect to homepage"
"/resources/legionella-governance-guide","https://www.entirefm.com/resources/legionella-governance-guide","301_TO_HISTORIC","/","General legacy redirect to homepage"
"/resources/legionella-guide","https://www.entirefm.com/resources/legionella-guide","301_TO_HISTORIC","/","General legacy redirect to homepage"
"/resources/ppm-vs-reactive-maintenance","https://www.entirefm.com/resources/ppm-vs-reactive-maintenance","301_TO_HISTORIC","/","General legacy redirect to homepage"
"/resources/switch-playbook","https://www.entirefm.com/resources/switch-playbook","301_TO_HISTORIC","/","General legacy redirect to homepage"
"/resources/tender-support","https://www.entirefm.com/resources/tender-support","301_TO_HISTORIC","/","General legacy redirect to homepage"
"/resources/top-fm-providers-uk","https://www.entirefm.com/resources/top-fm-providers-uk","301_TO_HISTORIC","/","General legacy redirect to homepage"
"/resources/what-is-a-compliance-calendar","https://www.entirefm.com/resources/what-is-a-compliance-calendar","301_TO_HISTORIC","/","General legacy redirect to homepage"
"/resources/what-is-a-ppm-planner","https://www.entirefm.com/resources/what-is-a-ppm-planner","301_TO_HISTORIC","/","General legacy redirect to homepage"
"/resources/what-is-an-asset-register","https://www.entirefm.com/resources/what-is-an-asset-register","301_TO_HISTORIC","/","General legacy redirect to homepage"
"/resources/what-is-integrated-facilities-management","https://www.entirefm.com/resources/what-is-integrated-facilities-management","301_TO_HISTORIC","/","General legacy redirect to homepage"
"/resources/what-is-total-facilities-management","https://www.entirefm.com/resources/what-is-total-facilities-management","301_TO_HISTORIC","/","General legacy redirect to homepage"
"/retail-facilities-management","https://www.entirefm.com/retail-facilities-management","KEEP_200","/retail-facilities-management","Path matches registered 200 route"
"/safety-critical-emergency-systems","https://www.entirefm.com/safety-critical-emergency-systems","KEEP_200","/safety-critical-emergency-systems","Path matches registered 200 route"
"/search","https://www.entirefm.com/search","301_TO_HISTORIC","/","Semantic intent consolidation into protected historic page"
"/sectors","https://www.entirefm.com/sectors","301_TO_HISTORIC","/","General legacy redirect to homepage"
"/sectors/airports","https://www.entirefm.com/sectors/airports","301_TO_HISTORIC","/sectors","Fallback to main sectors hub"
"/sectors/aviation","https://www.entirefm.com/sectors/aviation","301_TO_HISTORIC","/sectors","Fallback to main sectors hub"
"/sectors/construction-developments","https://www.entirefm.com/sectors/construction-developments","301_TO_HISTORIC","/sectors","Fallback to main sectors hub"
"/sectors/education","https://www.entirefm.com/sectors/education","301_TO_HISTORIC","/education-facilities-management","Consolidation of /sectors/* to historic root sector page"
"/sectors/healthcare-public","https://www.entirefm.com/sectors/healthcare-public","301_TO_HISTORIC","/sectors","Fallback to main sectors hub"
"/sectors/hospitality-leisure","https://www.entirefm.com/sectors/hospitality-leisure","301_TO_HISTORIC","/sectors","Fallback to main sectors hub"
"/sectors/hotels-leisure","https://www.entirefm.com/sectors/hotels-leisure","301_TO_HISTORIC","/sectors","Fallback to main sectors hub"
"/sectors/industrial-logistics","https://www.entirefm.com/sectors/industrial-logistics","301_TO_HISTORIC","/sectors","Fallback to main sectors hub"
"/sectors/logistics-parks","https://www.entirefm.com/sectors/logistics-parks","301_TO_HISTORIC","/sectors","Fallback to main sectors hub"
"/sectors/offices","https://www.entirefm.com/sectors/offices","301_TO_HISTORIC","/sectors","Fallback to main sectors hub"
"/sectors/offices-corporate","https://www.entirefm.com/sectors/offices-corporate","301_TO_HISTORIC","/sectors","Fallback to main sectors hub"
"/sectors/pbsa","https://www.entirefm.com/sectors/pbsa","301_TO_HISTORIC","/sectors","Fallback to main sectors hub"
"/sectors/residential","https://www.entirefm.com/sectors/residential","301_TO_HISTORIC","/residential-facilities-management","Consolidation of /sectors/* to historic root sector page"
"/sectors/residential-pbsa","https://www.entirefm.com/sectors/residential-pbsa","301_TO_HISTORIC","/sectors","Fallback to main sectors hub"
"/sectors/retail-hospitality","https://www.entirefm.com/sectors/retail-hospitality","301_TO_HISTORIC","/sectors","Fallback to main sectors hub"
"/sectors/retail-service-stations","https://www.entirefm.com/sectors/retail-service-stations","301_TO_HISTORIC","/sectors","Fallback to main sectors hub"
"/sectors/venues","https://www.entirefm.com/sectors/venues","301_TO_HISTORIC","/sectors","Fallback to main sectors hub"
"/service-station-fm","https://www.entirefm.com/service-station-fm","KEEP_200","/service-station-fm","Path matches registered 200 route"
"/services","https://www.entirefm.com/services","KEEP_200","/services","Path matches registered 200 route"
"/services/abseil-rail-certification","https://www.entirefm.com/services/abseil-rail-certification","301_TO_HISTORIC","/services","Fallback to main services hub"
"/services/access-control","https://www.entirefm.com/services/access-control","301_TO_HISTORIC","/mechanical-electrical/access-control","Semantic intent consolidation into protected historic page"
"/services/access-control-advanced","https://www.entirefm.com/services/access-control-advanced","301_TO_HISTORIC","/services","Fallback to main services hub"
"/services/air-filtration-hepa","https://www.entirefm.com/services/air-filtration-hepa","301_TO_HISTORIC","/services","Fallback to main services hub"
"/services/anpr-systems","https://www.entirefm.com/services/anpr-systems","301_TO_HISTORIC","/services","Fallback to main services hub"
"/services/bms-integration-testing","https://www.entirefm.com/services/bms-integration-testing","301_TO_HISTORIC","/services","Fallback to main services hub"
"/services/bmu-cradle-servicing","https://www.entirefm.com/services/bmu-cradle-servicing","301_TO_HISTORIC","/services","Fallback to main services hub"
"/services/building-fabric","https://www.entirefm.com/services/building-fabric","301_TO_HISTORIC","/building-maintenance","Semantic intent consolidation into protected historic page"
"/services/building-inspections","https://www.entirefm.com/services/building-inspections","301_TO_HISTORIC","/building-inspecting-testing","Semantic intent consolidation into protected historic page"
"/services/car-park-co-monitoring","https://www.entirefm.com/services/car-park-co-monitoring","301_TO_HISTORIC","/services","Fallback to main services hub"
"/services/car-park-fume-extraction","https://www.entirefm.com/services/car-park-fume-extraction","301_TO_HISTORIC","/services","Fallback to main services hub"
"/services/cctv-maintenance","https://www.entirefm.com/services/cctv-maintenance","301_TO_HISTORIC","/services","Fallback to main services hub"
"/services/commercial-plumbing","https://www.entirefm.com/services/commercial-plumbing","301_TO_HISTORIC","/plumbing-gas","Semantic intent consolidation into protected historic page"
"/services/compressor-maintenance","https://www.entirefm.com/services/compressor-maintenance","301_TO_HISTORIC","/services","Fallback to main services hub"
"/services/critical-infrastructure","https://www.entirefm.com/services/critical-infrastructure","301_TO_HISTORIC","/safety-critical-emergency-systems","Semantic intent consolidation into protected historic page"
"/services/critical/arc-flash-assessment","https://www.entirefm.com/services/critical/arc-flash-assessment","301_TO_HISTORIC","/services","Fallback to main services hub"
"/services/critical/arc-flash-assessment/birmingham","https://www.entirefm.com/services/critical/arc-flash-assessment/birmingham","301_TO_HISTORIC","/services","Fallback to main services hub"
"/services/critical/arc-flash-assessment/chesterfield","https://www.entirefm.com/services/critical/arc-flash-assessment/chesterfield","301_TO_HISTORIC","/services","Fallback to main services hub"
"/services/critical/arc-flash-assessment/derby","https://www.entirefm.com/services/critical/arc-flash-assessment/derby","301_TO_HISTORIC","/services","Fallback to main services hub"
"/services/critical/arc-flash-assessment/leeds","https://www.entirefm.com/services/critical/arc-flash-assessment/leeds","301_TO_HISTORIC","/services","Fallback to main services hub"
"/services/critical/arc-flash-assessment/lincoln","https://www.entirefm.com/services/critical/arc-flash-assessment/lincoln","301_TO_HISTORIC","/services","Fallback to main services hub"
"/services/critical/arc-flash-assessment/london","https://www.entirefm.com/services/critical/arc-flash-assessment/london","301_TO_HISTORIC","/services","Fallback to main services hub"
"/services/critical/arc-flash-assessment/manchester","https://www.entirefm.com/services/critical/arc-flash-assessment/manchester","301_TO_HISTORIC","/services","Fallback to main services hub"
"/services/critical/arc-flash-assessment/nottingham","https://www.entirefm.com/services/critical/arc-flash-assessment/nottingham","301_TO_HISTORIC","/services","Fallback to main services hub"
"/services/critical/arc-flash-assessment/sheffield","https://www.entirefm.com/services/critical/arc-flash-assessment/sheffield","301_TO_HISTORIC","/services","Fallback to main services hub"
"/services/critical/data-room-audits","https://www.entirefm.com/services/critical/data-room-audits","301_TO_HISTORIC","/services","Fallback to main services hub"
"/services/critical/data-room-audits/birmingham","https://www.entirefm.com/services/critical/data-room-audits/birmingham","301_TO_HISTORIC","/services","Fallback to main services hub"
"/services/critical/data-room-audits/chesterfield","https://www.entirefm.com/services/critical/data-room-audits/chesterfield","301_TO_HISTORIC","/services","Fallback to main services hub"
"/services/critical/data-room-audits/derby","https://www.entirefm.com/services/critical/data-room-audits/derby","301_TO_HISTORIC","/services","Fallback to main services hub"
"/services/critical/data-room-audits/leeds","https://www.entirefm.com/services/critical/data-room-audits/leeds","301_TO_HISTORIC","/services","Fallback to main services hub"
"/services/critical/data-room-audits/lincoln","https://www.entirefm.com/services/critical/data-room-audits/lincoln","301_TO_HISTORIC","/services","Fallback to main services hub"
"/services/critical/data-room-audits/london","https://www.entirefm.com/services/critical/data-room-audits/london","301_TO_HISTORIC","/services","Fallback to main services hub"
"/services/critical/data-room-audits/manchester","https://www.entirefm.com/services/critical/data-room-audits/manchester","301_TO_HISTORIC","/services","Fallback to main services hub"
"/services/critical/data-room-audits/nottingham","https://www.entirefm.com/services/critical/data-room-audits/nottingham","301_TO_HISTORIC","/services","Fallback to main services hub"
"/services/critical/data-room-audits/sheffield","https://www.entirefm.com/services/critical/data-room-audits/sheffield","301_TO_HISTORIC","/services","Fallback to main services hub"
"/services/critical/generator-maintenance","https://www.entirefm.com/services/critical/generator-maintenance","301_TO_HISTORIC","/services","Fallback to main services hub"
"/services/critical/generator-maintenance/birmingham","https://www.entirefm.com/services/critical/generator-maintenance/birmingham","301_TO_HISTORIC","/services","Fallback to main services hub"
"/services/critical/generator-maintenance/chesterfield","https://www.entirefm.com/services/critical/generator-maintenance/chesterfield","301_TO_HISTORIC","/services","Fallback to main services hub"
"/services/critical/generator-maintenance/derby","https://www.entirefm.com/services/critical/generator-maintenance/derby","301_TO_HISTORIC","/services","Fallback to main services hub"
"/services/critical/generator-maintenance/leeds","https://www.entirefm.com/services/critical/generator-maintenance/leeds","301_TO_HISTORIC","/services","Fallback to main services hub"
"/services/critical/generator-maintenance/lincoln","https://www.entirefm.com/services/critical/generator-maintenance/lincoln","301_TO_HISTORIC","/services","Fallback to main services hub"
"/services/critical/generator-maintenance/london","https://www.entirefm.com/services/critical/generator-maintenance/london","301_TO_HISTORIC","/services","Fallback to main services hub"
"/services/critical/generator-maintenance/manchester","https://www.entirefm.com/services/critical/generator-maintenance/manchester","301_TO_HISTORIC","/services","Fallback to main services hub"
"/services/critical/generator-maintenance/nottingham","https://www.entirefm.com/services/critical/generator-maintenance/nottingham","301_TO_HISTORIC","/services","Fallback to main services hub"
"/services/critical/generator-maintenance/sheffield","https://www.entirefm.com/services/critical/generator-maintenance/sheffield","301_TO_HISTORIC","/services","Fallback to main services hub"
"/services/critical/hv-switching","https://www.entirefm.com/services/critical/hv-switching","301_TO_HISTORIC","/services","Fallback to main services hub"
"/services/critical/hv-switching/birmingham","https://www.entirefm.com/services/critical/hv-switching/birmingham","301_TO_HISTORIC","/services","Fallback to main services hub"
"/services/critical/hv-switching/chesterfield","https://www.entirefm.com/services/critical/hv-switching/chesterfield","301_TO_HISTORIC","/services","Fallback to main services hub"
"/services/critical/hv-switching/derby","https://www.entirefm.com/services/critical/hv-switching/derby","301_TO_HISTORIC","/services","Fallback to main services hub"
"/services/critical/hv-switching/leeds","https://www.entirefm.com/services/critical/hv-switching/leeds","301_TO_HISTORIC","/services","Fallback to main services hub"
"/services/critical/hv-switching/lincoln","https://www.entirefm.com/services/critical/hv-switching/lincoln","301_TO_HISTORIC","/services","Fallback to main services hub"
"/services/critical/hv-switching/london","https://www.entirefm.com/services/critical/hv-switching/london","301_TO_HISTORIC","/services","Fallback to main services hub"
"/services/critical/hv-switching/manchester","https://www.entirefm.com/services/critical/hv-switching/manchester","301_TO_HISTORIC","/services","Fallback to main services hub"
"/services/critical/hv-switching/nottingham","https://www.entirefm.com/services/critical/hv-switching/nottingham","301_TO_HISTORIC","/services","Fallback to main services hub"
"/services/critical/hv-switching/sheffield","https://www.entirefm.com/services/critical/hv-switching/sheffield","301_TO_HISTORIC","/services","Fallback to main services hub"
"/services/critical/lightning-protection","https://www.entirefm.com/services/critical/lightning-protection","301_TO_HISTORIC","/services","Fallback to main services hub"
"/services/critical/lightning-protection/birmingham","https://www.entirefm.com/services/critical/lightning-protection/birmingham","301_TO_HISTORIC","/services","Fallback to main services hub"
"/services/critical/lightning-protection/chesterfield","https://www.entirefm.com/services/critical/lightning-protection/chesterfield","301_TO_HISTORIC","/services","Fallback to main services hub"
"/services/critical/lightning-protection/derby","https://www.entirefm.com/services/critical/lightning-protection/derby","301_TO_HISTORIC","/services","Fallback to main services hub"
"/services/critical/lightning-protection/leeds","https://www.entirefm.com/services/critical/lightning-protection/leeds","301_TO_HISTORIC","/services","Fallback to main services hub"
"/services/critical/lightning-protection/lincoln","https://www.entirefm.com/services/critical/lightning-protection/lincoln","301_TO_HISTORIC","/services","Fallback to main services hub"
"/services/critical/lightning-protection/london","https://www.entirefm.com/services/critical/lightning-protection/london","301_TO_HISTORIC","/services","Fallback to main services hub"
"/services/critical/lightning-protection/manchester","https://www.entirefm.com/services/critical/lightning-protection/manchester","301_TO_HISTORIC","/services","Fallback to main services hub"
"/services/critical/lightning-protection/nottingham","https://www.entirefm.com/services/critical/lightning-protection/nottingham","301_TO_HISTORIC","/services","Fallback to main services hub"
"/services/critical/lightning-protection/sheffield","https://www.entirefm.com/services/critical/lightning-protection/sheffield","301_TO_HISTORIC","/services","Fallback to main services hub"
"/services/critical/power-quality","https://www.entirefm.com/services/critical/power-quality","301_TO_HISTORIC","/services","Fallback to main services hub"
"/services/critical/power-quality/birmingham","https://www.entirefm.com/services/critical/power-quality/birmingham","301_TO_HISTORIC","/services","Fallback to main services hub"
"/services/critical/power-quality/chesterfield","https://www.entirefm.com/services/critical/power-quality/chesterfield","301_TO_HISTORIC","/services","Fallback to main services hub"
"/services/critical/power-quality/derby","https://www.entirefm.com/services/critical/power-quality/derby","301_TO_HISTORIC","/services","Fallback to main services hub"
"/services/critical/power-quality/leeds","https://www.entirefm.com/services/critical/power-quality/leeds","301_TO_HISTORIC","/services","Fallback to main services hub"
"/services/critical/power-quality/lincoln","https://www.entirefm.com/services/critical/power-quality/lincoln","301_TO_HISTORIC","/services","Fallback to main services hub"
"/services/critical/power-quality/london","https://www.entirefm.com/services/critical/power-quality/london","301_TO_HISTORIC","/services","Fallback to main services hub"
"/services/critical/power-quality/manchester","https://www.entirefm.com/services/critical/power-quality/manchester","301_TO_HISTORIC","/services","Fallback to main services hub"
"/services/critical/power-quality/nottingham","https://www.entirefm.com/services/critical/power-quality/nottingham","301_TO_HISTORIC","/services","Fallback to main services hub"
"/services/critical/power-quality/sheffield","https://www.entirefm.com/services/critical/power-quality/sheffield","301_TO_HISTORIC","/services","Fallback to main services hub"
"/services/critical/power-redundancy","https://www.entirefm.com/services/critical/power-redundancy","301_TO_HISTORIC","/services","Fallback to main services hub"
"/services/critical/power-redundancy/birmingham","https://www.entirefm.com/services/critical/power-redundancy/birmingham","301_TO_HISTORIC","/services","Fallback to main services hub"
"/services/critical/power-redundancy/chesterfield","https://www.entirefm.com/services/critical/power-redundancy/chesterfield","301_TO_HISTORIC","/services","Fallback to main services hub"
"/services/critical/power-redundancy/derby","https://www.entirefm.com/services/critical/power-redundancy/derby","301_TO_HISTORIC","/services","Fallback to main services hub"
"/services/critical/power-redundancy/leeds","https://www.entirefm.com/services/critical/power-redundancy/leeds","301_TO_HISTORIC","/services","Fallback to main services hub"
"/services/critical/power-redundancy/lincoln","https://www.entirefm.com/services/critical/power-redundancy/lincoln","301_TO_HISTORIC","/services","Fallback to main services hub"
"/services/critical/power-redundancy/london","https://www.entirefm.com/services/critical/power-redundancy/london","301_TO_HISTORIC","/services","Fallback to main services hub"
"/services/critical/power-redundancy/manchester","https://www.entirefm.com/services/critical/power-redundancy/manchester","301_TO_HISTORIC","/services","Fallback to main services hub"
"/services/critical/power-redundancy/nottingham","https://www.entirefm.com/services/critical/power-redundancy/nottingham","301_TO_HISTORIC","/services","Fallback to main services hub"
"/services/critical/power-redundancy/sheffield","https://www.entirefm.com/services/critical/power-redundancy/sheffield","301_TO_HISTORIC","/services","Fallback to main services hub"
"/services/critical/thermal-imaging","https://www.entirefm.com/services/critical/thermal-imaging","301_TO_HISTORIC","/services","Fallback to main services hub"
"/services/critical/thermal-imaging/birmingham","https://www.entirefm.com/services/critical/thermal-imaging/birmingham","301_TO_HISTORIC","/services","Fallback to main services hub"
"/services/critical/thermal-imaging/chesterfield","https://www.entirefm.com/services/critical/thermal-imaging/chesterfield","301_TO_HISTORIC","/services","Fallback to main services hub"
"/services/critical/thermal-imaging/derby","https://www.entirefm.com/services/critical/thermal-imaging/derby","301_TO_HISTORIC","/services","Fallback to main services hub"
"/services/critical/thermal-imaging/leeds","https://www.entirefm.com/services/critical/thermal-imaging/leeds","301_TO_HISTORIC","/services","Fallback to main services hub"
"/services/critical/thermal-imaging/lincoln","https://www.entirefm.com/services/critical/thermal-imaging/lincoln","301_TO_HISTORIC","/services","Fallback to main services hub"
"/services/critical/thermal-imaging/london","https://www.entirefm.com/services/critical/thermal-imaging/london","301_TO_HISTORIC","/services","Fallback to main services hub"
"/services/critical/thermal-imaging/manchester","https://www.entirefm.com/services/critical/thermal-imaging/manchester","301_TO_HISTORIC","/services","Fallback to main services hub"
"/services/critical/thermal-imaging/nottingham","https://www.entirefm.com/services/critical/thermal-imaging/nottingham","301_TO_HISTORIC","/services","Fallback to main services hub"
"/services/critical/thermal-imaging/sheffield","https://www.entirefm.com/services/critical/thermal-imaging/sheffield","301_TO_HISTORIC","/services","Fallback to main services hub"
"/services/critical/ups-maintenance","https://www.entirefm.com/services/critical/ups-maintenance","301_TO_HISTORIC","/services","Fallback to main services hub"
"/services/critical/ups-maintenance/birmingham","https://www.entirefm.com/services/critical/ups-maintenance/birmingham","301_TO_HISTORIC","/services","Fallback to main services hub"
"/services/critical/ups-maintenance/chesterfield","https://www.entirefm.com/services/critical/ups-maintenance/chesterfield","301_TO_HISTORIC","/services","Fallback to main services hub"
"/services/critical/ups-maintenance/derby","https://www.entirefm.com/services/critical/ups-maintenance/derby","301_TO_HISTORIC","/services","Fallback to main services hub"
"/services/critical/ups-maintenance/leeds","https://www.entirefm.com/services/critical/ups-maintenance/leeds","301_TO_HISTORIC","/services","Fallback to main services hub"
"/services/critical/ups-maintenance/lincoln","https://www.entirefm.com/services/critical/ups-maintenance/lincoln","301_TO_HISTORIC","/services","Fallback to main services hub"
"/services/critical/ups-maintenance/london","https://www.entirefm.com/services/critical/ups-maintenance/london","301_TO_HISTORIC","/services","Fallback to main services hub"
"/services/critical/ups-maintenance/manchester","https://www.entirefm.com/services/critical/ups-maintenance/manchester","301_TO_HISTORIC","/services","Fallback to main services hub"
"/services/critical/ups-maintenance/nottingham","https://www.entirefm.com/services/critical/ups-maintenance/nottingham","301_TO_HISTORIC","/services","Fallback to main services hub"
"/services/critical/ups-maintenance/sheffield","https://www.entirefm.com/services/critical/ups-maintenance/sheffield","301_TO_HISTORIC","/services","Fallback to main services hub"
"/services/data-centre-cooling-compliance","https://www.entirefm.com/services/data-centre-cooling-compliance","301_TO_HISTORIC","/services","Fallback to main services hub"
"/services/dilapidation-compliance","https://www.entirefm.com/services/dilapidation-compliance","301_TO_HISTORIC","/services","Fallback to main services hub"
"/services/disaster-recovery","https://www.entirefm.com/services/disaster-recovery","301_TO_HISTORIC","/services","Fallback to main services hub"
"/services/dock-leveller-maintenance","https://www.entirefm.com/services/dock-leveller-maintenance","301_TO_HISTORIC","/services","Fallback to main services hub"
"/services/drainage-cctv-surveys","https://www.entirefm.com/services/drainage-cctv-surveys","301_TO_HISTORIC","/drainage-services","Semantic intent consolidation into protected historic page"
"/services/drone-inspections","https://www.entirefm.com/services/drone-inspections","301_TO_HISTORIC","/aerial-drone-building-inspection","Semantic intent consolidation into protected historic page"
"/services/dry-riser-testing","https://www.entirefm.com/services/dry-riser-testing","301_TO_HISTORIC","/services","Fallback to main services hub"
"/services/electrical","https://www.entirefm.com/services/electrical","301_TO_HISTORIC","/mechanical-electrical","Semantic intent consolidation into protected historic page"
"/services/electrical-compliance","https://www.entirefm.com/services/electrical-compliance","301_TO_HISTORIC","/services","Fallback to main services hub"
"/services/electrical/birmingham","https://www.entirefm.com/services/electrical/birmingham","301_TO_HISTORIC","/services","Fallback to main services hub"
"/services/electrical/chesterfield","https://www.entirefm.com/services/electrical/chesterfield","301_TO_HISTORIC","/services","Fallback to main services hub"
"/services/electrical/derby","https://www.entirefm.com/services/electrical/derby","301_TO_HISTORIC","/services","Fallback to main services hub"
"/services/electrical/leeds","https://www.entirefm.com/services/electrical/leeds","301_TO_HISTORIC","/services","Fallback to main services hub"
"/services/electrical/lincoln","https://www.entirefm.com/services/electrical/lincoln","301_TO_HISTORIC","/services","Fallback to main services hub"
"/services/electrical/london","https://www.entirefm.com/services/electrical/london","301_TO_HISTORIC","/services","Fallback to main services hub"
"/services/electrical/manchester","https://www.entirefm.com/services/electrical/manchester","301_TO_HISTORIC","/services","Fallback to main services hub"
"/services/electrical/nottingham","https://www.entirefm.com/services/electrical/nottingham","301_TO_HISTORIC","/services","Fallback to main services hub"
"/services/electrical/sheffield","https://www.entirefm.com/services/electrical/sheffield","301_TO_HISTORIC","/services","Fallback to main services hub"
"/services/emergency-lighting","https://www.entirefm.com/services/emergency-lighting","301_TO_HISTORIC","/mechanical-electrical/emergency-light-testing","Semantic intent consolidation into protected historic page"
"/services/emergency-lighting/birmingham","https://www.entirefm.com/services/emergency-lighting/birmingham","301_TO_HISTORIC","/services","Fallback to main services hub"
"/services/emergency-lighting/chesterfield","https://www.entirefm.com/services/emergency-lighting/chesterfield","301_TO_HISTORIC","/services","Fallback to main services hub"
"/services/emergency-lighting/derby","https://www.entirefm.com/services/emergency-lighting/derby","301_TO_HISTORIC","/services","Fallback to main services hub"
"/services/emergency-lighting/leeds","https://www.entirefm.com/services/emergency-lighting/leeds","301_TO_HISTORIC","/services","Fallback to main services hub"
"/services/emergency-lighting/lincoln","https://www.entirefm.com/services/emergency-lighting/lincoln","301_TO_HISTORIC","/services","Fallback to main services hub"
"/services/emergency-lighting/london","https://www.entirefm.com/services/emergency-lighting/london","301_TO_HISTORIC","/services","Fallback to main services hub"
"/services/emergency-lighting/manchester","https://www.entirefm.com/services/emergency-lighting/manchester","301_TO_HISTORIC","/services","Fallback to main services hub"
"/services/emergency-lighting/nottingham","https://www.entirefm.com/services/emergency-lighting/nottingham","301_TO_HISTORIC","/services","Fallback to main services hub"
"/services/emergency-lighting/sheffield","https://www.entirefm.com/services/emergency-lighting/sheffield","301_TO_HISTORIC","/services","Fallback to main services hub"
"/services/emergency-response","https://www.entirefm.com/services/emergency-response","301_TO_HISTORIC","/24-7-fm-support","Semantic intent consolidation into protected historic page"
"/services/emergency-systems","https://www.entirefm.com/services/emergency-systems","301_TO_HISTORIC","/safety-critical-emergency-systems","Semantic intent consolidation into protected historic page"
"/services/energy-audits","https://www.entirefm.com/services/energy-audits","301_TO_HISTORIC","/services","Fallback to main services hub"
"/services/energy-optimisation","https://www.entirefm.com/services/energy-optimisation","301_TO_HISTORIC","/services","Fallback to main services hub"
"/services/environmental-noise-surveys","https://www.entirefm.com/services/environmental-noise-surveys","301_TO_HISTORIC","/services","Fallback to main services hub"
"/services/evacuation-chair-servicing","https://www.entirefm.com/services/evacuation-chair-servicing","301_TO_HISTORIC","/services","Fallback to main services hub"
"/services/fire-alarms","https://www.entirefm.com/services/fire-alarms","301_TO_HISTORIC","/fire-emergency-systems","Semantic intent consolidation into protected historic page"
"/services/fire-compartmentation-surveys","https://www.entirefm.com/services/fire-compartmentation-surveys","301_TO_HISTORIC","/services","Fallback to main services hub"
"/services/fire-safety","https://www.entirefm.com/services/fire-safety","301_TO_HISTORIC","/fire-emergency-systems","Semantic intent consolidation into protected historic page"
"/services/fire/birmingham","https://www.entirefm.com/services/fire/birmingham","301_TO_HISTORIC","/services","Fallback to main services hub"
"/services/fire/chesterfield","https://www.entirefm.com/services/fire/chesterfield","301_TO_HISTORIC","/services","Fallback to main services hub"
"/services/fire/derby","https://www.entirefm.com/services/fire/derby","301_TO_HISTORIC","/services","Fallback to main services hub"
"/services/fire/leeds","https://www.entirefm.com/services/fire/leeds","301_TO_HISTORIC","/services","Fallback to main services hub"
"/services/fire/lincoln","https://www.entirefm.com/services/fire/lincoln","301_TO_HISTORIC","/services","Fallback to main services hub"
"/services/fire/london","https://www.entirefm.com/services/fire/london","301_TO_HISTORIC","/services","Fallback to main services hub"
"/services/fire/manchester","https://www.entirefm.com/services/fire/manchester","301_TO_HISTORIC","/services","Fallback to main services hub"
"/services/fire/nottingham","https://www.entirefm.com/services/fire/nottingham","301_TO_HISTORIC","/services","Fallback to main services hub"
"/services/fire/sheffield","https://www.entirefm.com/services/fire/sheffield","301_TO_HISTORIC","/services","Fallback to main services hub"
"/services/front-of-house","https://www.entirefm.com/services/front-of-house","301_TO_HISTORIC","/services","Fallback to main services hub"
"/services/fume-extraction-lev","https://www.entirefm.com/services/fume-extraction-lev","301_TO_HISTORIC","/services","Fallback to main services hub"
"/services/gas-safety","https://www.entirefm.com/services/gas-safety","301_TO_HISTORIC","/plumbing-gas","Semantic intent consolidation into protected historic page"
"/services/gas/birmingham","https://www.entirefm.com/services/gas/birmingham","301_TO_HISTORIC","/services","Fallback to main services hub"
"/services/gas/chesterfield","https://www.entirefm.com/services/gas/chesterfield","301_TO_HISTORIC","/services","Fallback to main services hub"
"/services/gas/derby","https://www.entirefm.com/services/gas/derby","301_TO_HISTORIC","/services","Fallback to main services hub"
"/services/gas/leeds","https://www.entirefm.com/services/gas/leeds","301_TO_HISTORIC","/services","Fallback to main services hub"
"/services/gas/lincoln","https://www.entirefm.com/services/gas/lincoln","301_TO_HISTORIC","/services","Fallback to main services hub"
"/services/gas/london","https://www.entirefm.com/services/gas/london","301_TO_HISTORIC","/services","Fallback to main services hub"
"/services/gas/manchester","https://www.entirefm.com/services/gas/manchester","301_TO_HISTORIC","/services","Fallback to main services hub"
"/services/gas/nottingham","https://www.entirefm.com/services/gas/nottingham","301_TO_HISTORIC","/services","Fallback to main services hub"
"/services/gas/sheffield","https://www.entirefm.com/services/gas/sheffield","301_TO_HISTORIC","/services","Fallback to main services hub"
"/services/general-maintenance","https://www.entirefm.com/services/general-maintenance","301_TO_HISTORIC","/building-maintenance","Semantic intent consolidation into protected historic page"
"/services/generator-maintenance","https://www.entirefm.com/services/generator-maintenance","301_TO_HISTORIC","/services","Fallback to main services hub"
"/services/grease-trap-maintenance","https://www.entirefm.com/services/grease-trap-maintenance","301_TO_HISTORIC","/services","Fallback to main services hub"
"/services/hard-fm","https://www.entirefm.com/services/hard-fm","301_TO_HISTORIC","/hard-services","Semantic intent consolidation into protected historic page"
"/services/hard-services","https://www.entirefm.com/services/hard-services","301_TO_HISTORIC","/hard-services","Consolidation of /services/* subpath to root historic URL"
"/services/hard-services-fm","https://www.entirefm.com/services/hard-services-fm","301_TO_HISTORIC","/services","Fallback to main services hub"
"/services/height-safety","https://www.entirefm.com/services/height-safety","301_TO_HISTORIC","/services","Fallback to main services hub"
"/services/hvac","https://www.entirefm.com/services/hvac","301_TO_HISTORIC","/hvac-contractor","Semantic intent consolidation into protected historic page"
"/services/hvac-compliance","https://www.entirefm.com/services/hvac-compliance","301_TO_HISTORIC","/services","Fallback to main services hub"
"/services/hvac/birmingham","https://www.entirefm.com/services/hvac/birmingham","301_TO_HISTORIC","/services","Fallback to main services hub"
"/services/hvac/chesterfield","https://www.entirefm.com/services/hvac/chesterfield","301_TO_HISTORIC","/services","Fallback to main services hub"
"/services/hvac/derby","https://www.entirefm.com/services/hvac/derby","301_TO_HISTORIC","/services","Fallback to main services hub"
"/services/hvac/leeds","https://www.entirefm.com/services/hvac/leeds","301_TO_HISTORIC","/services","Fallback to main services hub"
"/services/hvac/lincoln","https://www.entirefm.com/services/hvac/lincoln","301_TO_HISTORIC","/services","Fallback to main services hub"
"/services/hvac/london","https://www.entirefm.com/services/hvac/london","301_TO_HISTORIC","/services","Fallback to main services hub"
"/services/hvac/manchester","https://www.entirefm.com/services/hvac/manchester","301_TO_HISTORIC","/services","Fallback to main services hub"
"/services/hvac/nottingham","https://www.entirefm.com/services/hvac/nottingham","301_TO_HISTORIC","/services","Fallback to main services hub"
"/services/hvac/sheffield","https://www.entirefm.com/services/hvac/sheffield","301_TO_HISTORIC","/services","Fallback to main services hub"
"/services/indoor-air-quality-testing","https://www.entirefm.com/services/indoor-air-quality-testing","301_TO_HISTORIC","/services","Fallback to main services hub"
"/services/industrial-cleaning","https://www.entirefm.com/services/industrial-cleaning","301_TO_HISTORIC","/industrial-cleaning","Semantic intent consolidation into protected historic page"
"/services/industrial-refrigeration","https://www.entirefm.com/services/industrial-refrigeration","301_TO_HISTORIC","/services","Fallback to main services hub"
"/services/interceptor-maintenance","https://www.entirefm.com/services/interceptor-maintenance","301_TO_HISTORIC","/services","Fallback to main services hub"
"/services/leak-detection-repair","https://www.entirefm.com/services/leak-detection-repair","301_TO_HISTORIC","/services","Fallback to main services hub"
"/services/lifting-equipment","https://www.entirefm.com/services/lifting-equipment","301_TO_HISTORIC","/services","Fallback to main services hub"
"/services/lightning-protection-testing","https://www.entirefm.com/services/lightning-protection-testing","301_TO_HISTORIC","/services","Fallback to main services hub"
"/services/load-bank-testing","https://www.entirefm.com/services/load-bank-testing","301_TO_HISTORIC","/services","Fallback to main services hub"
"/services/loading-bay-safety-systems","https://www.entirefm.com/services/loading-bay-safety-systems","301_TO_HISTORIC","/services","Fallback to main services hub"
"/services/mansafe-testing","https://www.entirefm.com/services/mansafe-testing","301_TO_HISTORIC","/services","Fallback to main services hub"
"/services/me-services","https://www.entirefm.com/services/me-services","301_TO_HISTORIC","/mechanical-electrical","Semantic intent consolidation into protected historic page"
"/services/mewp-safety-checks","https://www.entirefm.com/services/mewp-safety-checks","301_TO_HISTORIC","/services","Fallback to main services hub"
"/services/out-of-hours-support","https://www.entirefm.com/services/out-of-hours-support","301_TO_HISTORIC","/24-7-fm-support","Semantic intent consolidation into protected historic page"
"/services/plant-room-risk-assessments","https://www.entirefm.com/services/plant-room-risk-assessments","301_TO_HISTORIC","/services","Fallback to main services hub"
"/services/plumbing","https://www.entirefm.com/services/plumbing","301_TO_HISTORIC","/plumbing-gas","Semantic intent consolidation into protected historic page"
"/services/power-quality-analysis","https://www.entirefm.com/services/power-quality-analysis","301_TO_HISTORIC","/services","Fallback to main services hub"
"/services/ppm","https://www.entirefm.com/services/ppm","301_TO_HISTORIC","/ppm","Semantic intent consolidation into protected historic page"
"/services/ppm/birmingham","https://www.entirefm.com/services/ppm/birmingham","301_TO_HISTORIC","/services","Fallback to main services hub"
"/services/ppm/chesterfield","https://www.entirefm.com/services/ppm/chesterfield","301_TO_HISTORIC","/services","Fallback to main services hub"
"/services/ppm/derby","https://www.entirefm.com/services/ppm/derby","301_TO_HISTORIC","/services","Fallback to main services hub"
"/services/ppm/leeds","https://www.entirefm.com/services/ppm/leeds","301_TO_HISTORIC","/services","Fallback to main services hub"
"/services/ppm/lincoln","https://www.entirefm.com/services/ppm/lincoln","301_TO_HISTORIC","/services","Fallback to main services hub"
"/services/ppm/london","https://www.entirefm.com/services/ppm/london","301_TO_HISTORIC","/services","Fallback to main services hub"
"/services/ppm/manchester","https://www.entirefm.com/services/ppm/manchester","301_TO_HISTORIC","/services","Fallback to main services hub"
"/services/ppm/nottingham","https://www.entirefm.com/services/ppm/nottingham","301_TO_HISTORIC","/services","Fallback to main services hub"
"/services/ppm/sheffield","https://www.entirefm.com/services/ppm/sheffield","301_TO_HISTORIC","/services","Fallback to main services hub"
"/services/pump-room-maintenance","https://www.entirefm.com/services/pump-room-maintenance","301_TO_HISTORIC","/services","Fallback to main services hub"
"/services/pump-station-servicing","https://www.entirefm.com/services/pump-station-servicing","301_TO_HISTORIC","/services","Fallback to main services hub"
"/services/rising-mains","https://www.entirefm.com/services/rising-mains","301_TO_HISTORIC","/services","Fallback to main services hub"
"/services/roller-shutter-maintenance","https://www.entirefm.com/services/roller-shutter-maintenance","301_TO_HISTORIC","/services","Fallback to main services hub"
"/services/roof-safety-inspections","https://www.entirefm.com/services/roof-safety-inspections","301_TO_HISTORIC","/services","Fallback to main services hub"
"/services/security-systems-healthcheck","https://www.entirefm.com/services/security-systems-healthcheck","301_TO_HISTORIC","/services","Fallback to main services hub"
"/services/smart-building-iot","https://www.entirefm.com/services/smart-building-iot","301_TO_HISTORIC","/services","Fallback to main services hub"
"/services/smoke-vent-systems","https://www.entirefm.com/services/smoke-vent-systems","301_TO_HISTORIC","/services","Fallback to main services hub"
"/services/soft-fm","https://www.entirefm.com/services/soft-fm","301_TO_HISTORIC","/soft-services","Semantic intent consolidation into protected historic page"
"/services/space-planning","https://www.entirefm.com/services/space-planning","301_TO_HISTORIC","/services","Fallback to main services hub"
"/services/sprinklers","https://www.entirefm.com/services/sprinklers","301_TO_HISTORIC","/services","Fallback to main services hub"
"/services/staircase-pressurisation","https://www.entirefm.com/services/staircase-pressurisation","301_TO_HISTORIC","/services","Fallback to main services hub"
"/services/sustainability-monitoring","https://www.entirefm.com/services/sustainability-monitoring","301_TO_HISTORIC","/services","Fallback to main services hub"
"/services/thermal-imaging-surveys","https://www.entirefm.com/services/thermal-imaging-surveys","301_TO_HISTORIC","/services","Fallback to main services hub"
"/services/total-facilities-management","https://www.entirefm.com/services/total-facilities-management","301_TO_HISTORIC","/commercial-facilities-management","Semantic intent consolidation into protected historic page"
"/services/ups-maintenance","https://www.entirefm.com/services/ups-maintenance","301_TO_HISTORIC","/services","Fallback to main services hub"
"/services/waste-compliance","https://www.entirefm.com/services/waste-compliance","301_TO_HISTORIC","/services","Fallback to main services hub"
"/services/water-hygiene","https://www.entirefm.com/services/water-hygiene","301_TO_HISTORIC","/water-treatment-chlorination","Semantic intent consolidation into protected historic page"
"/services/water-optimisation","https://www.entirefm.com/services/water-optimisation","301_TO_HISTORIC","/services","Fallback to main services hub"
"/services/water-treatment-plant-maintenance","https://www.entirefm.com/services/water-treatment-plant-maintenance","301_TO_HISTORIC","/services","Fallback to main services hub"
"/services/water/birmingham","https://www.entirefm.com/services/water/birmingham","301_TO_HISTORIC","/services","Fallback to main services hub"
"/services/water/chesterfield","https://www.entirefm.com/services/water/chesterfield","301_TO_HISTORIC","/services","Fallback to main services hub"
"/services/water/derby","https://www.entirefm.com/services/water/derby","301_TO_HISTORIC","/services","Fallback to main services hub"
"/services/water/leeds","https://www.entirefm.com/services/water/leeds","301_TO_HISTORIC","/services","Fallback to main services hub"
"/services/water/lincoln","https://www.entirefm.com/services/water/lincoln","301_TO_HISTORIC","/services","Fallback to main services hub"
"/services/water/london","https://www.entirefm.com/services/water/london","301_TO_HISTORIC","/services","Fallback to main services hub"
"/services/water/manchester","https://www.entirefm.com/services/water/manchester","301_TO_HISTORIC","/services","Fallback to main services hub"
"/services/water/nottingham","https://www.entirefm.com/services/water/nottingham","301_TO_HISTORIC","/services","Fallback to main services hub"
"/services/water/sheffield","https://www.entirefm.com/services/water/sheffield","301_TO_HISTORIC","/services","Fallback to main services hub"
"/sitemap","https://www.entirefm.com/sitemap","301_TO_HISTORIC","/sitemap.xml","Semantic intent consolidation into protected historic page"
"/social-value","https://www.entirefm.com/social-value","301_TO_HISTORIC","/","General legacy redirect to homepage"
"/soft-services/concierge","https://www.entirefm.com/soft-services/concierge","301_TO_HISTORIC","/","General legacy redirect to homepage"
"/soft-services/grounds-maintenance","https://www.entirefm.com/soft-services/grounds-maintenance","301_TO_HISTORIC","/","General legacy redirect to homepage"
"/soft-services/specialist-cleaning","https://www.entirefm.com/soft-services/specialist-cleaning","301_TO_HISTORIC","/","General legacy redirect to homepage"
"/soft-services/waste-recycling","https://www.entirefm.com/soft-services/waste-recycling","301_TO_HISTORIC","/","General legacy redirect to homepage"
"/suppliers","https://www.entirefm.com/suppliers","301_TO_HISTORIC","/fm-supply-form","Semantic intent consolidation into protected historic page"
"/sustainability","https://www.entirefm.com/sustainability","301_TO_HISTORIC","/","General legacy redirect to homepage"
"/technology","https://www.entirefm.com/technology","301_TO_HISTORIC","/","General legacy redirect to homepage"
"/terms","https://www.entirefm.com/terms","301_TO_HISTORIC","/terms-and-conditions","Semantic intent consolidation into protected historic page"
"/tools/compliance-calendar","https://www.entirefm.com/tools/compliance-calendar","301_TO_HISTORIC","/","Consolidation of legacy programmatic experiment to homepage"
"/tools/compliance-checker","https://www.entirefm.com/tools/compliance-checker","301_TO_HISTORIC","/","Consolidation of legacy programmatic experiment to homepage"
"/tools/cost-savings-calculator","https://www.entirefm.com/tools/cost-savings-calculator","301_TO_HISTORIC","/","Consolidation of legacy programmatic experiment to homepage"
"/tools/fm-health-check","https://www.entirefm.com/tools/fm-health-check","301_TO_HISTORIC","/","Consolidation of legacy programmatic experiment to homepage"
"/tools/fm-roi-calculator","https://www.entirefm.com/tools/fm-roi-calculator","301_TO_HISTORIC","/","Consolidation of legacy programmatic experiment to homepage"
"/tools/ppm-calculator","https://www.entirefm.com/tools/ppm-calculator","301_TO_HISTORIC","/","Consolidation of legacy programmatic experiment to homepage"
"/tools/ppm-estimator","https://www.entirefm.com/tools/ppm-estimator","301_TO_HISTORIC","/","Consolidation of legacy programmatic experiment to homepage"
"/tools/ppm-schedule-builder","https://www.entirefm.com/tools/ppm-schedule-builder","301_TO_HISTORIC","/","Consolidation of legacy programmatic experiment to homepage"
"/tools/risk-diagnostic","https://www.entirefm.com/tools/risk-diagnostic","301_TO_HISTORIC","/","Consolidation of legacy programmatic experiment to homepage"
"/tools/sla-benchmark","https://www.entirefm.com/tools/sla-benchmark","301_TO_HISTORIC","/","Consolidation of legacy programmatic experiment to homepage"
"/tools/tender-brief","https://www.entirefm.com/tools/tender-brief","301_TO_HISTORIC","/","Consolidation of legacy programmatic experiment to homepage"
"/tools/tm44-checker","https://www.entirefm.com/tools/tm44-checker","301_TO_HISTORIC","/","Consolidation of legacy programmatic experiment to homepage"
"/tools/water-risk-grader","https://www.entirefm.com/tools/water-risk-grader","301_TO_HISTORIC","/","Consolidation of legacy programmatic experiment to homepage"
"/visual-standards","https://www.entirefm.com/visual-standards","301_TO_HISTORIC","/","General legacy redirect to homepage"
"/warehouse-facilities-management","https://www.entirefm.com/warehouse-facilities-management","KEEP_200","/warehouse-facilities-management","Path matches registered 200 route"
"/why-entirefm","https://www.entirefm.com/why-entirefm","301_TO_HISTORIC","/","General legacy redirect to homepage"
"/why-switch","https://www.entirefm.com/why-switch","301_TO_HISTORIC","/","General legacy redirect to homepage"